card1_target_enc,V201,V200,V189,C4,C8,V188,C10,id_17,C12,C7,V171,V259,V170,V245,card3,M4,V222,R_emaildomain,id_28,id_29,id_35,id_37,id_38,id_06,id_12,card1_dist2_mean,ProductCD,addr1_target_enc,id_10,V221,id_19,M6,D5,id_04,id_15,id_16,card1_TransactionAmt_mean,id_01,id_13,card1+addr1_dist2_mean,id_02,id_09,D3,id_03,card1+addr1_TransactionAmt_mean,addr1,V261,D2,D10,V262,card6,id_20,D11,DeviceType,C2,D15,D1,id_05,V195,V52,card1_dist1_mean,V198,V194,DeviceInfo,C1,V156,card1+addr1_dist1_mean,V283,V149,V251,id_31,V317,M3,M1,M2,V197,V256,V40,V260,V154,V155,V250,V255,V148,C5,V282,V294,C11,V153,V308,V158,V280,devinfo_hash_bucket,V126,M9,M8,V97,D9,V303,V128,V95,V157,V67,log_TransactionAmt,TransactionAmt,V43,D4,V306,V140,C6,V81,card1+addr1_dist2_sum,V62,V304,dist1,P_emaildomain,V139,V279,card1_amount_delta,P_emaildomain_dist2_mean,C13,P_emaildomain_TransactionAmt_mean,V83,V307,dist2,V61,V60,V292,V66,TransactionDT_hour,card1+addr1_dist1_count,card1+addr1_TransactionAmt_count,card1+addr1_dist2_count,V82,card1,time_since_last_transaction,C9,V85,P_emaildomain_dist2_sum,card1_dist2_sum,V130,V291,V315,V64,card1+addr1_TransactionAmt_sum,V312,V54,card1_dist1_sum,card2,card1+addr1_dist1_sum,V127,V289,P_emaildomain_TransactionAmt_count,P_emaildomain_dist2_count,P_emaildomain_dist1_count,P_emaildomain_dist1_sum,V313,P_emaildomain_TransactionAmt_sum,V314,V13,V96,card5,card1_TransactionAmt_count,card1_dist2_count,card1_dist1_count,V287,V131,C14,V76,P_emaildomain_dist1_mean,card1_TransactionAmt_sum,cumulative_spend,card1_amount_ratio,V19,V288,V310,V20,V30,V26,id_14,tx_count_last_3600s,V70,V91,V100,id_34,V99,V11,id_32,V49,D8,V36
0.02950527790178674,-0.0023101397680284712,-8.016911303779325e-05,-0.0012448761061724207,0.0022462892573699867,-0.005678309340800377,0.0,0.004761730322796736,0.004917687755835683,-0.00411173940700042,0.0003589903282111975,0.00023793729515254557,0.0,0.00047256007750942955,-0.00044182230238519915,0.0009435872998162479,0.004957931023062617,-4.496071458708488e-06,0.010935037205535608,4.5261367977500487e-05,0.0,-7.864303583731866e-06,9.226992446987556e-05,-0.0018709993312300735,-0.0022632657380718445,1.1617646922329792e-05,-0.006071269761619233,-0.009955250627238996,0.007381233743913488,0.0,0.0,0.002100986888946774,-0.009544003155968685,-0.0005737171448825256,-0.0010792376441067658,0.002673491514664183,-0.0005924065683938333,-0.013275619190181574,-0.0003979968428443588,0.003584934294425494,-0.004232558659415824,0.02164716430895716,0.0012022595990964962,0.014608760372562632,0.0025363408989125,0.0021184310295891814,0.0022523543837937436,-0.0016704903759501915,-0.0010093921714851243,0.004641396603764281,2.6894844679218264e-05,-0.004233503238432037,-2.0528005412605318e-05,0.003145499530368075,-0.001060092319653878,-0.019807234605577664,0.011389590137487297,0.016361352350988546,-0.0018107419603245595,0.0,-1.4503711264295472e-05,0.00012103281286424033,0.0,0.0,0.008521108654058198,-0.02290513709201308,0.0004078287510362729,0.003780379441109957,-0.0008815615901147964,0.00029922130803415977,7.644995118040253e-05,0.015642391914882803,-0.0030048417961610874,0.001089173281122095,-3.0841828078037095e-05,-0.00024063209682174573,0.0,0.0,0.000784181865413082,1.6361775437806205e-05,0.0,0.00047868858923245895,0.0,0.0,0.00019464705511710898,0.008902862276520918,-0.00013630461941657415,0.00018740396139438814,-0.01716180856828999,0.0,-0.013936880113206146,0.0003538365054571694,0.00012070232390647373,0.0013471856094956459,-0.004075982801169758,0.00158588122047923,0.0023248701211737973,-0.0002759888984059825,9.731572278813051e-06,0.001606310613450162,-0.0005856780310062468,-0.0006448561748494571,0.0003352602628630351,0.0006227344158862794,-0.032380090583936184,-0.006608663186675063,0.001469800062465177,0.01180906896497734,0.0006667576085969179,-0.00012032840427767722,-0.008438058603468284,-0.0006571051830341885,-0.0115067869151635,0.00011228909156726479,-1.475841444549601e-05,0.005899461524818244,0.0013733894843032963,0.0003567419105849199,0.0007046491514598756,-0.0006854247594002932,0.011331930663056272,0.046635817264216645,0.004961772383632129,0.0018573988496812484,0.0008635293767236373,0.0011082801267097736,-0.00014527485509348355,-0.001966472558917996,0.001006626340251935,0.000260518048794989,0.003032369255725462,0.005345181307527241,-0.00017399899976428644,0.0004935694019620897,-0.0006991644617414688,0.0047931888415288105,0.0016622401824161464,-0.0056326000709482115,7.205338893667652e-05,-0.0021213915050449683,0.0013234337161586354,0.0013665387618716773,0.0008730731468918178,-0.0005710826939944972,-0.003953943327173418,0.0005925848584292536,-0.003418416830612132,-0.005931126610142712,-0.0067763051440911885,-0.016585350917069593,0.003754784772319402,-0.0015615444717635625,-3.127610546187971e-05,-0.0063196665870377455,-0.0011260975878237315,0.000775420348446692,0.03625417646929516,-0.0008950870915206317,0.005326078744862256,-0.00274504801256076,-0.00019837914026337174,-0.0008925493438746141,-0.0016620719023687119,0.009931764038720165,0.001259501918685147,-0.002737711687382032,-0.00013061157661094203,-0.002058549768768408,-0.016508853402604478,0.0003858864546889617,0.011991692926528914,0.003973015232721944,0.003488726006951562,0.0008687580897502545,-5.9351118095260616e-05,0.0002741311575118101,0.004392332196320882,-0.00039545901704692905,0.0001713165463641876,0.0004983333933367586,-0.002975570559263422,-0.00653157538885789,0.008704393434193668,0.007839497845416288,4.396105816473178e-06,0.0019791331176224765,0.00032041464979372733,0.0006494678419215976,0.00016567591682366538,0.008447138284327204,0.001325469085962541,0.0011706519139014237
-0.04068583093192868,-0.001344884582548847,-0.00025248534560299516,-0.0009564455743908873,0.0006434604570661835,-0.007165435575735897,0.0,0.0001608871216609275,0.0011458153364734384,-0.001082367407239861,8.355292932168131e-05,4.9263155524554355e-05,0.0,0.00019172334646087654,-0.0001213555116253801,-0.006722946206911313,-0.0011398667784790436,3.0493070316668334e-06,0.0009757639164898692,7.313450597828458e-06,-3.4416937178365644e-05,-1.6723210240705198e-05,0.00028834310849992664,-0.0013519552208473991,-0.0008871131219327373,4.57932189230313e-07,0.0017763840083851593,0.0010845943886052317,-0.0007751868371354167,0.0,1.1431236441002939e-05,-0.0006114933825592977,-0.002628731234629625,-0.0002988385595687805,-0.0003727684978506896,0.0007439788800121681,-0.0002347721026888712,-0.006464064865113658,-0.0038180054390199196,0.0014016118775893366,-0.0006641246334327783,-0.0011730344348124544,0.00034930711894684443,0.003315459666230877,5.447723293487157e-05,-0.0013900349539078417,-0.00020488556223622928,-0.0006231919836582361,-0.0020823969765987227,0.0007510332158733622,3.503451204031487e-06,-0.0016827987006939554,-0.0026318209294597167,0.00035528549994313734,0.002042405967043395,-0.004265003301746785,-0.0006414277971119086,0.0035165244751804415,-0.0006149754323946844,0.0,0.0011741099982540617,-0.0004910431331660193,0.0,0.0,-0.010477586107451206,-0.006032719857559015,3.9548522822423126e-05,0.0007190494365313116,0.0003743926902591124,4.3666026124997414e-05,2.2159638986715505e-05,0.005050883900064941,0.0001394289423767835,-0.0006669407095693926,-1.1488814701278639e-05,-7.547167647936479e-05,0.0,0.0,-1.7371953391960285e-05,1.183833186714004e-05,0.0,0.00011000988702371812,0.0,0.0,4.5229837935788454e-05,0.0026334620071297725,7.995275169460612e-05,6.3959802801561e-05,-0.004376762155880228,0.0,0.0013019737719845935,-1.8410368484940482e-05,2.0772751380580165e-05,0.000427449263332108,-0.0005799105099359271,0.0007348445012605541,0.00037369408294895846,-0.000142627590746147,-1.4341802542593888e-05,0.0008430635763206655,-0.00019155118776489004,-0.0003044083636986949,3.558005899839644e-05,0.0005273172257935803,-0.0042249631490163635,-0.0006092030259397772,0.0005119645663630986,3.669012480025616e-05,0.0004118144891616573,-2.1270996456054454e-05,-0.0022272030587112616,-0.00013420734517422382,0.0008571474099007242,0.0003536300426548701,-9.100141963962367e-07,0.0012808067916623897,0.003334261408363636,7.627784985210339e-05,0.00021888499629512827,0.00231146992189654,-0.003159990425152847,0.013429192988641061,-0.003736253329590348,0.0005790455439575421,0.001623853014732369,0.00032342944118055105,6.888415343729823e-05,-0.0009040231179842899,0.0004792813661264298,6.79544151860642e-05,0.0013569756202431442,-0.0008523536399039597,-0.00028422333085026825,-5.3632843787315305e-05,-0.0003525883189714062,0.0011317936219882297,-0.0004593426862186094,-0.0018473049135354785,3.476239701390308e-05,-0.0068619536039503685,-0.008033542724014874,0.0002946434824006068,0.0004678284847451525,7.594811579662912e-05,-0.006918293051812819,-0.00033686773595363416,-0.00010378475740243143,-0.0031593271442925956,-0.011727706573309436,0.005101879446167243,0.0006774926411123119,-0.0002372371709444723,1.6881201785666916e-06,-0.007694384814311153,-0.0003861695665233699,-0.00012950563518365248,-0.010302834539317194,-0.0005172844686543739,-0.0006525409887302985,-0.0007296666371128706,0.0002221190989174948,-0.00015736954992877174,0.0009254191295606004,-0.0033094731564601186,-0.00015573375625992789,3.579973644815514e-05,-7.066324767854998e-06,-0.0005167695737641135,-0.012073010955310501,-0.0005604715472449346,-0.01678326435464255,-0.0033420303158947047,-0.002886661213285981,-0.037157860730640674,-8.394845250161851e-05,0.0002037805932546467,0.0007953931278700138,-0.00011403905707032768,5.733131399214761e-05,8.631953559076226e-05,0.00023903699635278758,0.0006629319840403082,0.0015709053812104756,0.0016181027975744825,1.430952609617755e-06,0.0004797568685697006,0.0001283542847502922,6.205705402851543e-05,-0.0011320297019816795,0.000601253501382325,-0.0007635747388603404,-2.9876191440164625e-06
0.07689103784566924,-0.0016203717322107397,-5.9923308680272805e-05,-0.0007028968623131873,0.023152546845535374,-0.007657489334532403,0.0,0.0012510495447409248,0.006804074914665972,-0.007532206252717474,0.00030798972401721906,0.0003078420868846509,0.0,0.000882770540627288,-0.00032704045907680756,0.0013939163061503822,0.005995914998123524,5.8633247987992e-05,0.004394290611945736,-7.607899727298895e-05,4.601560697956124e-05,-0.0001798020383425332,0.00015654733275199687,-0.0016107411249244674,-0.006731461376352721,2.6565237094211925e-06,-0.001026550473793485,0.04417200862855712,0.014317601609575625,0.0,2.393004375557993e-05,0.0013693006013134,0.004980449026681204,0.0010668832242191346,0.013147414266837153,-0.014768728491948137,0.002833997274489091,-0.016380137711827846,-0.0017091044508561622,0.005050752818886721,0.0046873633354942625,0.011701201240451667,0.0027092653042841853,0.028902819618861084,0.0234861901887639,-0.021473091834655716,0.003594864245764676,-0.0012304353916948025,0.00047018515166792624,0.004478965177693159,0.0,-0.005827328961834122,0.014549376254853853,0.0053366421092434545,-0.0007587935128325529,-0.014331985330570602,0.0007322859153306781,0.024024286077931497,0.005562626220432838,0.0,-0.002111254126117177,0.005471965661677869,0.0,0.0,-0.005228155502163913,-0.025368134490747422,0.001069431777982003,0.0016405194452325405,0.0013393934217109666,0.0012522865064656366,0.00018573252440192735,0.017957207899466067,0.0037510706418943714,-0.0010728335538156717,-5.99415510836533e-05,-0.0005123765341217099,0.0,0.0,0.001594432338108271,7.261751433412233e-05,0.00010373592414299284,0.00039513767206549304,0.0,0.0,0.0004902398983543214,0.04239089176940327,0.0007255076195556735,0.0006663900177097827,-0.016880100630095304,0.0,-0.002433025428783982,0.0004021910198501028,8.745664732338875e-05,0.0017053058057439916,-0.0005986448144066822,0.001926924890200505,0.0023824156120977108,-0.00012747083565331933,0.002383345010839964,0.0004885715618267533,-0.00014604551837967442,-0.00012478679756833984,0.00021223060030646504,0.0001406657190497465,0.01694610633431437,0.000383245709791381,0.0005494940690401069,0.0007118164111040571,0.0012833131460162402,-8.387325464327827e-05,-0.006619936186667079,-0.00161579421239358,0.0008414765052346112,0.0013015523318147038,-2.5025485302345967e-07,0.007119132437412638,0.003993207717332425,0.0004745028884783967,0.0006702039363144177,0.006187916369726227,-0.027618156433761337,0.08953339149844672,-0.009452740945602875,0.0026680891392831447,0.008153192214597212,0.0004922669714894484,0.0002408381454400846,-0.002610547047523524,0.0014026848781996286,0.00018176965231776982,0.008937111209498094,-0.0006150887782529484,1.7727969626505833e-06,-0.00022697693923663824,-0.00101970170976902,0.028307149797077755,-0.001281159104207011,-0.007245875575816828,0.004158365170606677,0.01411798208039308,-0.0012244239370851847,0.002327634505149077,0.0018206744336826677,0.00047981062727958624,-0.010273869366898036,-0.0022709533179877204,-0.0008899484952866418,-0.009153286914743361,-0.01031104420604757,-0.015562266263415942,-0.004036852285145778,-0.00020794402637111417,-6.972675722616938e-05,-0.01912982137000154,-0.010599490269208072,-0.00323447498672961,-0.04886877227989477,-0.001203387585441716,-0.0035428740121046633,-0.0010593320521716152,8.085037357631703e-05,-0.0006414640601421832,0.002086821862825009,-0.0034215673950290354,-0.0005309709680134192,0.00014546083820940117,-8.684454143968898e-06,-0.0021162742409221984,0.2060124052355937,-0.0019909079690655883,-0.014001015312878687,-0.01845342784057145,-0.006908469293730707,-0.09881235671376394,4.117256247774053e-05,0.0011700661180313729,0.003657291393665964,-0.0005750671847657702,0.0004363363884200935,0.000597166114429579,0.0012457642985223534,0.001244794318670991,0.01326851738208707,0.011758959051422442,1.765008994024106e-05,0.0007142054982466564,0.00029717653671244344,-8.336891163215786e-05,3.4438070421497326e-05,0.009801246350979516,0.07988213768455699,0.0002223100373273491
0.16704872080628003,0.0784286439929804,0.0070991273083874885,0.07702210948955428,0.018556394029174736,-0.0031303852193705524,9.997061149571895e-05,-0.0002482203241480597,0.006301657640132688,-0.005148520868412736,0.0003944171507557857,-0.0004790482592599751,-0.00011758620905933923,0.00013484418480433176,0.054461490663063244,0.0019976877921088127,0.0018742294152705049,-0.00029361200272012123,0.005752457084905167,7.521961860336123e-05,3.951354748350171e-05,-2.5422837933237707e-05,7.927547807872949e-05,-0.0006959722711800443,-0.0020728227411500326,1.3932454724715254e-05,-0.017637304569895543,0.018820683647960197,0.011832363981915926,0.0,-0.00013605705726422887,0.021935650483475663,0.0034434838741706753,0.004210360207322852,0.013192724424711968,-0.014101568064169116,0.007649821975491026,-0.019416480829443163,-0.003262644144345055,0.005041840075177499,-0.0073149581413592315,0.021990448937647303,0.0027595154227883206,0.021127980727076032,0.03356461351343055,-0.001911647217442923,0.0007093659773130445,-0.0015202474146069,-0.0014969628804455634,0.004447550970223197,4.176686161317605e-05,-0.002282593197363007,0.005169875943594966,0.00614058125242673,-0.00026281168411433165,0.036117217279336755,0.007964642657164374,0.01189351424539231,0.004338187439033487,0.0,-0.002530327597541313,6.990161592553873e-05,0.0,0.0,-0.002359380857804877,-0.02673159648025388,0.0005342434426297661,0.0004461866210327342,-7.673710046168549e-06,0.0007818124165655786,0.00017583551509108648,0.013239461081612136,0.0006771254762908917,0.0008174466545867675,-0.00012134623139942981,-0.00025795120520349837,0.0,0.0,0.001498602533351146,6.439148023896111e-05,0.0,0.0011599339307622868,0.0,0.0,0.0002871286738759519,0.010498230082973008,0.0005415735649600276,0.0005964069622922768,-0.026059742601338375,0.0,0.0007078227271896803,0.0003914113422696213,9.431416455685238e-05,0.00138592267802764,-0.0005258550160908862,0.0010483133167034835,0.0029892823252672964,-0.0026217942065480835,0.0011156202687145167,0.0005626553997236721,-0.0014974915651518434,-0.0002613612913841509,0.00017371138601224786,0.0009632076283490925,0.017962264175750878,0.0016694625805779237,0.0006608010743548606,0.014899329053976456,0.0031064532846039826,-6.47747775669562e-05,-0.009489152719005085,-0.0003345971232918547,-0.012824707077283188,0.0009111214740658868,-8.142661847581222e-06,0.007228971342492203,0.002201235985853431,0.00042826918828295526,0.0009211320960253667,0.012114397978242139,-0.024058187236615725,0.0641252598197502,-0.021129688055446846,0.003753602741259689,0.0003996350933515911,0.000707322940393597,-5.597836490853833e-05,-0.002207537734610862,0.0007477422071952592,0.00018245162640084678,-0.004411792345182677,0.006018159636572088,-0.0008643398120639652,0.0006858984039707216,-0.0011636158255595064,0.005469153868899262,-0.008338985776892897,-0.0036567575448371564,0.00021500215519348287,0.005031273407935105,-0.05239378205457667,0.0016883219361645242,0.0013389652937036663,0.0003029642847033621,-0.007247748991210445,-0.0064292810814155985,-0.004142380409963458,-0.010837715728479585,0.011182730007708797,0.0022436167785504528,-0.007982146044150353,-0.002018416540457115,-4.714164118487328e-05,-0.009532242436262545,-0.008096801121717224,-0.0014177609050451958,-0.04849179097088239,-0.00162212271553237,-0.005958222201365577,0.0006272924729498424,-0.0006630945749631903,-0.0002704463826110197,-0.004015274628138641,0.002401632199143153,0.0004593591718611037,-0.0002674391818931712,-0.00011422850260388577,-0.001979969850431122,-0.00193752000335676,0.0005353308874023995,-0.05525654920839077,0.006268726697968947,0.000966905379551182,0.01797407411474738,5.6457994339293024e-05,0.0005555486123269147,0.0030376384696204476,-0.00022742109181037802,0.0026444937012087538,0.0005685172233105919,0.003376887320127579,-0.005996398228527913,0.03591954296994465,0.006614340685473575,1.852738571409402e-05,0.0009773668597879061,0.0002524600222228751,0.000220087898920326,0.0008261819123300307,0.00830706781254377,0.05951600292393388,0.00043055546134755434
-0.008935541185006786,-0.0017665706113310358,-6.538623298977107e-05,-0.001162694866187273,-0.0016563307830205895,-0.0017894278897210526,0.0,1.3168298777914717e-05,-0.006271444842775817,0.00011489700224062246,-9.450796100608774e-05,8.304013342496856e-05,-7.937783288588936e-05,0.00012834494173660272,-0.0004511083402553819,-1.2360783077578893e-05,-0.003875419096132084,-5.01976624517278e-07,-0.0011840365746796045,6.009147888352251e-06,0.0,9.508173850438236e-05,7.652486920919644e-05,0.00039925416126108634,-0.0010001899127652233,5.994776941029862e-06,0.002738828167904467,0.0030379754232020863,-0.006116386211759498,0.0,0.0,0.00010747472728413325,-0.004113979824841823,-6.995628264072883e-05,-0.00016626428922610984,0.001366049133357101,-0.00010357530291105547,0.002930774385760475,0.0005318946659352622,0.0023796005204794867,5.554909018126264e-05,-0.0016297125380537669,0.00030087715405886057,0.0037941545789983346,0.0004948933635673687,0.00013231774700558853,0.0004918637331939423,-0.0008023990234643509,-0.0017841633085207678,-0.0015397833930759193,1.65990337092174e-06,-0.000708494197591139,-0.014819570473715434,0.0010733930762092036,0.0007985368288472888,-0.005443396974298021,0.0040698044557665874,0.002850477188347703,0.0011705736620072473,0.0,3.4042047847639415e-05,-0.0028214782826007996,0.0,0.0,0.00023766354525315336,-0.005229551582159414,-0.006365377936697152,-0.00399356246516965,-0.0009730598696350806,-0.004890661405729941,1.1148063817919569e-05,0.00023960345647924347,-0.0034674428726205776,0.0005702393886250721,-5.6561463955272185e-06,-8.7449021816429e-05,0.0,0.0,-0.0002794070547474512,1.3164925273473093e-05,-0.00013255147786936668,-0.01216135513361103,0.0,0.0,-0.0035629841768621386,0.00419943243834563,-3.392882542723544e-05,-0.00036727102268920605,-0.007028239642875446,0.0,-0.0033228796239231167,0.00012640657001086682,2.655550808894451e-05,0.0003500915465055324,-0.0017974418864025868,4.098440342571934e-05,0.0005232208815143816,-0.00023044795412324008,0.00048387391140690265,6.597615704288642e-05,-0.00040972160580447054,-0.0004344974632701873,0.00010599303456376708,0.0003739141598224656,-0.028235387410299403,-0.006159214713870234,-0.00024028484723456376,0.001526948823169528,7.661420285527607e-06,-4.041639104885081e-05,-0.004680773438386152,-0.00032845408892564804,-0.003856167278019138,0.0009898928480557088,9.149454678005441e-07,0.0028865680492646444,0.004647312491060662,0.00013057662657157973,5.3069092123468226e-05,0.000512034544281417,0.0014135245876282304,0.011425609877803278,0.0003348891164985204,0.0006914709198928182,-0.00059870606820069,1.6365837673546115e-05,-0.0001678028937371159,0.00028808354867613335,0.0006226583592381669,0.00011587194630709245,0.006565009831422227,-4.542634420761632e-05,-0.00037180718136722244,1.286823689495025e-05,-0.0005006919914668872,-0.0016776139597297838,-0.005424687720380883,-0.002689917577761061,-3.7376834376116854e-06,-0.00046419978130604194,-0.00924011586310898,0.0006978562487503484,0.000680503960546708,-0.00041139715101628393,0.000514946485160944,0.0013100535735455082,-0.0009689000019781923,0.0009327085114422634,0.00578167805229281,0.0008997605911903846,-0.01681835860908503,-0.0004279218595639228,-9.051796672611739e-06,0.0019979027887483355,0.0017988844789102757,-0.00012152148394987456,-0.004337960206058456,-0.0016451803761500122,-0.0010159757306307377,-0.001796672396513394,-0.0004793107297478234,-0.00011157688963115136,0.00020982996527295247,-0.0039082807658988175,6.308670570683363e-05,-0.0001338206994973325,-5.177842530695916e-05,-0.0009833940097197019,-0.012950692784029848,-0.0002825450647971164,-0.006182930952709747,-0.010704128611239438,-0.00048803682492329814,0.00439125419377655,-0.0003799868890755842,0.0001815263542763105,-1.2707216768701397e-05,-0.00010682482169069464,0.00012362049715184284,0.0002869796772025173,-0.003160798986037098,-0.02078225280257419,0.0011318136080947707,0.00036286157144346375,2.1650209592108756e-06,0.0006110861873715873,0.00013455653852917455,2.45672988420442e-05,-0.00033351337861229854,3.795892871169146e-05,0.00011794822579053371,9.812763978202332e-06
0.11965438163403584,0.007659936098906606,-0.003697381669865448,-0.0006299181164452697,0.001983544593151058,-0.009817270925932344,0.0,0.0038810871611300417,0.0024198841037323124,-0.0038763973059264723,-7.191319092143405e-05,0.00036060972579980504,-0.00042457661769068107,0.0004367675205360886,-0.0004696907913855844,0.0004728070798574354,0.004778404798453927,-1.8226569443982827e-05,0.003420167921347345,0.00113545087508816,3.100014227763136e-05,0.0005659583644842738,5.9792232037367035e-05,0.0003328974734074919,-0.0005053274809110511,2.77382793355119e-06,-0.004252651308246544,-0.007646929730780925,-0.00018715966024849013,0.0,1.8781957502197208e-05,0.002395679900658714,0.0009338126297826216,-0.0007144156317661693,0.0030162493767218286,-0.006057885317282142,0.001498625628082615,-0.005933002639811935,0.0006554661818343738,0.004592327326137854,-0.0030282557899318344,0.003745209656739966,-0.0007680232996651162,-0.0052734960680581545,-0.008845857862174056,0.0017317885177023425,0.0012624397005263652,-0.0008684186487318032,-0.0007872464590350488,0.003468999639416027,-3.280015530794212e-05,0.002092448995018873,-0.03515823751537454,0.0028636972202788114,-0.003013411185343777,0.0028414017148254483,-0.002859305926042765,-0.014768338433879232,0.004705877097724064,0.0,-0.00026811308747790643,0.002033861001144545,0.0,0.0,-1.6253085745443137e-05,0.01389762483440448,0.00015797908047018492,0.001453258314706366,-0.0007002197578993888,0.00027863918016596696,-0.0007226240956438004,0.03811842721128993,-0.0043536634550834915,0.0004994469431376453,-8.640701414557328e-06,-0.000156294686535881,0.0,0.0,0.0012784985945739735,2.6293081642887072e-05,0.0,0.00017080667348697712,0.0,0.0,5.115732416249211e-05,0.005714001406480053,7.870431248867634e-05,-0.000586517048508576,0.03576132962184941,0.0,-0.0036084488244534363,0.00010945369891966749,7.553332592886067e-05,-0.00138431942461093,-0.001225864276756518,0.00137500977262604,0.001034440450271565,-0.0031896307748199657,0.0007680132303796164,0.0002981963908354068,-0.0007215168243007608,-0.0003360056412501495,7.519400699992494e-05,0.00018738224354805647,-0.014148844348499095,-0.0017209991331156315,-8.864023124486861e-05,-0.013284228145291259,0.00036891917193396305,-2.5722254113083764e-05,-0.006596938195162988,-0.0008845671819255007,-0.005366916191764614,-0.0011438439913670903,-0.0007254260717843241,0.003440280498126219,0.0018538236444988131,0.00019411386603357248,0.00013138322252727663,-0.004360848597429385,-0.011151537775823206,-0.06330391665389373,-0.04877567285598384,0.0012802487717764677,-0.0053823954874122025,-0.0019695363092175427,-0.00021724164453579685,0.0007702942749023696,0.00028085153016658054,-0.0012646248203085119,0.004231607726360031,0.004486936603219413,-0.0002173121185884605,0.00015043419431435927,-0.0005166976272155492,0.00623164755210619,0.005991434315231965,-0.0015746887900545267,0.00016362473231097064,-0.014493057476890902,-0.001079948308014684,0.0015393968882068984,-0.007331330723295722,0.00028152780261012333,0.0013721156315939168,0.0042850000541074995,-0.0027289677987554334,-0.005865301782480396,0.006882959448497448,0.000846190207841859,0.002268709628149723,-0.005055167891233353,-0.00012569481381386927,-0.004864781045658477,-0.004589832598661702,-0.0007122535990659641,-0.028257030827229097,-1.230691956201466e-05,-0.002863651637695461,0.00042999638074822525,0.0001629710707893653,-0.00120589179350613,-0.002013675794375083,0.007959787273385257,-0.0003152790045139564,-0.0002995168886390056,-0.00010649443030423761,-0.0003823620958674369,-0.026810368500091473,-1.29359960659575e-05,-0.014714850856311482,0.0026117765004733855,0.001953961502481187,0.002800457456739968,0.00020874746939307423,0.00022386388779970453,-0.0005980578087579811,-0.00011399104916188673,0.0011578374319969854,0.0002604259196085871,-0.013120155110380081,-0.009492533912889983,0.015700274824446553,0.0023661832022610473,8.566138594755857e-07,0.0004419574465744506,0.0001614013423819716,0.00014118487354794604,0.0008751391353355232,0.0030528151917480362,-0.008969021889961813,0.0005017840845199722
0.040495232379486185,-0.0021581384952155448,-7.676456627682011e-05,-0.0013610633730619184,-0.002727561731666405,0.004626301405416193,0.0,-0.0017726251170900814,0.00234058931715006,0.0011365078496801688,2.1850664552312945e-05,0.00014960783973089694,-2.7660268841005182e-06,0.00024472799742384824,-0.0005337213921946071,0.0011228707325647471,-0.005624998307461112,-8.55700167342186e-06,0.0011200160333380903,3.1577900382634545e-06,0.0,0.00014673549408629436,0.00010552521220642823,1.4947751197469688e-05,-0.001955381173498358,-5.7170334139329314e-05,0.0044779540370097955,-0.011248571633684167,0.010420089845400424,0.0,0.0,-0.00020758702922251247,-0.0020491649884533157,0.0006279289007499209,-0.0008001474088773831,0.0015352163228234993,-0.0002343203608413878,0.0005584304376655341,0.0004179132942334597,0.002436443026842894,0.0043094196497953695,-0.0038574378186489303,0.0006604344994659337,-0.009424467799279216,0.0011608139403179634,-0.009751611307911377,-0.008735245514485561,-0.0004520432231034572,-0.0008973707833873996,-0.005265032224852398,2.8322530546228618e-05,-0.0026659861236551768,0.0027462688731096163,0.003036370034395832,-0.002404000851392598,-0.00744563235819807,0.01005608960325845,-0.01581130480233377,-0.000783174339794426,0.0,0.0005349872001052922,0.0021946331474055293,0.0,0.0,0.003968884740643454,-0.01052176980415765,0.00010767374440333735,0.0015547459473699305,-0.00030512924550433167,7.245116568506284e-05,6.63685820306255e-05,-0.0034811113354295833,-0.007858600336910734,-0.00223303909567308,0.0,-0.00046440030666621403,0.0,0.0,-0.00018785122498394033,2.2161509632855096e-05,0.0,0.00035709993946866366,0.0,0.0,0.00016488695186434656,-0.0133687966235285,-0.0010174509330774125,-0.0005244670155901076,-0.00495772854137494,0.0,-0.007238433394260069,-0.0001743604969181351,3.050468531823829e-05,0.000630909775350311,-0.003532173756136429,0.0006301290873224709,0.00012405026858670448,-0.00016688278457399443,-3.537519150578253e-05,-0.00030810413169607713,-0.0010189527335941466,-0.00024455196094045944,5.8350686581448056e-05,0.0002637244528875222,0.07351105079207695,0.006893402195229664,8.414571167054942e-05,0.0063215229048155215,0.0002053517977409842,-0.00011944057137904821,-0.005526922989407671,-0.000321063976789595,0.0014538866747130744,-0.003407434100495954,0.00011012254926305781,-0.015817352283329818,0.003726849578950703,0.00024346123280334997,0.0005677864582638668,-0.0012429209912116085,0.006066415047159043,-0.022080531022549813,0.001638487281836457,-0.002473198565694674,4.113151757039774e-05,6.304672235057147e-05,0.002920413596247382,0.00029423421924462114,0.0008711572672797221,0.00016495520156568832,-0.0005858963787464801,-0.00038340614468194094,6.85897034943142e-05,-4.483136265487954e-05,0.0026113845876016583,0.008908534948890028,-0.01044662113801267,-0.0044080850306294096,-5.017265435649007e-06,0.0004151519494575025,0.001803393188621945,-0.0032825799077909083,0.0023093347951417226,0.0007005639724190413,0.0016409553199696126,-0.0013280209590682845,-0.0005003010263381518,0.0023495651323031017,-0.0025972139340751698,-0.0077013448607910215,-0.0006509210386081109,0.0017832900720558592,-4.08347119122172e-05,-0.00338018602946468,-0.0017058384998300605,0.0012585006939442355,0.01783518849826785,0.001842045541042103,6.519916094265432e-05,0.0029043903359074878,-0.0004798277578071709,-0.0005652148661986612,0.0030855931103691164,-0.0036774104645647,-0.00048803902857633244,-0.00010815416915664973,0.0,-0.0006823405485702227,-0.008529586578869094,0.00016962654248214054,0.0032717488639061433,0.0025309801504078545,-0.0012621556295112687,-0.040990874623086794,0.003192992990767922,-4.469354679483329e-05,0.005993765952161833,0.0006381053040498696,0.00012489106115701036,0.0003651932372710745,0.00031324493544807665,0.0004677958580368828,-0.025134455393897265,-0.016687678817936046,6.932884141286726e-06,0.00021339397868217158,6.441504223471823e-05,-0.0005950220213957686,0.00016583977366175972,0.0028242509207432086,0.0008985708155289538,1.5410673711870542e-05
-0.012071257859313414,-0.0017505904465006505,-8.471466773187134e-05,-0.001099483577623071,-0.001659739322241044,0.004570008997599791,0.0,-0.001364676259179916,0.0026571842755491724,0.0015531949085539098,-7.613293638021596e-05,0.00015732624417801717,-5.8567114360499815e-06,0.00022383344380099118,-0.00042037087887765554,8.997123252040653e-05,0.0008022928596366213,-2.1045355887885723e-06,0.0002666645666996003,-1.0678686916458825e-05,0.0,9.872727419160813e-05,7.21676705404869e-05,-0.0002161830647637327,-0.0009876902131874387,-1.0502722125809543e-05,0.004671389016196796,0.0029003693137535087,-0.005277641058617864,0.0,0.0,2.01735192975968e-06,0.0008847875128630354,0.005636286611018484,-0.0006579858665444298,0.0011430607054711648,-0.00011971250884130676,0.005656260930811271,0.00021193469287227284,0.0016516129639926004,0.005321368437638303,-0.00039742878340130966,0.0008130117054977464,-0.001090113016419745,0.0011729026878182609,0.004595698963321962,0.0027200580767408043,-0.00017784495116251748,-0.005982198324820307,0.006148361812202268,7.210038875639883e-06,0.0036473784801420517,0.0033900785390455126,-0.0012430489162376535,0.00029315348081947727,-0.0028954418445805274,-0.05116893041008954,-0.013691830600446113,-0.001636297325519866,0.0,0.0008324615865782916,0.0016793239910636007,0.0,0.0,0.003008781721307744,-0.010177331765826827,0.00011101703908998517,-0.0006930792387251615,-0.0008624893606919386,7.569412531453541e-05,1.3166635244844678e-05,-0.0006040462776636573,-0.0031538898563949177,-0.0009758115203994544,0.0,4.096546410753893e-05,0.0,0.0,0.0004764297745876757,8.446348665764016e-06,0.0,0.00027297961003070256,0.0,0.0,0.0001126847411112459,0.002943982425981791,-0.0002525576976044104,-0.00033295875554608035,-0.0026074724935253603,0.0,0.0015795919608199702,2.7637223513835414e-08,6.270642074856435e-05,0.0003437436056204602,0.00770144237300651,-0.0013890644647082742,0.00025687518294665224,0.0005239603718056569,0.00021923900567643613,-4.307456307592973e-05,8.917066990303046e-05,0.002319841691777717,0.00010316339530822794,0.0007349744356047097,-0.006885129168342323,-0.0012922402171965902,2.005917736908583e-05,-0.02892067623068892,0.00040618765100414184,-2.438107736644482e-05,-0.002649375159877651,-0.00028697122428886815,-0.00481108923205579,0.0013366098826175846,4.616365310117277e-05,-0.004052169375673259,-0.0019484541135915004,0.00022006966766133777,0.00019408800475820303,0.00040609424516341894,-0.013128918031627648,-0.020826913089650446,0.0017540059859917248,0.0014591149997474834,-0.0007338841018385408,0.00030694912679974485,-0.00023940668321411644,0.0001879791153911737,0.00014962777643696002,0.00040780634212227607,0.0017105928139118784,-0.0024976509771966293,0.001955705363628877,0.00010868802875398276,4.877067797874694e-05,-0.0013976051604322843,0.01972955296216619,0.005832232419018273,-5.561318791097046e-06,3.7832096527125065e-05,-0.019410253174392905,-0.0070305771378456694,0.0008540994381343067,-0.0008666684150741085,0.0009512911512182075,-0.005424821584731356,0.009180414150610824,0.0007663659451624703,0.0014949514473006622,0.0027857163243785532,0.000640319353339181,7.385962700727603e-05,-5.3404032727007064e-05,-0.0035499526968534715,-0.0005908774152670042,7.531875631853971e-05,0.009299752793895045,-0.0005005709778029646,-0.0015890151523831806,-0.001268286238875037,-9.144979686950681e-05,-0.0004990732093483499,-0.00021009605078276108,-0.002261793386609759,0.0005172876457061902,-6.583184115239658e-05,0.0030114019367191796,0.001815902488872874,-0.03159643219402543,0.001616379601323576,0.003706232974976704,-0.010017986577141568,-3.4342111192981015e-05,0.008767110866224509,-0.0002414479755696616,0.000213025032656565,0.0013975980959535406,-0.00030624819565545116,1.9314266329767266e-05,0.00014052533821612363,0.0006439353852672524,-0.03291985040318615,0.0009843054610223253,0.0002414202268882596,3.502588665581544e-06,0.0008128588803071592,8.642752805675433e-05,-5.897358400049579e-05,-5.556849758195869e-05,0.0007355758504934592,0.0011973641587897474,0.0001743457954219318
-0.04884819669373584,-0.001973798027801215,-8.492364007852093e-05,-0.0011093298186782893,-0.001989250798936654,0.005261008317893678,0.0,2.5447244484146045e-05,0.0022895274469689163,0.0003396997410317953,5.1722023441383086e-09,0.00010928453080679792,-1.7921288271798766e-05,0.0004239734162115547,-0.00040770920803308243,0.00012832660060656766,-0.004830449852815614,-1.4113305683973824e-06,0.000437877254829602,-1.2927657033587896e-05,0.0,0.00010536926067060228,6.732173477686376e-05,-2.153625775350672e-05,-0.0008591308019966057,-3.9914038575425424e-05,0.006554873817464223,0.00160406584903813,-4.1933899690027034e-05,0.0,0.0,-0.00011761790917263993,0.01693805844089793,0.0044487597695810404,-0.0006486242259307978,0.0012310163023586491,-7.363643541229267e-06,0.007636759804483828,0.0005114605715826829,0.0012082436309933616,-0.0027768403727328615,-0.0004444332199184215,0.0009057449244729071,0.0017956020442756629,0.0012777753355755254,0.0025140881959193596,0.002277220194122135,-0.00042613933051639254,-0.015899075965307607,-0.0013948645163919821,6.89536648217098e-06,0.005078833493371642,0.003510568231041321,-0.007685426070389638,0.000131377205698021,0.004856442693621838,-0.008474739054125206,-0.00944683539020272,-0.0006222507176408521,0.0,7.379163344208376e-05,0.004916577359512329,0.0,0.0,0.0037954394945824634,-0.0031155199996151847,0.00017680449593650334,0.0001297862887236612,-0.0005917595096631648,7.21936138336208e-05,5.004602402242253e-05,-0.000715417763863071,0.0013228171825597906,0.0008916241880213963,0.0,-0.00014573843161020655,0.0,0.0,0.00028971747515072377,9.10802876989543e-06,0.0,0.000260246419901057,0.0,0.0,0.00010412674738356435,0.0014103147178528954,-0.00038994953233604564,-0.0002847484373814317,0.01380187459393559,0.0,0.0021390334462758776,5.7591707584198765e-05,0.00017276285059532448,0.0003871775875043527,0.011372841799148934,0.002327458912416978,-0.0018429151045581732,0.0008839194068860837,0.00014609614089267268,-4.122165664675236e-05,0.0010670003680373751,-0.0007568400658717622,0.0001162519885782286,0.0006759425079937056,0.0030018136165403855,0.00039279975636193347,5.60282123848774e-05,-0.01153808050379594,-0.0006787259259325188,-2.6729448836315144e-05,-0.0016215811882507635,-7.752236444482699e-05,-0.007748079061824874,0.0013088040992274394,3.367932572825531e-05,-0.0038171511055116857,-0.01898106496219222,0.00016299427509004847,0.00010111570801439212,0.0003374566887034606,-0.023635130564592308,-0.0474363457778329,-0.02849643847234656,0.0013638422173843652,-0.005628652221051196,0.00044167114656947165,-0.00019825431995997028,0.0004118018898472953,4.8875772808663575e-05,0.00025829876019834585,0.0005153333489410627,-0.0011362566176102624,-0.001501877865452942,0.00017473720261316223,0.00012285981584052834,0.004200872979018617,0.017910569523478435,-0.001739437593414805,1.803123618206609e-05,-0.003602705689065021,0.000956558311346938,-0.01210408448552194,0.0006447946494697915,-0.0005047178613875853,0.001072286375948412,-0.005548585215968023,0.0023494056731941876,-0.0009250826960696254,0.009135603060544568,0.0041398408312188105,-0.012910803109783882,0.0033112013102257203,-6.421432419353465e-05,-0.00410618219722818,-0.0008790798136920785,-0.0001946384849276321,-0.013298160951575617,0.0003610129862661519,-0.0012578109905771876,-0.0006847939781675572,0.00045992266030922356,0.0019863586601453448,0.0016777989748870995,0.006038393761899797,0.0014262525274284928,-0.00011089575613536903,8.845842827503636e-05,0.006920390202209112,-0.004394113552817452,0.0005676561658528371,0.004724022888773625,-0.003047294682253979,0.0005158900033682062,0.010303250409744827,6.720688943654582e-05,0.00044457005718442064,-0.023678067461821325,-0.0003437122008182749,0.00018971832580266308,5.361165810043398e-05,0.0007001176555401784,-0.007026404467254111,0.002014717141842588,0.0027684035548899743,2.6489527840393013e-06,0.001018556839956007,-0.00017983351469736354,3.273625444044097e-05,2.1982158979770504e-05,0.0013443794927603331,0.001718191890180204,0.0005051207927910515
-0.06266550895177157,-0.0021794087324731215,-6.302775362445866e-05,-0.0012624398064208793,-0.0035073505732063953,0.003294773606930201,0.0,-0.0010779088464158138,0.003462924930003114,0.0002538977650077596,-1.873214797925475e-05,0.00020978991732463581,-2.2818531799207803e-05,0.000334102134218289,-0.0004930340371645271,0.0001484802800280257,-0.005032043719255162,-4.960051452094399e-07,0.0007877536644067119,-9.937058520616551e-06,0.0,0.00014991816102386584,9.761463621893729e-05,2.254024922337743e-05,-0.00283750028160404,-5.3747107581913815e-05,0.007079587961589768,-0.0004689544882990778,0.009088988539109822,0.0,0.0,-6.460086754170981e-05,-0.012085966489773413,-0.00044886546262769235,-0.0008667085910314939,0.001638130522825235,2.929328282390541e-05,0.012053825896736791,4.2936384765491776e-05,0.0034796447101932376,0.0047010641989315635,-0.003622784342417539,0.0007150011453603258,0.012612907682705603,0.0009801475776203038,-0.0052577887721508,0.0037805573392678715,-0.001174077602894392,-0.003586834964739532,0.006108173207060202,1.848805208512032e-05,-0.0006415718837363817,0.004624631700974646,0.01696963758872684,0.001273836884088311,-0.0014136127775472435,0.012701693703957604,0.008372785693240304,-0.0007111379753793294,0.0,-0.0002393783743958185,-0.0023366380947567045,0.0,0.0,0.005556300148618533,-0.008697266549008636,0.00024234727642477355,-0.007015242332181996,-0.0009591267725887936,0.00015276211443916366,5.905721221722453e-05,-0.002385523658150224,-0.002845851363818499,0.013273456464700526,0.0,-0.00019364569907364518,0.0,0.0,-0.00017557477308803332,1.8404706367413866e-05,0.0,0.0005964632237384069,0.0,0.0,0.0002064800361745436,-0.026499537025288476,2.442558483690918e-05,0.00018191535495030019,-0.007400169415432775,0.0,-0.0039038607402553426,0.00013084920377586938,8.761499256336004e-05,0.0010358488139935536,-0.004043304546863192,-0.0002853439318584779,0.0005054624655527283,-0.000304544884218121,-3.1519082962281414e-05,-0.0008313056679603637,-0.001169205696087364,-0.0007349507731268096,0.0001798590254474772,0.0005641290877075233,0.007561862816678648,-0.00010269221129458343,-0.00021138367384154213,0.0057765728914606065,0.0008598321170810045,-3.909815110251567e-05,-0.005690755569378739,-0.0007716101235556172,-0.00487777166510016,0.002006983031934511,0.00011290868838637228,0.0038848837494204137,-0.001860675664134339,0.0004082892684184404,0.00012047144799756134,-0.0036473588911820577,-0.02874295538058914,0.02979929382849504,-0.005579462409486084,0.004587366822964358,-0.0003281506712214666,0.0005926363815094882,-0.000505000555266915,0.00029791327943847303,0.0009514734968390317,0.0007770199127369295,0.005485746601320224,-0.00036423243839099097,0.0018945801730951102,0.00045636709403877915,-0.000640960175519492,0.007070858154560572,0.009193542499493177,0.0009155608080576173,3.036422894328928e-06,-0.0007075897020862458,0.012768971806358506,0.001627501735157469,0.001662781944176262,0.0002108557135970867,0.0013597700150405389,-0.010598575812580079,-0.0031644526046577803,0.004188135489817789,0.00672655426020469,-0.00286874251548007,-0.0013738618815933828,-0.002620874513892816,-5.366614350595312e-05,-0.004788059535412344,0.00020858498398822707,0.00014891823235669308,0.01965139240747113,-0.0002434798606264183,0.001228004168575717,-0.0007823878868846267,-0.000285548637305375,-0.00028098913616648476,0.004237639467006508,0.01138308960663523,0.0008254056964005291,7.674716775161709e-06,-5.5265208271006825e-05,-0.0019559582958844184,0.0006017534587575623,-0.0002484169162677145,0.007674616286099342,-0.007972384713106762,0.000339487755964379,0.025292381049401565,0.0005127453979001641,0.0006474210721845695,0.00047424354825285556,-3.273995394830643e-05,-0.0006434284495611421,0.0008033235302000159,0.0011268319445491863,-0.012927946309162093,-0.010988189148397824,-0.031058017013726225,-2.9446135868497367e-05,0.0010174214919834133,0.0003679645936598256,-0.0006142839631176935,0.00014398586087515722,-0.014056205373374944,0.0015120965716740973,-0.00046243940012638584
0.047147399423116,-0.002107766441390188,-7.175857705515087e-05,-0.0012970911050976172,-0.0035266634880592434,0.002658595354410869,0.0,-0.0008678999641803672,0.004550469389722619,0.0005991506719888978,1.708543062886878e-05,0.00022276756061535675,-1.4173119674296165e-07,0.00033182668967018144,-0.0004549545395892294,0.00012419232264832984,0.01029339888373289,-6.806117849608014e-07,0.002149350499186366,1.2019806527680747e-06,0.0,0.00016196521041881277,6.30175770629687e-05,-0.0005679245122058774,-0.002700722689859622,-6.363726597203621e-05,-0.0006784581076275551,0.007789762425474312,-0.014370535489239042,0.0,0.0,-0.0050282071349211895,-0.015671955035074243,-0.000873893587674052,-0.0008715307704012506,0.0025435617442520334,-0.0005053266277838792,0.00467693545506257,0.00011207909604151737,0.0031122641253214056,-0.00018470965489049768,-0.00207475997048921,0.0008591866007494634,0.010589966166357306,0.0012676697759529379,-0.0025349859206660564,0.017758241545012966,-0.0010470598888573863,-0.0011789432880651807,0.004076264984504418,1.0408903222563197e-05,0.008440765474291545,0.0035558305110815515,0.002247594312676929,-0.0003853641469013307,-0.01742623370239522,0.01959288831395984,0.010108110504383363,-0.002562091400623453,0.0,0.0011150889015040038,0.002364377224753992,0.0,0.0,0.00592584264689466,-0.013091676904778771,0.00024730368455419814,0.0028494394758983373,-0.001890791412375778,0.0002541095577346835,7.435939864049842e-05,-0.0032733042629461027,-0.008287867292940376,-0.0011981409141020127,0.0,-0.00019318851799768262,0.0,0.0,-0.0003423038217273424,1.5175942688472172e-05,0.0,0.0008981383538218554,0.0,0.0,0.00025224692817037543,0.007496751959672286,-0.0005018741151814883,-0.0006987187458223798,-0.011895105301850936,0.0,-0.010726277100664277,9.803629336650141e-05,7.217233729609936e-05,0.0014979964053893418,-0.003473028577867061,-0.0015141002785419707,0.0008903569540483843,0.0032974540169693656,0.00016610391788358827,-0.0010396910446448626,0.0028837974723544602,-0.0008595828584493086,0.00025677237494767783,3.1432118845892566e-05,-0.05912665185569108,-0.004473798324489949,-0.00047913644609400436,0.006905701164078701,-4.9398755580129554e-05,-0.00011826502643919391,-0.004140384641075558,-0.0008605486657244201,0.003161567618975266,8.447918216416348e-05,3.052780003200907e-06,-0.009841723134883953,0.008487455614185875,0.0003534194387366523,0.0001902509730259275,0.0009624074319996076,0.008133132069857002,0.039342197983136866,0.0021675322888861544,0.0022852522467832533,0.0008410667614242298,4.72199987579147e-05,-0.0009401966926308017,0.0003988317421819244,0.001376050804181937,0.00024431946667877673,-0.0014366093929206825,0.0035005139566544035,0.0011804414568067894,0.00037094140091370605,0.004707989373170438,0.00522081615904636,-0.0005272404842337091,0.0038243199056618156,4.677561849972362e-06,0.003800478258994514,-0.052959081634126555,0.001580014084545313,0.0011071577512528003,-0.0007857100394826325,0.0017502054638399882,0.011722188924389903,-0.003156537017875052,0.001023178961526222,0.007281016875434048,0.002203712609252842,-0.0009007831345149503,0.0038476217940906186,-0.00011292722058153539,-0.007158531658287927,0.0012101557595027269,0.000509052694771146,0.026533793441583194,-0.0003910807626192294,0.005249511450024553,-0.0024866638515204857,0.03782041434534972,0.0018184044161377614,-0.005140762198055875,0.0005616797233686523,0.0005315286240897028,-0.00017858236251264267,-9.806934981458783e-05,0.012664399486269113,-0.014227905987371241,-0.020656089417706056,-0.005201184658583383,-0.022767593407794086,-0.0019384643235219087,0.013941917879786252,0.005775851368801144,0.0004311279932814207,0.0008143234311619581,0.0006013657601894485,-0.0009122607740626634,0.00031124110169992276,0.0003430337053192111,-0.049277857445666096,0.015717002830690274,0.005196458085177907,1.1690360280200147e-06,0.001361867464024028,0.00037857146539121137,-0.00450432876684494,4.3968583761058444e-05,0.002439152230795929,0.0007489944788386129,-0.0004540253819020703
-0.001074935709699725,-0.0017615749817471936,-0.00013511251337546573,-0.0010813897372733304,0.0006510246709403505,-0.007974963767759061,0.0,0.00020988079351180557,0.00206921615939127,-0.001220754186000652,0.00015106627711748485,0.00014180274499729325,-7.765155052792044e-05,0.000216892891283542,-0.0003894585030972025,0.00050111644893787,0.0006135033293644039,2.564901400470584e-05,0.0025872888882858837,5.009910220263756e-06,0.0,-1.593430368511708e-05,0.00020656138605771988,-0.00025761104726588455,-0.0015518773090760656,1.077398690933827e-06,-0.003361364094462069,-0.002952065265297853,0.0016859837178604903,0.0,7.558303704248349e-05,0.0014181525379768046,-0.002151885077988674,-0.00023059921665129893,-0.0004073097161572402,0.0011686499180470686,-0.0014959083261834399,-0.008888484052125618,0.0003479087258163595,0.0012174784196129853,-0.004734019049381264,0.0030875109364478163,0.00042780661552970336,0.004466148993824967,0.0008550908292990646,-0.001117702823202377,0.0011210576724794289,-0.0006037994665554286,-0.0020820297963397624,0.000775258241626877,4.2405550984219665e-06,-0.0022575889066379245,0.0019525285455119319,0.001029467815468524,0.00050631559425673,-0.008422392351979485,0.0006659028493570306,0.002802675756181276,0.0006485004432430863,0.0,0.00011883974554078855,-0.00017927665267282727,0.0,0.0,-0.014872060123762949,-0.008458019315648367,8.882052803072907e-05,0.00022491601601889625,-0.0001306593191585779,0.00011226152989155825,1.2214487718915881e-05,0.00495229215940393,-0.002001467742891318,-0.0003797443149994479,-5.722644811072461e-06,-0.00010296778857687545,0.0,0.0,9.294934952863314e-05,1.5451148812801632e-05,0.0,0.000211300520176847,0.0,0.0,5.435072768684851e-05,0.0022685252405868876,0.00011311686012558362,0.00013757744975779598,-0.005865636244423492,0.0,-0.005145192121867977,9.961693999878525e-05,0.0003240867809271983,0.008385445588362232,-0.0016032844082601114,0.0010702452603293439,0.0006885202662555227,-0.00016970515149967975,0.00025385935341558857,0.0005331901419150452,-0.0002656325407113162,-0.0003116966769498976,4.314985264467548e-05,0.00014581312112415032,-0.023636864016060195,-0.004612740620681202,0.00024056443447210976,0.0034900819162797924,0.0007205613319160942,-1.4808363546850995e-05,-0.003042632682769602,-0.0004180311813963904,-0.0013688551562050458,0.0003105085213847704,-1.5164380847082997e-05,0.0031786326230507688,0.0019573366224797718,0.00015830983088133035,0.0002588181689628236,-0.00023704607810444943,-0.012575972906122765,0.012422151652366719,-0.0024031697450343837,0.0008601545136789222,0.0007141383091711735,0.0004764583618650521,6.85186097694986e-05,-0.001516157261280775,0.0005785512315097783,8.0948107653732e-05,0.0016545083835656981,-0.0009421492467993467,-0.00011858840919885369,0.00015551621980912128,-0.0006137122649788039,0.0006997376486012162,-0.002756069340693287,-0.0026260796993640063,5.3746368640394954e-05,0.0014079398450605645,-0.0132544232080673,0.0004998334939526865,0.0006118446314774409,-0.0004364325560625621,-0.004153250922471872,-0.0050139456480905705,-0.0012277301770064293,-0.003769330919483874,0.006272586703033589,0.000301257300088942,0.0007718338044991038,-0.0004739232441468138,-1.2050931529859288e-05,-0.007048966039337029,-0.002983332089928362,-0.0006092201337658574,-0.02404811149908132,-0.00027738219220116233,-0.005468838013930222,-0.0006831457434481135,0.0005679236730521202,-0.0003059615056460296,0.0002776039611114237,-0.0009267821746493108,-0.0003720467939125195,-0.00018967455558267825,-4.5420847018739255e-05,-0.0007899071366267773,-0.01537974699754242,-3.938708660574719e-05,-0.02457047427380102,0.0011419775325007782,0.00029911044146753397,0.003167271145579582,-4.4389731950045826e-05,0.00020622518172391157,0.0005963343566016926,-0.0001359043504846353,-4.6256237716257295e-05,0.0002646219534479144,0.000992482487120447,-0.025321474222838116,0.0023982269232570063,0.0018389217697512767,2.1426478925255455e-06,0.0007796132773512941,8.44248331733762e-05,5.969849628401988e-05,6.076226764084408e-05,0.0013055122566127803,-0.0006853017825395574,0.0004685350262966431
0.04560587425032974,-0.001937053689972054,-6.118615769324345e-05,-0.0012663754953644365,-0.002930115177938643,0.0043577344998160135,0.0,-0.0006864327448372294,0.004097242416457469,0.0038540630343106776,-4.862332270406147e-05,0.000215017135225533,-3.4301178320619917e-07,0.00020639529422894644,-0.00046148532148485916,0.00016411175459999608,0.00866358697926288,-8.241093322584252e-06,0.0020302182368192507,1.2152398576677275e-05,0.0,0.00015061835151463341,5.8646974999656987e-05,-0.0004781103777648587,-0.0018565105694258763,-3.2994651191688466e-05,-0.0017375363044753347,0.010862461302259634,-0.01453602286783245,0.0,0.0,-0.004579788974808227,-0.01376724537759539,-0.0007396025843226296,-0.0009753985765826921,0.0021999825553610563,-0.00046768504864533826,0.005202534370777238,0.00023211203996675238,0.002570063170006928,0.0016334137458992074,-0.0012574425731551853,0.001272251009486132,-0.035978345227990344,0.0013062600011160095,-0.00549864093665107,0.01725251582304184,-0.0006286550846035667,-0.00031068380103218803,0.0021100260970122364,9.596209136417952e-06,0.00527213904425802,0.002822173346879445,0.0030093316570996144,-0.0001175876711468987,-0.01664117337303549,0.020337868588492417,0.00928531002768133,-0.0022933070857902756,0.0,0.0010244671464659343,0.002578128556216719,0.0,0.0,0.005249807479499341,-0.011611819342798315,0.0001994147669207192,0.005374240240789308,0.002480255952992925,0.0001666789755943441,6.970649981237005e-05,-0.0029985852685739845,-0.007661727283526938,-0.0010709873150187314,0.0,-0.00019317508552640236,0.0,0.0,0.00013611600407812692,1.3881661698112515e-05,0.0,0.0008451992590781468,0.0,0.0,0.00021517827388784012,0.006651314791480733,-0.0013217990842943022,-0.00079390423744088,-0.006347030980991156,0.0,-0.007274921695119223,8.733767868777341e-05,5.641289794968566e-05,0.0011391761659987213,0.0020903455067451723,-0.0015737065359381116,0.0006711366902371831,0.0032919514205270338,0.00030592455529974754,-0.0009519476506785812,0.0031596021731942975,0.0032563729302405673,0.0002287510309599241,2.8057505797873602e-05,-0.042778980925073054,-0.0016703571564706822,-2.4994099514726837e-05,0.0065226541105492565,-0.0009454037359615767,-0.00010073364071997527,-0.0057159891883404364,-0.0005747239826973343,0.003657805123785315,0.0015306208763775971,3.3075534962203473e-06,-0.008308117203040564,0.008988379556353057,0.00032054482256850384,0.00048286163442707653,-0.001977840888345414,0.0066491060075366225,0.00883920551712355,0.0009239062783312021,0.0011250198332744014,9.737269075374861e-05,-3.973510673535406e-05,-0.0008594717257930696,0.0004389086761108062,0.001156245272990613,0.0003717866301722946,0.0010968247555159974,0.00298648491680872,0.0010057730163210547,0.00035175423982827266,0.0033335824802925695,0.004312309821620851,-0.005219385502280529,0.006054518013573386,3.122239789396383e-06,0.0037141143083517323,-0.0496722750953487,0.001189430286841415,0.000968772202217368,-0.000864122790685735,0.0016178305086947615,0.01114467720279131,-0.005067675317294184,0.0008512865853588717,0.004005489294149435,0.001990006991541709,-0.0008267792378941143,0.005399585716313992,-0.00010408650856988672,-0.006883572622709119,0.0008844217039894221,0.00045562302983531076,0.021557658668844227,0.0005568241778223568,0.005175481269413718,-0.001875851986930183,0.037483104143161805,0.0013431471223608593,-0.007457294596200294,0.0001426101624909013,0.0005592950087463267,-6.0797866186785486e-05,-0.0013349321412387686,0.005953330334170138,-0.026868897870478237,-0.019359234845030205,-0.0034633532253048552,-0.019318949203569552,-0.002560207856889341,0.014087028783301037,0.005211488466141988,0.000341861011008264,-0.001088084223021542,0.0005208121733444926,-3.314232362672438e-05,0.0004291512617366914,0.0002847906907026911,-0.04380729890827948,0.014438275188456515,0.004167397411866021,1.1504886742475111e-07,0.0012710341258875687,0.00038050289099065345,-0.004290460418952804,2.9132336763181182e-05,0.0008547208884013607,0.001704060291138771,-0.00010511893665829343
0.09609462173787808,-0.0018249104745403776,-0.00016232386632065944,-0.0010476976391523576,-0.0026253610356356035,0.004995575249594834,0.0,-0.00016466463055341915,0.0022846493888494506,-0.0034175953404044918,5.69283082037047e-05,0.00017631498652132232,-3.2429610245478717e-06,0.0005499130107903724,-0.0004382992056513099,-5.5097407423154836e-05,0.01061611942554318,-7.734103383238295e-08,0.0014348292376044581,3.4012865526827592e-06,0.0,0.00014743776501729348,8.921479143847407e-05,-0.0002024339949576986,-0.001862264990936688,6.775774712450554e-06,0.001097570792615339,-0.011150883598380023,0.011351104804510697,0.0,0.0,-0.00023904330637749546,-0.010082995879359761,-0.008765995840982352,-0.0009125634396876501,0.002062291740170851,-0.0004373989441669949,0.0021035175713950013,0.0015137965840496049,0.0022057942886111056,-0.0037168046476097755,-0.0011728493957855635,0.0008142292464375927,0.008460012518697128,0.001701995148479984,-0.006177160778384858,-0.0010288419428146293,-0.0006924920751304786,-0.0016235910328609782,-0.013988603036693028,1.3921715903266565e-05,0.0010391036305099758,0.0009053789561013017,0.0015470573994222326,-0.003117825055538725,-0.016005832586587592,-0.02888985656125727,0.009233910793534557,-0.0005251621085491643,0.0,0.0001104070822482859,-0.00011067031808889359,0.0,0.0,0.005666224144333904,-0.014882983091800557,0.000582645623469586,0.001125827076488453,-0.0009023321514949046,0.0001623350220861333,7.305719319400967e-05,-0.0023371645790344914,-0.00614049215022462,-0.00452656350173189,3.2226218463629165e-06,-0.00020648765482620445,0.0,0.0,0.00048444335068423587,1.813481937589109e-05,0.0,0.0006729892616335434,0.0,0.0,0.0001924499002224491,0.007364649322813461,0.00021726454913467626,-0.0010578431901286346,-0.007103169046874726,0.0,-0.006237379402685532,-7.879751122593094e-05,6.064542806995114e-07,0.0008243516610293207,-0.0006680419649556666,0.0005727058314169419,0.0005930781989820077,-0.0020547069888674544,-0.00013207598169220138,-0.00010812762046326072,-0.001541467390925517,-0.0001793111129104515,0.00018081954482432945,0.0007261372477369982,0.04485795184455554,0.005975266484498029,-2.8009120331372917e-05,-0.04224013490475771,0.0007009521989718071,8.59874013172447e-06,-0.007136541128631044,-0.0004801671284418144,0.0015174568409874786,0.0011628719545362656,1.68304095711454e-05,0.004674676706609672,0.0057243735574852486,0.0003285179751065992,0.00013718934066739657,0.0016238498127796564,-0.03282542849677335,0.02951170860843018,-0.01962786289867037,0.002574509768247227,-0.00032467561200400327,0.0012906345402770648,-0.0005294493901179566,0.0001836355796802566,0.0012875260717448496,0.0002894556799488915,-0.005798460395049807,0.0028665019250549944,-0.00014118465836368132,-2.025995741790416e-06,0.00017573612585620075,0.011201460742999539,-0.002233904106979015,-0.006662428728388423,-3.0319992226440795e-06,0.001974960136428311,0.0030595149075148442,0.003041090192801236,0.001409999189329547,-9.040745268448278e-05,0.0009563892984150071,-0.0019585943788784726,-0.0025590043317789465,0.0020562071291056745,-0.002319196406758815,-0.02020001791396758,0.011138281802794435,-0.0010908890227025701,-2.3213255220773717e-05,0.008354646244765208,0.0012398850721051793,-0.0016712075492763265,-0.020662464313921748,-0.002314346902899784,-0.009747727245775259,-0.0010129371821807557,-0.0005938240845235491,-0.0001850667800530271,-0.0003147645389597745,0.004415550889852146,7.774179047788424e-05,-0.00012860347805088867,-0.00031325573093393623,-0.0014932148461572299,-0.008894989755733374,0.0005964514113517078,-0.01002258720339386,0.0008579898320774645,-0.00014190594846322458,0.0055337153746876765,0.00035115086898484984,0.0004532756607838931,0.0007921757257954242,-0.00020773440227388036,2.6095016528603068e-05,0.00025355655578639336,0.0059590388071766465,-0.01258477500067711,0.007148387683241764,0.0021170329755944685,8.128001335692139e-06,0.00037440056983799856,0.00042611317712704463,6.492559953309238e-05,0.000570974367736665,0.002960585615252857,0.0001325546261931547,0.0001727656336042431
0.1980329607100918,0.011258080188216215,-0.0010880040566221645,-0.0005441246011555609,0.0046420919974807864,-0.015146650691923138,0.0,0.005524372146774179,0.0035002012056059013,-0.0035155459162009455,-0.00012067126010668306,0.0004473059204959233,-0.0007316752560778472,0.0006128125790964092,-0.0004178459594157369,0.0006406012992103535,0.0028981685477824305,2.0447529170072716e-05,0.005778916373659872,0.0016172893711240864,4.059714413947157e-05,0.0008773656801164709,7.811991838884959e-05,7.296991880949733e-05,0.004437757020599127,5.4676711080053515e-06,-0.008557773272504237,-0.010225526038538197,0.0021581339818525893,0.0,2.2906970686636793e-05,0.003792683888663549,0.0002462213705759638,0.007841397664236248,0.005144378069853922,-0.008553022458905624,0.002051290883271329,-0.00855412966598116,0.0010231160781847867,0.00451615550627766,-0.004888381236963604,0.007116974973422404,-0.006221785672169214,-0.02866269847960785,-0.011555837368314543,0.002625077246347721,0.0027117079946838434,-0.0010916150327406446,-0.00021272100065108379,0.006105035478641841,-7.792276433791513e-05,0.003103541484028119,-0.047011955004646284,0.005737454307898761,-0.004015905816642462,0.0016938454524232454,0.018157826969185765,-0.019298677988739493,0.005920168390037683,0.0,-0.0003839971449511712,0.003845524578407069,0.0,0.0,0.0008478081159202494,0.023426147436438057,0.0002683866791368214,0.0024293371616325578,-0.0010591442231844413,0.0004801614746300223,-0.001011921489554861,0.05480009860859911,-0.0024213018607640866,0.0011416908645903142,-1.4964011334783829e-05,-0.0002080794388599244,0.0,0.0,0.0016393656643497406,1.537340195145982e-05,0.0,0.00029116734483448583,0.0,0.0,8.890940396813585e-05,0.01050023633122089,0.0002095289158964724,-0.0006645710425262804,0.09733297775924388,0.0,-3.095293168421101e-05,0.00016424767332556993,0.0001346839806277753,-0.0017565450722785343,-0.0016521829164374922,0.001958143167174685,0.001551501547053454,-0.004884899214689014,-0.00036128290683553894,0.0004167777934793209,-0.0009327062914859443,-0.0004528535062734069,0.00016018322087101329,0.00013947873647801598,-0.013671144701381177,-0.0024763080415613715,-5.775720317205314e-05,-0.0174496012016558,-0.0017787269182470687,-4.376371352474519e-05,-0.009338811868049583,-0.0005340714852869195,-0.006693839933782011,-0.0014852142388871352,-0.0010238914940287978,0.005056044832605299,0.002822034993888187,0.0002711819993263291,0.00024180294830694862,-0.004301578318826988,-0.01852141131598042,-0.07215188397093232,-0.04769518161334457,0.0024968758927372096,-0.007545492479706884,0.0005833105532608093,-0.00019867319330471586,0.0010126745937899869,-0.0037653256451567647,-0.0017558597687877858,0.00612037237839936,0.006280098467648226,-0.0003395484405484034,0.0002171258872728019,-0.0006511807015098999,0.007791041892685769,0.012815747698975297,-0.0021798467776973614,0.00021197148963054624,-0.022292649629407996,-0.0010075091411596512,0.00227196900977948,-0.011073071407455897,0.000606002536589563,0.0017656745966907075,0.008751781053183237,0.0005449007510577473,-0.0078373792160425,0.006524060043129114,0.00196057036009271,0.004321119849398174,-0.0065973360268649795,-0.00019454911613031058,-0.008786861965288793,-0.006695203620781242,-0.0007741658306266716,-0.03878491989870952,-0.0004616633456700618,-0.006157480737274204,0.0008705867475334817,-0.00020519485333366766,-0.0005642624667439524,-0.0025131901973336796,0.014072601028674992,-0.00017362937213892838,-0.00032388576186290224,0.005852914455247057,-0.0008837568631791589,-0.03073329381706956,-4.924230344906169e-05,-0.019596984772798164,0.004879391084184035,0.0021009746462193257,0.006706419142035499,0.00030530508739149293,0.00037145259581167623,0.0048987011631919045,-0.00016802359740135001,0.0018578079014392721,0.0002748237769753329,-0.014102183740192594,-0.015901671277317602,0.025649937810386218,0.004335595270965177,1.5858458436473152e-06,0.00032522613839925643,0.0002616551289214537,0.00022448200377354514,0.0014040891197266104,0.0047770485990030025,-0.01141143274533344,0.0008714370422145153
0.007685548648468855,-0.002240430969536179,-7.743516972803589e-05,-0.0011296006480011325,-0.0020632246976653294,0.0034013134345738326,0.0,-0.0006018888344587008,0.0022097197712088205,0.001395418178897287,-2.339514532665957e-06,0.00012896345911823977,-1.7233382721126024e-05,0.00025242472231484385,-0.00045980555157101426,6.180735950197367e-05,-0.007057448226523167,-6.293113193002153e-06,0.00035784973699428855,-2.6478946018720232e-05,0.0,0.00010908051792953594,4.650523257048316e-05,0.00014640740618257825,-0.0017273362077469482,-4.4845847041065504e-05,-0.0005417481379505497,0.001321815135857453,0.0002498154546157367,0.0,0.0,0.00019206502129556386,0.006470897659917874,-0.0030995486425736078,-0.0005947145000769508,0.0012209683186596158,-0.00018993472092719555,0.008342517710688273,1.9395423878396904e-05,0.0017937560789217895,-0.001772519419104285,-0.0009428703604492027,0.0005168410901397406,-0.005986470401612685,0.001027374754727249,-0.0008267356336328424,-0.0002483000795053783,-0.000826746707062255,-0.0039046085947256836,0.0004912209075929137,7.99878409863202e-06,-0.003505583833914454,0.0039106183982836416,0.0007505354320757821,-0.000347757008803869,-0.00045594472410119,0.004939362186553346,-0.0053352742694007,-0.0008497536373626128,0.0,1.0073550607929473e-05,0.0034246184547619763,0.0,0.0,0.0031787329020639354,-0.0056255583301289295,0.00012285707476540058,0.0029817750357811115,-0.0001824186555362207,5.0562657649838546e-05,1.429733417601101e-05,-0.0013509057277349393,-0.006615688658354733,-0.002763716880436455,0.0,-0.0001384586047835025,0.0,0.0,-0.00032311751475014414,1.2642359537010419e-05,0.0,0.0002785951158291546,0.0,0.0,6.976539617421631e-05,-0.01502793293303193,-0.00032941591583193275,-0.0002535469034515368,-0.006449619674485184,0.0,-0.006783161372258952,0.00010497212402447755,5.377750542223524e-05,0.00048459758740344925,-0.0029532860330370673,-0.0015131864934265207,-0.0028316133620310767,-0.00021119739772165917,0.0002911326548064047,-8.484611661307385e-05,-0.0007187736278968227,-0.0004897342675781011,8.619161562928688e-05,0.0002513486058207382,-0.006505767170812847,-0.003344513716680933,-0.00015455372807159123,-0.005590289255575606,4.723606230913177e-05,-7.042961450753736e-05,-0.004045727507076522,-0.00025032999067998844,-0.008452864012331852,0.002461453247588352,4.050150469298773e-05,0.005285769695418404,0.00042015758452278504,0.00016140013891530365,0.00023104129785941863,-0.0002538272652074359,0.0038882864926701025,-0.007153197183529586,0.002728341752557562,0.0012373941342462725,-0.003721430790266315,0.0004564757839908505,-0.00016727004324659466,0.0003896885165741724,0.0004996839516707062,0.00015193980129244635,0.005071815654268266,-0.0017236387240440246,-0.00012155758391365471,8.249954305891607e-05,-0.0007056806944535485,0.0017494786539525853,0.004519512491075067,-0.0031060614301782054,-3.2905576015750982e-06,-0.005543279374670779,-0.014012379566464507,0.0006629591110856911,-0.00013130187511219184,0.001259334590411846,0.0012594166241041297,0.0004557212412882877,-0.003057537862423974,0.0032120541504970256,0.0038537676764178698,0.0034138301828272118,-0.00338599115117383,-0.001685569215225338,-7.20572051488916e-05,-0.00581134211720933,-0.00042275682065725075,0.00025288070099741656,0.010787001961335276,0.002774489140229329,-0.004350653027975629,9.187551963444009e-05,-8.465708261325623e-05,-0.0005802719972431709,0.0021953046453303043,-0.0020813848211743416,0.0004039575398528047,0.0012483875524808804,-9.971468275156443e-05,-0.001102731244553843,-0.006720719487929508,-0.0010456414902654482,0.006501739282075485,-0.010181303236558619,0.0003187967144408898,0.007539575213566835,-0.0004652623588332776,0.00011392725673668704,-0.0005778860162073858,-0.00010525298625184174,-0.00029127521314684557,0.0006592858220844348,0.00024657992533227746,-0.03128749536059689,-0.017845172076866506,-0.0098226604824598,9.98401384221366e-07,0.0008713924040140853,4.9691874576562296e-05,-0.0009617776568087145,-6.457906689855311e-06,-0.01155852266382186,0.0014018790639102388,-0.0004115882401862806
-0.04855130758955752,-0.0023092552115656843,-7.27281434317012e-05,-0.0011379289513326724,-0.0020004908787272864,0.004199974242076458,0.0,-0.0004770242320328939,0.0017216766086880272,0.0008534345299721383,-0.00010307322322730167,9.82301744383724e-05,0.0,0.00014744067541462992,-0.0004617628195353724,7.905000193818123e-05,-0.002607819812265078,-3.523137607918259e-06,9.280617238033382e-05,-7.297604579252314e-05,0.0,5.4786178592173074e-05,4.5928887050078164e-05,-0.00012794710236266045,-0.0007785835942013714,1.934525350332164e-06,0.0012884243773616452,0.0014031374362967084,-0.005944737527355953,0.0,0.0,9.773148833334621e-06,-0.0040522248458568265,-6.707183356611437e-06,-0.0005842433447835345,0.0008724721452030782,7.3819504918124536e-06,0.0019222698550120662,2.1451716681644273e-05,0.0012025737514793889,0.0004220559733056814,-0.0017022735910332334,0.0007216124117626025,-0.00017451969126035756,0.0009414720790844316,0.0001998341747919926,-0.0007249302615787606,-0.00030235454973866004,-0.0018173850424527739,-0.00226670338475504,1.045165412820363e-05,-5.100789305638465e-05,0.0022935209706050324,-0.0017181528887657046,-3.154383763819136e-05,0.006179884039246336,-0.010398234153284955,-0.011231510642114662,-0.0008753841640112782,0.0,9.612047868281102e-05,0.0005089253548865879,0.0,0.0,0.0030806338010843787,0.012997985999422534,0.00011681255818521359,0.0013698085184298398,-0.0007486557199560257,4.848916879751681e-05,4.305413136488353e-05,-0.0014653091851949236,-0.002321154996701765,-0.0005132199972033845,0.0,-7.561318593744029e-05,0.0,0.0,0.0004336971725770312,9.980423446882031e-06,0.0,0.00015769539292764624,0.0,0.0,7.430835974368798e-05,-0.02772280885142069,-0.0003402598293786974,0.00036758250972395974,0.01568404277302302,0.0,0.0009651318982275537,5.3333955119173224e-05,1.693183567604489e-05,0.00024853531460315617,-0.0035043462545855004,-0.0005027542541477794,0.0008012910338535133,-0.00017271197495810644,8.411808110716589e-05,-0.0004582963730030821,-0.0005237901115473059,-0.0005916588505159764,5.5529600898300976e-05,0.00043486137327042264,-0.006654709026044656,0.0003806469920737187,1.1260056602326568e-06,-0.013241308779351724,0.0001566389975324574,-1.8290663030016144e-05,-0.0008433751049997495,-0.00046944270401014774,-0.0020509017326168022,0.0009124068137374281,7.160943910248588e-05,-0.008697729413321831,-0.0010920607757685865,0.00019195688583985204,7.652954291290281e-05,-0.0008944566746362456,-0.012799515841385459,-0.04069425889504944,-0.005460488157221808,0.0013772374490932503,0.0012478886068874693,0.0005891802073625984,-0.0004691188552651438,0.0002591071277909465,-0.0009681998519290357,0.00034239330429292904,-0.00018900087311031082,-0.0015124259207346241,0.0009074254646350471,6.884548524838521e-05,0.0035959142711113577,0.002308916445978549,0.012495545434819089,0.009517243603217878,-1.327592055319308e-05,2.732407114213668e-05,0.0023171332499557825,-0.00026121366464918405,0.0009255446174886569,0.00019422418998846382,0.0008198504756626912,-0.0005708685538502678,0.006488947331660277,0.0013443149278717988,-0.0012103545983342698,-0.0004504857661180175,-0.00013377342752264438,0.0036704587618800306,-4.67605721311694e-05,-0.0029077111030222187,0.00019100150137014884,6.987684371537216e-05,0.007086840892229663,0.0002978562265275486,-0.0014199848275078884,-0.0006431795190475373,-3.32021652603386e-05,0.001686352524502195,0.002023969198631434,0.004488618636542977,0.0008055224855329639,-0.00010693763049898657,0.00013264442207413412,-0.000315967408595166,-0.03500836844173809,-0.0004067911775146485,0.0038454636643666783,0.001513944335491841,0.0006892774779676467,0.002120492442074963,0.0027868290209010216,0.00026727137674357625,0.0032244575339989874,-0.0012867272831531362,-0.0007379444716764051,0.00022031269705062166,0.0006144931939399572,-0.0017556202947556488,-0.015737204050838713,-0.015449431257481196,8.653202170316273e-08,0.0004227270990361557,0.00022436778263055333,-0.0006685668648179989,-5.693774903980739e-05,-0.006400266754468765,0.000952364092416743,0.00038473988386444544
-0.06872796507791343,-0.0018699473301677899,-0.000274053357119655,-0.0010534274648410329,-0.0018733922352362634,0.0020246623700770623,0.0,-0.0007212717497439643,0.0017379928240396757,0.00014618241728767156,-2.429129312738228e-05,0.00012641624110945246,0.0,0.00013320698172855798,-0.0003722993135672459,0.00012990815171050741,0.0012460697895348637,-3.9012232247491963e-07,-7.424913506950357e-05,-6.660884606789511e-06,0.0,9.229383301202267e-05,3.8993312578027194e-05,-8.870897863155428e-05,-0.001898675395703552,-2.7936666195935983e-05,-0.0008178517664232664,0.00020031172912881342,-0.0030513878483490607,0.0,0.0,-4.961071830074288e-05,0.007289246902492678,0.00019706009794987837,-0.00041976322318145495,0.0009660524952759111,6.421672867427223e-06,0.001000438182119047,-0.0008791745168569876,0.0010342225679730818,-0.0030483767275822503,-0.0022012047461016514,0.0004377323035157999,0.0027395281286034007,0.00025091034671474727,-0.0015858051321973082,-0.0005955540492419386,-0.0005016314622387745,-0.00394604200365659,0.0011832013592832284,7.573260409135039e-06,-0.00464235315991705,0.0004813591095368952,-0.0015424570303261425,-0.0004994108322754617,-0.00439578504628608,0.0025290818191552687,0.005536950243452407,-0.0005126835639168502,0.0,-0.00011329109033181078,0.0005201065581911323,0.0,0.0,0.002006431208291321,-0.007180248839318074,6.979059928437418e-05,-0.0009036115214934749,-0.00047251075833450304,2.905110479502005e-05,4.1122577915053354e-05,-0.0012391046679750106,-0.0004966783835923307,-0.002528702267703542,0.0,-6.777346323608763e-05,0.0,0.0,-0.00010366924086384666,2.156039326840953e-05,0.0,4.346575794498783e-05,0.0,0.0,3.1380939234565246e-05,0.003401839940436542,-9.113046219577699e-05,2.8806514196036383e-06,-0.005413160255959717,0.0,-0.0017977563892745071,2.0858769048576533e-05,2.3229983428234166e-05,0.00039096239921076304,-0.0008409278719339083,-0.0015227937757605378,-0.0023855927667962564,-0.00018512426845543724,-2.4356423895646844e-05,-8.848081960551127e-05,-0.000587181381146374,-0.0003208977302174901,3.3821609163067794e-05,0.00039392111982965053,-0.014403173391032835,-0.0021866441711438965,-0.00012849656984448052,0.0032572904837079764,0.0002337729674284849,-4.366312718914234e-05,-0.0035275810787348274,-0.0002037515308468417,0.0008402567559246241,0.0004231578781177426,2.909465557895236e-05,0.0017508995229703536,-0.00031681092228841176,0.00015033475068677144,8.80107876057326e-05,0.0006360142737621226,0.003196798509764194,0.014543556059634437,0.003269066348892184,0.0005557060615739772,0.0007566451767074218,0.00026872964823999727,-4.395607194739221e-05,0.00016893711755405148,0.0008723541468582872,0.00013616908965387146,-0.00020003721215265956,0.00022482595402088305,-5.7716612757263245e-05,-5.247634441550483e-05,-0.0005996501698321274,0.0015691471827951487,0.0020232082143302734,-0.0019265626768189695,-1.803852596594254e-06,-0.0028458531947994723,-0.009037982739617513,0.0005390707493181958,0.0009581603490638825,-5.361247186984301e-06,0.0003508408385677066,0.0015378516079327098,-0.00015531969053230197,0.0002423499194910225,-0.007830497449186614,0.0009195798882994334,-0.0019747126123161062,-0.0009570058029632667,-1.522558888649535e-05,-0.004460593134437413,-0.0021631468256735043,0.00017563349875800497,0.004077996941103492,-0.0006771957621366402,-0.00091928047521338,-0.0014364233697309243,-0.00010482491551205389,-0.0004641212910656818,0.0007125837619325252,-0.005533655875160751,-0.00014792145503335447,-0.000399982192068604,4.996650614865184e-06,-0.0005847987836495302,-0.012965621062247296,-0.00016896266351971819,0.0017561557564895955,0.0005284934797923174,-0.0034190941013089214,-0.058723176441272555,-4.963636355697963e-05,0.00028925695571398093,0.0012808602556708536,-0.00017057903256463786,0.00014047790690799916,0.0002404850478527115,0.0004353125323824076,0.00032315344089792636,0.0023923863432545986,0.0016497717105496573,4.2318123655213196e-07,0.00048698854931556726,6.624123757433497e-05,-0.0003071926128619663,-4.243777346473735e-05,0.0007089609726147409,-0.00011175230684786062,0.0002278217345083584
0.010369921690137727,-0.0019618195152568546,-6.095165744473956e-05,-0.0011086737135314023,-0.0038494688988179515,0.0041309585840765065,0.0,-0.0014334720478156107,0.006250744983092888,0.00045750596240509033,-9.531729298635094e-06,0.0002743555002825219,-2.4945244742777462e-05,0.000526795010901202,-0.0004205956821146002,0.0002810948415898638,0.008940061862162556,-5.480772839812237e-07,0.002752227804018881,-1.423997803666724e-06,0.0,0.00017843160951658225,9.007942730448741e-05,-0.0004133232002802248,-0.003240266182151234,-7.551867894984946e-05,0.015994690268809283,0.0022500528766825627,-0.0034163366052229775,0.0,0.0,0.0005901406309445159,0.04033609924215362,0.0004247151118209268,-0.0010858522407083424,0.002049349958712609,-0.00016822496362342053,0.003311860750726278,-1.370019262652242e-05,0.0047805408721379155,0.0100200516131917,-0.00477589383249549,0.0009780716772296262,0.020358896927270175,0.001710863713553487,0.003908457621801811,0.0012079205371955074,-0.0013242329555140867,-0.006738382855636651,0.002956000926187227,1.3269363645066653e-05,-0.0052488564975852105,0.005955119008614446,-0.0004410251848355061,-4.768253979989353e-05,-0.0046830052215506394,0.01309067411423624,0.009820815695308707,-0.0015920786731855137,0.0,-0.00014036848492494984,-0.0014823571937917393,0.0,0.0,0.006765793521641677,-0.01478094699642453,0.00029436572429139535,0.0040871710530146635,-0.0016279255944920137,0.00027268324940930193,2.0605701221607947e-05,-0.0006989858498298676,-0.005133964895019132,-0.003927445090131219,0.0,-0.00017940709386869786,0.0,0.0,-5.905837135673205e-05,2.2951494413026197e-05,0.0,0.0006079988513619546,0.0,0.0,0.0002105102017125859,0.015107397131020878,0.0005681253907969441,-9.055326439766283e-05,-0.0227791306038104,0.0,-0.004798964407254678,0.0002071840461755469,8.210532264889096e-05,0.0012221390913216004,-0.004383872116803615,-0.0007826795651854505,-0.00452634568535701,-0.0003450682167039065,0.0005285474012675307,-0.0004107119692914386,-0.0009908513254520358,-0.0007455360856016874,0.00019366431140648143,0.001093048104491591,-0.005247650986494546,0.0017862706912388146,-0.0002049731577592988,0.016499865636000376,0.0006692386071965546,-0.00013503654509571962,-0.00444392192882563,-0.000592677918671279,-0.009825083296699318,0.0029352980457477006,4.278980907303486e-05,0.010133938945639026,0.001032472111021405,0.0003925766126112704,0.00026148465652193564,-0.0005688917557415763,0.014988598269516285,0.042266891107103514,0.003926117196067769,0.004345373304054519,-0.0010555788041627131,0.0009051001977072195,-3.251715113220826e-05,0.0006110928560371342,0.002052594785984281,0.0005426515336257743,0.009749587103894765,0.010126187165174121,0.0010431228278564727,0.00038287919175332245,-0.000791854384597078,0.008498686351663258,-0.006745363362228463,-0.008085627298782311,7.876388835214229e-06,-0.002809066350142913,-0.01987222517089416,0.0017731967038018062,0.001699064687890264,-0.0001915934447757551,0.0019055437818153024,0.006324244032743092,-0.003280549608922676,0.001532255260671356,0.021214283794924085,0.003090704896528823,-0.006972976677888908,-0.0021037323916742578,-5.314233017403251e-05,-0.0134450754994973,-0.0016279238121493292,0.00014661655808564922,0.024650860955903856,-0.001625172088848431,0.0019010571160479215,-0.0021602673291725542,-0.00026658069535765767,-0.0012623779036882018,0.000979720434600613,-0.007683181163072191,-0.0008083640747375138,-0.0004616062909306727,-0.00011745748459890294,-0.002474471333157499,0.0010677938470963844,-0.0025528684610364805,0.011150887260238775,-0.008238311868418665,-0.001919075976568003,0.026313249990884306,-7.129480867843488e-05,0.0004603072761331481,0.0010184652369570888,-0.00046208310866412567,-2.432948012132008e-05,0.00128213600195599,0.0008961305173459973,-0.058267890601502656,0.0043229620226925445,0.004847047529013372,-1.5061098050649624e-05,0.002271240132533395,0.000217546820157646,-0.0008192541048600694,-1.3742634474120601e-06,0.004869000553442132,0.0029730353192276176,-0.0002075727307425105
0.004399359305408858,-0.002367040197275992,-8.132335665183859e-05,-0.0013251023480841434,-0.003302861471634497,0.0033652149723280653,0.0,-0.0018258533449714868,0.004497514965815262,0.00041846332850174224,-1.9856507911937194e-05,0.00021453355898870134,0.0,0.0003775241021896433,-0.0004476223381142992,0.0001864029464651605,0.009094737023446937,1.3256637363810882e-08,0.0013642527378406885,8.593019104239772e-06,0.0,0.00016374914352458805,8.163149515322022e-05,-4.66990686282185e-05,-0.0032722711251950897,-5.7389872933066776e-05,-0.001739620202234439,0.001982640296469583,-0.006737410477144751,0.0,0.0,-0.00022757643165580147,0.018023681746739444,-0.0004897909175212988,-0.0008475646153185788,0.0014966971790844026,-0.00029319556849691496,0.004609687824950446,0.0002384452610020063,0.0023496863475808553,0.0005859568992669675,-0.003501234480715911,0.000844932213256785,0.013516176545192778,0.0008005370664038769,-0.004770190265239583,0.0009793229400373966,-0.0011802462918453604,-0.005299129902948404,0.0029682924710905502,1.4700577433017068e-05,-0.006008416673706423,0.0014813853431162286,-0.004122476429612715,-0.0011792751849958399,-0.010420802262291013,0.006460905462467564,0.009119686913155445,-0.000908935814747959,0.0,-0.00016974443947530084,-0.0018959347935901174,0.0,0.0,0.00576471137942813,-0.016240487009334205,0.00023038268105629123,0.004313881439877247,-0.0024150768693459008,0.00014841561897294616,7.012876342724657e-05,-0.001458513494382867,-0.0066730824903553036,-0.004589336654267623,0.0,-8.687924177171205e-05,0.0,0.0,-0.0006893881893929673,1.916444774236033e-05,0.0,0.0003024596171743486,0.0,0.0,0.00015008110988470403,0.012931080996460655,0.00013650466317034697,-0.000713954111285314,-0.01810006403770749,0.0,-0.004294905233934965,0.00015093823898185675,3.4651785960488536e-05,0.0010527668804116354,-0.0045690429236636965,-0.004230453731114568,-0.004917646395281364,-0.00031111852966845773,3.702794037245531e-05,-0.0001614336109476913,-0.0014320194136992351,-0.0006973473231450624,0.0001130607422454329,0.0007223594572378725,-0.05410809918458662,-0.005837886949669525,-0.00018789150489071532,0.00934178743461207,0.0005954271740218236,-0.00010593878661950476,-0.006636488016636584,-0.0008529396298989876,0.0006552503222649718,0.00076333401431358,3.3878899054425556e-05,0.004316512277884519,0.0012326718167554606,0.00022486694710909717,0.0004376193484786242,-0.006821533741716245,0.008603446058011532,0.03129439749320408,0.0062624182864722535,0.001335975406891959,-0.000901155316572227,0.0003289242076078387,-2.901836155332173e-05,0.00033878416535299406,0.0017685320046513084,0.00046182311857542627,0.0013743487655838963,0.0020148191719675593,4.251885404125773e-05,0.00013979324642454736,-0.001340919569604406,0.009162221185722921,0.0079519859434276,-0.004568863443713006,3.6820991262409456e-06,-0.006114994488439627,0.009135029168882942,0.0006409735305956042,0.0013827845128164928,-0.0010972350389748854,0.0008807802577340291,0.0002965880451397139,-0.002300306753273808,0.0001739992960111136,0.007352383941034599,0.0026373166443027594,0.002865158772509676,-0.002386253175280214,-3.237044768656442e-05,-0.006229540120305681,0.0010828228505706768,0.0013134908782631474,0.016020225460179168,-0.001491139644335783,0.0013975583892611681,-0.0026213075388923507,-0.0011418505112152848,-0.0009811481984545326,-0.0011759828172349502,0.003425403298190255,0.0012392755202184332,-0.0002990068638233529,-9.983633903803334e-05,-0.002139959836531847,-0.015646187687066482,-9.023758071459583e-05,0.0067138943084444095,0.000823523144833001,0.0015494698714597322,-0.007137553262934946,3.0341608572349266e-05,0.0004551461534364853,0.0010534887684075993,-0.00037761226911656556,0.00038371532936355007,0.0007939146764814764,0.0009202677436464965,-0.005542640128123512,0.005420805634583502,0.004444485314827052,1.6181842422655828e-06,0.001499751099821275,0.00016217889608087635,-0.0004234523594385717,-1.612329858484786e-05,0.003335639889757014,0.0009481244870592195,-0.00046777059831444275
-0.06277847096964415,-0.0018374075760839612,-0.00010255726101314861,-0.0011820655049985978,-0.0018473933184681407,0.0031824369371758476,0.0,-0.0009456861674693257,0.0016480754459744023,0.001164351999780872,-4.269414384162682e-05,8.503806837114384e-05,2.073510102368648e-06,0.00024363076318427906,-0.0004140712335540301,6.686058607136203e-05,-0.0023678172373592537,-3.221080172675385e-06,-0.0002527065911227915,-6.523705631054994e-06,0.0,-8.563474685946709e-06,4.794372344544438e-05,-0.0001584670490339985,-0.0014976712702505213,-3.6949503321813112e-06,-0.002182128435004139,0.0023162330646407177,-0.003042094569304847,0.0,0.0,1.330318597611008e-05,0.00665667925222122,-0.000506802940792902,-0.0005684619174938187,0.0009884430365702324,1.3738708191468413e-05,-0.0069106878727408895,0.0001184660378260835,0.0011692039333834026,-0.0001416019494878102,-0.0013064689118597488,0.000552383936272851,-0.001053363124346615,0.0005111711077695898,-1.9248535370165507e-05,-0.0037604121214731257,-0.00030048554143712524,-0.001780033801355622,-0.009704399809473746,8.53339497477049e-06,-0.003253707110451642,0.0018238176826722657,-0.0005062230532771149,-0.0004108138506644915,-0.003450096421642356,0.005344702052082646,-0.009265008065595293,-0.00027758844519098645,0.0,0.00011345381191111631,-0.003443641354523198,0.0,0.0,0.0028635574854422737,-0.004239643918879875,0.00010900778785436841,-5.869450734890242e-05,0.0009657538211581217,3.5309372774351416e-05,4.170674419026293e-05,-0.001177812600964429,-0.0014670215882712561,-0.0033477505584155486,0.0,-6.450049384583676e-05,0.0,0.0,-0.0002770311351190255,2.1919184409085392e-05,0.0,0.00018666624558640467,0.0,0.0,7.072602892200338e-05,-0.01514410408213009,-0.0002075305694327255,-0.00045426739490459146,-0.0025102650906722616,0.0,-0.0016317698567858085,4.657080235697874e-05,1.3936843173077496e-05,0.00022338052373875036,-0.002697615782789611,-0.001208974484278146,-0.00015414309877254337,3.694571422972217e-07,1.8459868496000554e-05,-3.806945158109628e-05,-0.0007565311338836675,-0.0003548688106942687,0.000122185519750437,0.0006831919265421044,-0.011842794819384732,-0.0001925093099414404,-1.1995860735655022e-05,-0.0024202465899217825,6.0455790854646314e-05,-2.880573703347552e-05,-0.00306126061606352,-0.00036327640420597907,0.0002751077398780877,-9.120542523509219e-05,1.758117959603343e-05,-0.009404173078047702,-0.0009026123262712017,0.00010539357783863527,5.037199650374102e-05,-0.0006242793250427487,-0.00520766455364024,-0.014998095106185983,-0.002490764321839091,0.0012206564970354283,-0.0006678208814165993,0.0004428003629325249,-0.00016865964721511122,0.00022877833431328486,0.00039007759726361754,0.00017844324990313893,0.004421897212333468,0.0006197335063511995,0.0001587945006014181,0.0005087198996573106,0.004207883494028532,0.0039060614024697686,0.020015382511507567,0.0003498095592827389,-5.300829013049313e-06,0.0016274840306721367,0.0026413429081448498,-0.0023032483890354774,0.0018571774098898812,0.0012497685208991134,0.000644487765977835,-0.0014874935132813353,-0.0010003871397283892,0.001016264310256833,0.005052540227687795,0.004756607558779906,-0.002257463179054839,-6.914767368777151e-05,0.00035753643302659184,-0.004337314217616335,-0.0003187597318347559,0.00017182679666048045,0.009519236857347796,0.0015565538299817832,-9.625718912993029e-05,0.0023437817800390534,0.0004600469804725344,0.001620710740417699,-0.0013995394550584098,0.0045156203697150395,0.0007039537591560726,-0.0002947283276556125,-5.853168672537157e-05,-0.0005120052987278793,-0.00808592218480297,-0.00021743719277853745,0.005401238771477139,0.0015999769926469023,0.0005136750368224725,-0.008662812535075276,0.0020371901770294067,0.00024603180718667006,0.0025259247431428087,-0.00026988972009632425,-0.009949463682406888,0.0002244908391523444,0.00047530768819328503,0.0002733296567511568,-0.022642699408256396,-0.015773879692231887,9.521215315127446e-07,0.0006711598488195709,-0.002244126948093975,-0.0011699589615425914,7.959083645394424e-05,-0.005035195198103897,0.0005783221602631026,0.0001711601039903781
-0.03193813730640702,-0.0020659266527969992,-6.029897122712045e-05,-0.0013582502670463612,-0.0030960840159240995,0.0034804083207852347,0.0,-0.0007562872294868831,0.00435386407952995,0.00038139657139393547,-4.035764650162782e-07,0.00021555388595311884,5.411663710936519e-06,0.0003323286067507985,-0.0004508064215720468,0.00020960340556684803,0.01209248373779057,2.673891873728734e-07,0.0010796141570331805,6.9069793779642515e-06,0.0,0.00015899165873545652,7.908519801250633e-05,2.8801336814087845e-05,-0.003139333776483363,-4.89786373134218e-05,0.00243664712585675,0.00013592573003049245,0.0070884963148756695,0.0,0.0,-0.00039700846444461874,-0.009736302821412031,-4.90812215941944e-06,-0.0007546401597114691,0.0019534658728384362,3.059072030589012e-05,0.002517637637818676,-0.0010553319928302111,0.0018299225509608233,0.0028354715337429487,-0.003601888811140625,0.0008167380312444494,0.010306876140469236,0.0002741452991276426,0.0016987115099543317,0.009815916294179328,-0.000845753859153823,-0.004894504239382931,0.005687874011639585,1.85228594527103e-05,0.013933243857981661,0.002135000518168345,-0.0017036250471788009,-0.0005754876499743333,-0.011298379290116858,0.005906912552597229,0.015444748338268977,-0.0005464689203392983,0.0,-1.7902505015420107e-05,0.005451920974022449,0.0,0.0,0.004779685537438817,-0.015762186054677163,0.00029729740842868586,-0.0022475609616011815,-0.001338915272818749,0.00014497928402650874,6.825691454319377e-05,-0.002363807838720058,-0.0037204010913877757,-0.0004905383468997716,0.0,-0.0001735284714788704,0.0,0.0,-0.0005362822469837382,1.3831853187094732e-05,0.0,0.0004610970810884128,0.0,0.0,0.00013431008238639307,0.015092183966917727,-7.938115172855957e-05,-0.0004743047731675893,-0.017325615880255368,0.0,-0.0015080114773790452,0.0001586071413130411,1.296553875590108e-05,0.0013321940205283538,-0.0030110529043025115,-0.0018584272608530355,-0.004494149532841037,-0.00024700770959826967,-6.569527754447747e-05,-0.00021039081711736533,-0.00113798531554318,-0.0001251313794002092,0.00013022327319760742,0.0006935385945607884,-0.010088418595088562,-0.0014445449101349406,-0.0001797830625420936,0.010685750000543847,-8.039369223996012e-05,-0.00010083346552115506,-0.007765232306392364,-0.0003956311496252323,0.002217918725992156,0.0011378341964495336,2.1240257232984608e-05,0.003462473218026997,-0.00032446747300945,0.00017015625043648424,0.00023633034484107695,0.0003915875552175516,0.006634822082526181,0.036933825854752314,0.004979292796498788,0.0019982467841165846,0.001815113850321511,0.0003463567094128525,-5.585851575882414e-05,0.0003099217151548853,0.0016636649189075274,0.00023048481652316208,0.0002859129121140909,-0.005013317661960802,0.00021495691732637803,-5.3440689513009904e-05,-0.0005790948253138888,0.005805435311766589,0.0024661835611344677,-0.00322947491717908,3.067436851173658e-06,0.00046902257813893927,0.0016025523479070468,0.0007969299275208377,0.0013980040110529932,0.00021541281782762575,0.0009533299462808445,-0.00015024530251789867,-0.0015811444748100047,0.0015045900385460354,-0.021171716025062688,0.002870803043171566,0.003135399549897553,-0.0015532770848328055,-1.865093697519352e-05,-0.00663173321922783,-0.0013720623415171508,0.0002644490690541264,0.014310713695739243,-0.0013594746654639258,0.0009909554189479045,-0.002301234705193011,-0.00037459014522057174,-0.0005129592009381822,0.0008717411895927474,-0.002481397160379743,-0.0002196105566766714,9.855984609327333e-05,-0.00011173793455938718,-0.0017819824488607965,-0.016962524657269173,1.5596001533110213e-06,0.005224829233595435,0.0038566791791930684,-0.0008416296569164989,-0.07032204895008762,-7.964596392027654e-05,0.00027265794279934303,0.0018982251039290953,-0.00012776324460231548,0.00041161028953918535,0.00013053800164577293,0.0010783812505496967,0.00015999982610006655,0.007215035477373963,0.007756128881659339,3.5084936401164537e-06,0.0011444183440200728,0.0003723744505670024,0.00020121116233912567,1.529540717515688e-05,0.0030597472525451374,0.000893406031952665,0.00023515311040523182
-0.1501634695133696,-0.002303718355400013,-6.930514295297623e-05,-0.0012713417369366006,-0.0022173115098250737,0.0026206689073441356,0.0,-0.0012344178987497114,0.002385807759318871,0.0006853717360328669,-4.257805971754147e-06,0.0001484081178617942,-3.913434230585592e-06,0.00012750291776267918,-0.00041767810175877566,0.00017247757779479008,0.004531058259737687,-8.967392442394453e-07,-0.001734939803717044,-2.2440463553038245e-06,0.0,0.00012332113695121975,5.315333650732407e-05,-0.00019213153124208963,-0.0024645114453510906,-3.966031807745564e-05,-0.0012446826571039014,0.0004321219917793322,-0.002239170631735886,0.0,0.0,-0.00020295423007099408,0.012390342268434648,-0.0003196849906384679,-0.0005509881183268802,0.0016021857344280502,1.547580269801293e-05,0.0028743708197130195,-7.724653236452287e-05,0.0015044488859247954,0.00017241045298934342,-0.002323422571911707,0.0005950709537702971,0.008389400714549187,0.0006540156966493645,0.000788785111460866,0.002338144210456968,-0.0007012625393915598,-0.004059752997575629,0.0022119051156500457,1.0555400070986791e-05,-0.004468871024909152,0.0012480912670381145,-0.0027428878122455176,-0.0007422809369940672,-0.006034400786356001,0.007947988203189389,0.005014706382317309,-0.0003743033905100774,0.0,1.0226416335620262e-05,-0.001419900068166409,0.0,0.0,0.002952464737370797,-0.00980019195822965,0.00015382689986542016,-0.0029448070874067925,-0.0005586397521669507,4.984731945511895e-05,5.392799865672198e-05,-0.0010242694389949619,-0.0026633750338870177,-0.00468308001306095,0.0001176346801703268,-0.00011076316518314621,0.0,0.0,-0.00046250749316598545,1.3400576049517093e-05,0.0,0.00026687542264974503,0.0,0.0,5.192140965819399e-05,0.005888511931298845,0.00023556920677154678,-0.0003741971007100234,-0.012100882889724567,0.0,-0.003458923981820679,9.712401864860905e-05,3.89582749283676e-05,0.0008137999936483106,-0.003261155369746891,-0.006114353607050533,-0.008889136091775838,-0.00016151700630722885,5.7913285327218205e-05,-2.2419051354396203e-05,-0.0012839776993674604,-0.0006853582498460068,0.00010387537818069312,0.0005768984639405206,-0.012914166969622316,-0.003105443147067903,9.604745984780848e-05,0.005508322394027974,0.00047255266998432415,-6.752327084825872e-05,-0.004827014485354928,-0.00032741601052234967,-0.0005744040701046507,0.0008922750458228917,1.6367510198941737e-05,0.0017812555782645585,0.0004795188731010186,2.8759516566406444e-05,0.0001434280466995543,-0.004731777827148567,0.005149251219176263,0.022498923927621973,0.0029668345474814124,0.0016520902406699921,-3.333474203483206e-05,0.00020535252604087298,0.0004883296090670015,0.0002253114999258089,0.0014684263356353276,0.00011616531605060533,0.0018733905699338108,0.001040684081196291,5.393709458760093e-05,-6.276862315588888e-05,-0.0004188550377962992,0.00011078043621712796,0.010405853375698952,-0.0035730975950910297,-2.440528117295506e-07,-0.005103767987453704,0.004571572670377062,-0.00011345830140589121,0.0013213033154190986,0.00015272863027170964,0.0007139636080563544,0.0033486455637510653,-0.0015689459226479502,0.00047309470641958507,0.007111298059366793,0.00635843002456855,0.002266982615432488,-0.00205147210168227,-3.0107030194215212e-05,-0.009831551287904208,0.0009234465738281552,0.0001457101122547182,0.007385883354972796,-0.0009848358875137629,-0.001283066775172011,3.6470420522417806e-05,4.092431976038256e-05,-0.0003634269263598085,-0.0004531302058428007,0.003913601812776279,0.0006992875166830727,0.00015082317870532006,-3.544479449216276e-05,-0.0013603652439996524,-0.01715725033709016,-0.00029176777907778234,0.00561076712504825,-0.004317507948433819,-0.0007231859885632727,0.011734068955588161,1.6091023570140894e-05,0.0004274942198792029,0.0010344595563124878,-7.073518970763692e-05,0.0001897747744935351,0.0005917044008403735,0.0007412340455331494,-0.0043103483338734734,0.004552236879021607,0.004156838906296844,9.18000019366653e-07,0.001077735620018171,0.0002419162227993342,6.725377669699146e-05,-1.0562418499725266e-06,0.0020365287481998195,0.00040021481745307704,-0.0008170071854827246
-0.002543702964933915,-0.0017839783913089103,-7.881661453725191e-05,-0.001058364987040455,-0.0015587366413305286,0.0026711729279885106,0.0,-0.00038331168211297033,0.0016773516583501644,0.0016380905024567288,-6.399176174735645e-06,0.00011414594851759009,-1.3958796090488401e-05,0.00019979446850679206,-0.0004260622731164617,0.00010984770896399016,-0.004428055382044867,-4.355392801919029e-06,-0.0001496810261860218,-2.8009758510325203e-05,0.0,8.535154411954618e-05,4.252473419370669e-05,-0.00012461119029612183,-0.0009533679546962974,-3.26175828822037e-05,0.003592222361063513,0.0011360217560789387,-0.008131294271844476,0.0,0.0,-0.00011478091850006298,0.0038688061238952008,-0.002100949468599217,-0.0004242315174886264,0.0010840586780222034,-7.53226433456422e-05,0.007080500867447499,4.24373535945376e-05,0.0014798803845069678,-0.004878744692965026,-0.0012014289321820237,0.00042039783132839445,-0.005424820796148696,0.00104669965990307,0.001690541572536597,-0.000134451689961741,-0.0004541306905138096,-0.001637943044366074,-0.00326470620384397,6.158908743044199e-06,-0.0007048274301191964,0.002884163265982767,-0.0016173509128475639,-0.00036298939112354043,-0.0018000578743006593,8.251458671777578e-05,-0.012906241820538457,-0.0006613638013649774,0.0,-8.974584215918412e-06,0.0029779614030761197,0.0,0.0,0.002632613878000329,-0.0040922103935472545,4.331947385038555e-05,-0.0050872313814048645,7.834554219157279e-05,3.143543587453361e-05,1.1653350977049688e-05,-0.0013921555786513095,-0.00544266971102337,-0.0014763730236877015,0.0,-9.526139871798943e-05,0.0,0.0,-0.0003139121126374618,9.522922468559653e-06,0.0,0.0001939460552021203,0.0,0.0,4.3421152227862467e-05,-0.01063237095337576,-0.00034143718256053867,-0.0002230350443475786,-0.0025946251030414206,0.0,-0.005447451381402723,0.0001022447282723675,4.098318539545724e-05,0.00019545378905318285,-0.0024221967379504787,-0.0005952589423342539,0.0002593700313963881,-0.00018195504285210002,7.736663259052168e-05,-4.238928619070669e-05,-0.0005403062407589827,-0.0005065996288206428,7.513283462376795e-05,0.0003067664927635881,-0.007995374134538493,-0.001753578005322929,-0.00015158718972744148,-0.012088990773085798,5.8289841285847786e-05,-5.197500473650604e-05,-0.002006459621981151,-0.00021237420355568867,-0.005290409809258446,0.001613933092188802,3.427862305254081e-05,-0.020491112037335012,0.00048229850127445823,0.0001194916993243192,4.770249969726829e-05,-0.0016064487442122237,0.004335280150983267,-0.0046020233435286025,0.00044549778412396156,0.0008518996393946714,-0.0015310534126022,0.00013710570176446896,-0.00018957331847505157,0.0002413669658174273,0.0006280476171366915,0.00021765244145904462,0.004528665449029507,2.7754863281557502e-05,0.0007236235268013997,0.0001166187812626575,-0.00043256407814419584,0.004684556813958503,0.003399680339810574,-0.0010039255191170555,-4.0447143982809205e-06,-0.003165769830941013,-0.01672623473551799,0.0009490148041388223,0.0005007811398622599,0.0001780372236335823,0.0004550944578321965,-0.0016367619049684943,-0.001644495821474342,0.0022786787091525203,0.0019969754087320684,0.0025338618011609177,8.90678228361477e-05,-0.0004584497264720728,-4.616214443703628e-05,-0.006037845919701456,-0.000930997574387746,6.226296381270428e-05,0.002806191562622294,-0.0002632741489147536,-0.0013508203674233922,-0.00023667527570516605,-0.0002884166351937403,-0.00032571695228474106,0.001817688324003918,-0.005755087034274295,-0.00027644684707486497,0.00045153186473426886,-7.361241189368355e-05,-0.0009847405878264835,-0.005645099863165565,0.0003408986126312917,0.0027311873798009302,-0.007543520898381439,-0.0001748482326556635,0.007983376550000452,-0.0005717473395323485,0.00011639639026522582,0.0003073728784339821,-0.0005407420838547076,-0.000648766707443134,0.00039252534689099695,0.0001767409852669206,-0.022361636312816673,-0.013766315019322508,-0.006685605633621535,1.017006059993292e-06,0.0006242701040368437,5.2402871830313106e-05,-0.0007095470014291492,-1.77916171601769e-05,-0.0073110474747553385,0.00028442981122396056,-0.00012891505093153886
0.03592465680518028,-0.002537042199233985,-0.00010032696090680051,-0.001342208604159548,-0.0029672749831181015,0.005870287567055929,0.0,-0.0017835030280716052,0.0033215447459563714,0.006007587419009702,2.2533885635408264e-05,0.00017283232200504946,1.8579578833130323e-06,0.0002427647527869183,-0.0005064673820362364,0.0013507340223618623,0.009068730439881779,-1.0853996505745608e-05,0.0016271244381406314,-9.352883232086547e-05,0.0,-7.403991932018446e-05,0.00011532781766438678,-0.00027668322631305934,-0.00181403647571823,-6.863889303041425e-05,0.007264037380756364,-0.004052158497949775,0.0012189045710564274,0.0,0.0,-0.0005537936428329619,-0.007649675123482109,0.000752439060273388,-0.000912787767314617,0.0018934467801865202,-0.00026307311666633643,6.502864844902928e-05,0.00041418853277208953,0.002932304275523208,0.005904911103995598,-0.002041811316701989,0.0006396557283218124,-0.012005216884910363,0.0013419750510450643,0.0027032020544814324,-0.0042881676180113616,-0.0005944155849732085,-0.0040131494476820725,-0.010239489294361524,3.2379592896075005e-05,-0.003802733810124127,0.002635007082827534,0.00029000308729719643,-0.0019069936361130447,0.011576743205334816,0.003244632590151403,-0.03288085104015132,-0.00036242578116741996,0.0,0.0004340489379562482,0.009710653000775244,0.0,0.0,0.005809802734807317,0.006403781750489215,0.00015953169608050864,-8.70204397646665e-05,-0.0014981067340299231,0.00018948479099293192,7.543783147039369e-05,-0.0034120272347393068,-0.007847769203364052,-0.0035201766458625382,3.640518918224898e-06,-0.00036951929535258094,0.0,0.0,-0.0003796143501723534,2.5269049355551718e-05,0.0,0.0006106147649275527,0.0,0.0,0.00027331833148905077,0.012183473055065404,-0.0005757549041415622,-0.0006953611685884482,-0.013018127509587777,0.0,-0.0037993850783410526,-7.742148788888674e-05,5.774394647635768e-05,0.00099105048560588,-0.0018611184238780337,-0.0024323145076912745,-0.005095419568591587,-0.00023993499864132284,-2.329395696419172e-05,-0.00026693183084957884,-0.000733607065168642,-0.00047433092715568824,0.00020728962178078733,0.0004407206411660254,0.06080515803073936,0.005050265964762341,0.00010871110415756315,0.006411048323941835,0.00016979763051486307,-0.0001200307520879575,-0.0036215930286872993,-0.00037929926532255547,-0.0003918246194174434,-0.001954487433755297,5.8292582156750815e-05,0.0037639161888330373,0.004786205797556414,0.00022754829130661105,0.0006465054998426725,0.008872650139650391,0.0073860122448741305,-0.03287533068182581,0.006916689286779434,-0.004515595785727313,0.0026007545211578333,0.0005629210769357767,-0.0015888947275446222,0.0003409711318240322,0.0007733229301647575,0.0001857893030644626,-0.0019355488132938856,-0.0012134408835693033,-0.00014881833147200801,-8.478528369104954e-05,0.006054200677215404,-0.009970979953083763,0.003448795670891333,-0.005492030817330951,-7.501431237741749e-06,0.0037069988189893433,0.00395110552651459,0.0018927723120471024,0.0021805313143303463,-0.003519234919791484,0.0009571332516425917,-0.0012475328602548112,0.00042664937795536457,0.003523128374213066,-0.0031167893632539595,-0.0018458190790353456,-0.00042702913194301223,-0.00020349053279522744,-4.443865838854672e-05,-0.009085364026902843,-0.0006718424427965764,0.0006171601662093623,0.02455930222535877,0.0029244501872660754,0.0021608024675521882,0.002158717040167382,-2.041330423075292e-06,-0.0007806337055479578,0.0022207047420353503,-0.005675556702131994,-0.0005419042045907059,3.2823094681934684e-05,-6.410194137104827e-06,-0.000662613631452064,-0.058428697998620535,0.00014715331599124887,0.002404232646253103,-0.004795130094923678,-0.0004748075417284797,-0.03181841746573908,0.0009802818168269736,-1.8057657386285724e-05,0.0027507037865495887,0.0005441175083174504,-0.0002242801660307406,0.0005166754367989395,0.0004654009949602102,0.0002542374825722263,0.007427444650989616,0.007103261775139041,1.5251585852317216e-06,0.0004238469758283966,0.0001497541684577054,0.0002088159134283122,0.00025786590738290137,0.003929749460003933,0.0016729876521810105,3.4157918437253515e-05
-0.036519637121105016,-0.00202555399005423,-6.15200277994456e-05,-0.0013092151040755764,-0.0028772952252668817,0.002196859537836235,0.0,-0.0010153962227740173,0.0027566936968462796,0.0005541553902586637,-4.775481766936017e-05,0.00014727230280420372,-2.1313460488954738e-05,0.00015644385337029883,-0.00045289117924673646,0.0001322666209061488,-0.005567490836235344,-4.1684639131234236e-07,0.0002633045732731758,-2.5138515383478437e-05,0.0,0.00011844987051332853,7.44778956379089e-05,-0.00025510146327930124,-0.002136550289538908,-4.134286957581745e-05,-0.0018235931202930519,-0.0012389673695448016,-0.01002719633977792,0.0,0.0,7.580206582807475e-05,-0.009266390695785111,-0.00022558604285943963,-0.0005606958418233502,0.0017713437635651144,1.661812391403422e-05,0.0009024654554867482,0.00017944108853857195,0.0014832551960221906,-0.00036704380946703323,-0.0025948676111346236,0.0006042502515793227,0.005566420568568925,0.0005992280536994822,-0.000411378972198094,-0.010883950992407068,-0.0007570798534488582,-0.0013153075431936076,0.0028515732862364716,1.4271173703709503e-05,-0.0008909536055524878,0.00142648639021712,0.0011956750073868318,-0.0008527818349322486,-0.007832952881911631,0.0021030553724920116,0.008007905840618095,-0.0003740567564175395,0.0,8.199610424147999e-06,-0.001283593422536217,0.0,0.0,0.0029534313076613494,-0.005414575047170979,0.0001717681448058683,-0.0008303391094344568,-0.0013614021597663424,5.209254971021656e-05,5.5489816011572546e-05,-0.00200013340357066,-0.004958200447907071,-0.005917445063575897,3.933292856978194e-06,0.004251278881524418,0.0,0.0,-0.00017987770541086335,1.3917697153874264e-05,0.0,0.0003412912742989036,0.0,0.0,5.0683157240452046e-05,-0.034171335120929354,-0.00024321514760034275,-0.0002286603379947709,0.03146709326867296,0.0,-0.0027780712139922124,0.00014270528767879615,3.847744495171574e-05,0.0006018050985111375,-0.0038899736082879622,-0.002396571528190441,-0.002170266826968226,-0.00025712472367643514,9.597476908074053e-06,-0.0001703002397718902,-0.0006437726307743308,-0.00043451502974653565,0.00012645642908716914,0.0005200830837233937,-0.011395186093991039,0.000883428923034075,0.00011210785781934915,0.009317060336627072,1.494870852219231e-05,-6.922170021582635e-05,-0.005437240299076746,-0.0002543780286887319,-0.00036547832571499087,0.0016831176748693091,2.3766247013598302e-05,0.0027195995087534743,0.0003911526859783135,0.00010637157604385932,0.0001278216743651304,-0.007494381236511227,0.007763218340270563,0.02362877886977972,0.003500999252638137,0.001810598965534954,3.394548569936439e-06,0.00017765861986861843,-0.00013908146858521248,0.00023503649138824145,0.0003469416970315246,0.00036568917595234985,0.0008259402417496358,0.0009854483616628016,0.0009172349174278649,0.000135547192357498,-0.000536991224986154,0.00661610774117429,0.008201067783017824,0.00016920474659607926,2.5632848505975594e-08,-0.004353831973084274,0.006801833957389231,0.00026147560482513475,0.0017995597542941498,-7.967509497710996e-05,0.0004274200246967358,-0.0030509976825159463,-0.002792666862265542,0.0005279537023404307,0.004298013202320424,0.0017149277488345805,-0.0032895765050555727,-0.0003227632766712385,-5.544801084689442e-05,-0.008108526681005635,-0.001476146668423701,0.0001200871987358389,0.012931055177406735,-0.001075995633640332,-0.0030686390553100536,-0.0008158678179347507,-0.000223582177803934,3.330135557317562e-05,-0.0008348923770736824,0.004333853767456316,0.000360134294312717,-0.00018208185290957847,-7.056135812852472e-05,-0.0012930802707225935,-0.002155510333321062,-0.000362964228541353,0.004159563098575708,-0.004441993528902434,0.0005438565233834621,0.018633708350534704,-0.00023573188062116782,0.00018792196544618528,0.00044496509616004295,-3.354532747124716e-05,-0.0005026640210476816,-0.02152405071231492,0.0007164830029131858,-0.009476251316390773,-0.018468536071809538,-0.02344450099243227,9.866755093980748e-07,0.001098722502873265,0.0002228934120627694,-0.001709060255733326,-4.57124040091137e-05,-0.014664561087932649,0.0009217434860935535,-0.0007271687686409091
0.14345657747200127,-0.0015362140032005437,-0.00016449729260929074,-0.0007960454756779042,0.002940548335530595,-0.0017653681115747466,0.0,0.0007015256750861981,-0.003560943557669015,0.0004942586745644126,-0.00015652970900519015,0.00017204487763529703,-1.4581254675363861e-05,0.00030434400314318413,-0.0005706714206385395,-5.3112569170263033e-05,-0.019095861248896392,-3.48329174555445e-07,-0.007836389025382364,0.0003688038844886778,0.0,0.00040500533345854913,-0.00013328265653698166,-0.004752960445765551,-0.001998140817488539,1.2271764336251444e-05,-0.0013620408117808042,-0.011692622867713562,-0.014802084653832448,0.0,0.0,-0.0016806802056765864,-0.010342530552756392,0.00019071164876635166,-0.0007822013693192863,0.0022421149917990425,-0.0005224301478489356,0.0006665423581867164,4.018411067266853e-06,0.005457361142150015,0.0044079275065115695,0.01859054220456867,0.0012480556894374469,0.011572042663601102,0.0019081367692328041,-0.007873465419383387,-0.016882067813113442,-0.0018345559583776711,-0.0013115566305316032,0.00020894580410476884,1.1025276777333917e-05,0.003230462402917665,-0.03212674448068107,0.0035902071066340907,0.010179572156005422,-0.0181302981238561,0.010287671290171566,0.012104906150424604,0.0046482325671585835,0.0,0.00011270011416036609,-0.002869853265733052,0.0,0.0,0.005420276416742264,-0.0182459777583005,0.0007339363505717542,-0.0043984448506529696,-0.001025942093515226,0.00022536532765712682,7.247077731374672e-05,-0.001633090760033393,-0.003452282851688881,0.0010333202331601515,-2.3697256018261255e-05,-0.00019095575709840313,0.0,0.0,-0.00043735133481768296,2.0918142783353295e-05,0.0,0.000772464750387392,0.0,0.0,0.00018670630104974584,0.005284592236751616,-0.0003078756658991276,-0.0002060318744086133,-0.015718824808856748,0.0,-0.011010489200721306,0.00014777714569613515,5.848923978035853e-05,0.0009265731193871424,-0.001279534811433431,0.0021794009340474715,0.0014321675410700694,-0.002439463697548078,-7.686750635333773e-05,0.0004913379578447698,-0.0013358486482957655,-0.00034969974540830813,0.00030736631200147386,0.001265858027433133,-0.007198642929625794,-0.0006298579935176332,0.0008853709598004985,0.007184238405755123,0.0001437669884665979,-0.00010312703125850821,-0.006309190972316323,-0.0004575310366406499,0.0007971998327213884,0.0023886383124779027,9.396347707065996e-07,0.0034933511228521356,-0.005843120203273852,0.00043708131768884655,6.225346235101697e-05,-0.0020610735661122674,-0.034286455758326805,0.03479796602957144,-0.0062102492246282285,0.0041492316260419585,-0.0028076382959455635,0.0007344476395754997,2.8441799330745597e-05,0.000297761409351915,0.0011138918925799332,0.0005400187897130864,0.0006336719188296356,-0.006038140863610834,-1.3721408571311724e-07,-0.00037141016105734484,-0.0006366893254559905,-0.0008709578585725232,0.005962281785429953,-0.0032828816878399886,-2.513360881504763e-06,0.003216612312229704,0.0023578624397471333,0.0016526630814869515,0.0012971984652298092,-0.00039848940501557574,0.001078028714054053,0.005776352648113306,-0.0039264811430922775,0.0015368704512117948,-0.016991831572111923,0.00442960417243562,0.003904333269677075,-0.0005740568570465499,-3.431880767179423e-05,-0.007806929308823663,-0.0010899104951591475,0.0018508609778040447,0.03713614156334642,-0.0020658550925210938,-4.1496188293548285e-05,-0.0018187233395977438,-0.0005001074706548547,-0.0004976837804316037,-9.53265098001233e-07,-0.003061442807603801,0.00040502558572611956,-0.00026426472765787135,-9.495608870239427e-05,-0.0022434510469388487,-0.01910481920332905,0.00035488080094928575,0.004927027194479801,-0.00943444521522283,-0.0019855243970647997,0.008861236817163482,-0.0001402838752454485,0.000523269507572555,0.0010893702965270467,-0.0006456198059631679,0.00047038669423524215,0.00021660925406494347,-0.008828987827576738,-0.005577400884734811,0.019585670367839005,0.0046004822316705885,1.0731204082329271e-06,0.0009610819611055548,0.00027938534712879586,0.0001349468780089416,0.0023003726872894803,0.004996197657459086,0.003468805280581889,-6.635368199674561e-05
-0.03588059087164019,-0.002687161592417023,-6.78476995891288e-05,-0.0012281593173930191,-0.002711025385311078,0.003546983902643595,0.0,-0.0017095026677692272,0.003586262509102458,0.0003615913747668848,-4.517429357009764e-05,0.00024187405223039714,2.3241881838977615e-06,0.00016959892955853512,-0.00044814585172040866,0.00015242098577421834,-0.005871859628934151,-4.05107528291275e-06,0.0009623828798477997,-9.121251940109666e-05,0.0,-6.775226249481196e-05,0.00012326559962071534,-0.00033123861690726857,-0.0017286754150477167,-5.541235277699816e-05,0.005997990167358287,0.003049728872897409,-0.009022417804439293,0.0,0.0,-0.00016306710584303738,0.003688861780860521,-0.002288784809942651,-0.0007286976588316543,0.001759101546557697,2.5833399569782987e-05,0.0071101012971317564,0.00021901275613032346,0.0026011561464662353,-0.003251173173441641,-0.001261212701808154,0.00044876836404496924,0.011414525531957605,0.0004660199498301427,0.005286078834144527,0.005424019498389089,-0.0007205372135917695,0.0014093285709642696,0.00467555651581375,2.772180279426741e-05,-0.0015399941158126304,0.0010873816974445228,0.0015777020101491073,-0.000733397461055039,0.04553009243396782,0.004793699417609166,0.003600301268868063,7.237992879747106e-05,0.0,0.0009931513082835066,0.00459187007030642,0.0,0.0,0.0033178402762807304,0.09019983658633693,0.000186736938720113,0.004983061995993082,-0.0006447167473390871,6.619776203365523e-05,6.431578602043783e-05,-0.0014750920732119147,-0.00646534846779017,-0.004213347284489381,0.0,-0.00011984564663433584,0.0,0.0,-0.0005068924514490375,1.2735342162870126e-05,0.0,0.0003526739307689926,0.0,0.0,6.692708537585183e-05,-0.059964235659194606,-0.00017563336558256454,-0.0006866409844371135,0.060367431280898484,0.0,-0.0013389623601839768,0.00016779639694585122,3.49509548070369e-05,0.0005311970058959688,-0.004507299406774896,-0.001996024449772728,0.0003843558519996934,-0.0002391114629887744,-4.070831786537168e-05,-4.8302591453404325e-05,-0.0004087551075292724,-0.0006998245408759071,0.00019032881174028946,0.00047203109025916677,-0.018680103847404164,-0.0029931560033985504,-0.00020485766226328593,0.004201121619022245,-0.00017048198358113193,-8.621688315851452e-05,0.03208143567371637,-0.0006136404150646656,0.001240655129375359,0.0016463294420911998,0.00014010183672899903,0.004145135671142695,0.000553724103482219,0.00023245301385942666,4.50031544660352e-05,-0.010672632027334017,0.001969469809777302,-0.13561822409048463,0.008223291348167296,0.002661856042549992,0.00047190489887472746,0.00023447667202664222,-0.0002891621107347275,0.0003726020071590786,0.0001680524002385319,0.0003004984834429773,-0.002233867461386249,-0.0007105271371588169,0.002104323052642181,8.497637726802855e-05,-0.0011912064111375663,0.004826504598786469,0.01375042868208356,0.01724147725297077,-1.1247101740036354e-07,-0.007613996540590889,0.007775471455467741,0.0014946113778773757,0.001548276410352744,0.000543835744392631,0.0015298728376026934,0.00391229277485001,-0.002443356839961911,0.0012903915900383772,0.005303777813695943,0.013908851608369919,-0.000543999852020674,-0.0007206885033129597,-0.00031861875047164707,-0.005130604682864463,0.0015421391862734568,0.00018008149032483405,0.010469213056912181,0.00013144191009563106,-0.0008606069089057035,-0.0005151206200203961,0.00020857487838687715,-0.0006884872559235602,5.2546075765312184e-05,0.004946438221183253,0.0009799355219714263,-0.00020054459040567174,-0.00012920541833499687,-0.000387856446931807,-0.05707789509106125,0.000834991619654913,0.006224171749623892,-0.0005220652694378931,0.0026973494479480566,-0.014739231647228356,-0.0008411710031670847,0.000155518689980716,0.002229438213571579,-0.0006826392034472076,-0.0015961324687437867,0.00025797583711785184,0.0007004804531217206,0.00013953960930438564,-0.03159983444613713,-0.030653190244734296,1.160717123036211e-07,0.0006511229712883256,0.00014517627961136632,-0.002223944531052848,3.4162645644482176e-05,-0.01992036258630657,0.0017254765288561825,0.0003025371838508451
0.10292194765380724,-0.001970327557284362,-0.00016457597650386472,-0.0012101046691227275,0.0012890539359001873,-0.014844688878615581,0.0,0.0003908983815737001,0.003134626995142918,-0.0033359858902310335,0.0002666345692278049,0.00018602683273400144,0.0,0.00046785588793676295,-0.00046257410436861715,0.0006669806312421128,0.008160591209526145,0.00012776408839245055,0.003569859560517005,0.00016079441367706726,0.0,5.730905092413664e-05,0.0001170880096110796,-0.00013016386783990785,-0.0028446054043340676,6.288011687940881e-06,-0.011777537699961909,-0.00682255802964436,0.002578955508652876,0.0,0.00011910687382506917,-0.0008923614178962348,-0.0057491747054105365,0.0002550056234961359,-0.0007858017229340947,0.0019323614150817917,-0.0004321015242078693,-0.02124422485998523,-0.00018807626215095296,0.003315578868782345,-0.006948796636668471,0.010275031487456166,0.0007863807687050637,0.009148159069409516,0.0011784709216256953,-0.002389233041069179,0.0023351113930208025,-0.0011734746278524028,-0.0022491497847310095,0.0033962015455784693,2.082817343015837e-05,0.008035422345216538,0.00450284501806748,0.004143752588862539,-0.0004952482503083175,-0.013037074277773557,0.0008681881007716835,0.010912651523688834,0.004175445639244641,0.0,-0.0006446136269412475,0.0003551660201434194,0.0,0.0,0.0039211730593199925,-0.01514002066005118,0.0004252540707917763,0.0004250991054429663,-3.7477416670580845e-05,0.00031281337559040947,6.53494663473347e-05,0.009941754752985766,-0.0032961894411388626,-0.0007262718858303103,-1.8810618680251613e-05,-0.0001954116867652906,0.0,0.0,0.0009808387208222727,3.395979987662599e-05,0.0,0.0003729282812051133,0.0,0.0,0.00021476488507107293,0.005845745472341644,0.00029514241962516104,-0.0003814228512098777,-0.01141210614316973,0.0,-0.00870617050569518,0.00022552920504736844,6.579513137251946e-05,0.0010181289728003599,-0.0013983129866426218,0.001918597963388069,0.001522360221030983,-0.0013431549494516337,-1.990072388824004e-05,0.00029195858406191806,-0.0012878640622172887,-0.00033090039257311737,6.494799446538862e-05,0.00021837486858889424,-0.027830888795940444,-0.0032017978491322707,0.0005642393629093182,0.00499749461371766,0.0010566822431478664,-3.220711383985961e-05,-0.006492227314852868,-0.0009062512885293843,0.0016797910404938248,-0.00027813842473101445,-1.974264611820217e-05,0.004489086939693086,0.003220671634643098,0.00021960776101419312,0.0003217262257470835,-0.0014416207774236797,-0.018153991320336627,0.03198548881715827,-0.00825588851261838,0.0014461322086132117,-0.0002630318064804646,0.000434176924984001,-0.0001239139078541356,-0.001957199531551104,0.0011894719400150214,0.00012468344998862693,0.004542101375398834,0.00027159353248024456,0.0001014895658484461,-1.2551544980124699e-05,-0.0008927857006441309,0.000183406805480851,-0.006300445309666958,-0.0033978784437585334,0.0001704984894588106,0.0001262900503358818,0.004022444582692145,0.0003479010793122,0.0006415932317541157,-6.68458051681745e-05,-0.002765641187714373,-0.0006255577458853214,-0.0017911223801311135,-0.007191460008084131,-0.006326883619866792,0.004209612030512858,0.0004678995273386833,-0.001409272357226066,-4.004386430374196e-05,-0.010703461170194469,-0.004858063739911946,-0.0012945704884772364,-0.03575743205498747,-0.0008492782358693755,-0.003849090205367221,-0.002130004284504599,-0.0004231039681083364,-0.0007088596352734965,0.001947942752404369,-0.0024239806335173302,0.000864011367234671,5.889832094621906e-05,-7.756840201403937e-05,-0.0017343957045408893,-0.020118173042834746,0.0005563684817621295,-0.02057267874441014,-0.00026415874381543374,-0.001208804793099976,-0.01654050738187851,-4.3570941673744994e-05,0.0004923056239489982,0.001981930243485065,-0.00023261781732610216,0.00011403437162650667,2.3899267443737725e-05,0.001210400629971436,0.0006987971363477935,0.0021515864722877905,0.0027062352905850933,6.8093395598304804e-06,0.0010418724777965039,0.00020327369708527467,4.394725153828125e-05,0.0003320728031061495,0.0021818921727307255,-0.0003332801828194845,0.00014302629057619
-0.007369793558952068,-0.002071834284543227,-5.964481611324547e-05,-0.000919388654054407,-0.0010676579037189175,0.0020589045709027555,0.0,-0.0006956451727939504,0.0012412070745764097,0.0006507153102788528,3.463841565644194e-05,7.99913169615906e-05,1.7423225862236015e-06,3.8082081167297715e-05,-0.0003390881033589412,6.267361543029494e-05,-0.0031011192512324474,-7.98850760725013e-07,-0.0003193798590046696,-3.920987023254976e-06,0.0,-3.8420746487992813e-05,2.5809666716718834e-05,-0.00011055106234519965,-0.0006278215154931281,-1.2524525392352615e-05,-0.00025955639341199594,0.0009404774492499861,0.0007190526000177297,0.0,0.0,-0.00019264420396094883,-0.00381090490227445,-0.0011415068365987662,-0.00029564344753858806,0.0006385692162212528,-0.0001138498748941386,0.0006177135721096256,2.6721868378943545e-05,0.0006714966301397713,0.0005331164992816946,-0.000560320135917093,0.00023053934301766186,-0.0033997985341824234,0.000280101230875722,-0.0029779760165181616,0.0013771536963062838,-0.00010025455894324841,-0.016033272734316987,-0.004050321973139534,1.2083141730702428e-05,0.0005661350006531788,0.0006762330390796342,0.0016724930616067932,-0.0002764326785124696,0.009014540638155894,-0.013251557872372708,-0.02576393175577972,-0.00031196927565523924,0.0,0.00023914297314044322,-0.0012007865481893471,0.0,0.0,0.0009675652869320126,0.04597406106884441,3.5170483144912455e-05,0.0005748789454329268,0.000292205049182345,6.578077497330624e-06,2.9255281054502554e-05,-0.0006750045198619283,-0.004984484007080914,-0.0004688662482133366,0.0,-1.7960606224462286e-05,0.0,0.0,0.00025255578606249007,1.2683859590032758e-05,0.0,5.150052557013947e-05,0.0,0.0,1.2001626491594817e-05,-0.012201804203091334,0.00020550444913722176,-0.0002541538230430539,0.015197467964744091,0.0,-0.0034862288727226325,1.4632295645851348e-05,3.3608041905425874e-05,0.0001413943916957399,-0.002480212773810165,-0.0001606613688777097,-0.0010022822398769201,-2.014623509524671e-05,1.4490624516859349e-05,-4.614115547545359e-06,-0.00029528357974456705,-0.0005568743348586226,3.594195976008299e-05,0.0002022765146542495,-0.006756457338394591,-0.000970532761018355,-0.00016763961652284276,-0.0068681253273624844,3.368486840402761e-05,-2.6681676773532924e-05,0.010074544134623033,-0.00012015257747708363,0.00027734813421995087,0.0010427774146355194,3.085823079287419e-05,-0.005797189090223413,5.885168746906562e-06,6.87633201770665e-05,0.00020951693956001248,0.00011087859183251617,0.002164202247612147,-0.058370742603602456,0.0005867405417036276,0.00021363392745564293,0.0001672326878279776,0.00015607484848391813,-0.0001050508076605464,0.00017683975324267196,6.136199123029715e-05,7.376536580680161e-05,0.0004292878545871308,-0.0014216252962868379,-4.2427357946825445e-05,-3.7305130457523354e-05,-0.00010572612240481148,-0.0003617470426051578,-0.006682615661602942,0.004310495043007531,-5.708858219540455e-06,-0.004105867160798481,-0.0013121771123656425,-0.0013712716199360767,0.0009128023024498144,-0.00016147394518977064,0.0006053106227747364,-0.00036681166945015756,-0.00013150120659346137,-6.40075830455332e-05,-0.0015840688975050593,0.0013577583249362287,0.001149383376182378,0.0027993648999019628,-2.7978342957213683e-05,-0.004081968944924352,-0.0014658505298902394,6.759401598036817e-05,0.0005979349001667927,-0.00019368181828033793,-0.003718056204504957,-0.000452242874448575,-9.161790819858628e-05,-0.00038418688462734155,1.2496056094572601e-05,-0.003268027227075691,-0.00017766589090874714,-4.241316745069891e-06,0.0,-0.00016943285960164254,-0.031095351131577697,-0.0011570045169970835,0.00035866411967148195,0.00016657632432239133,-0.0008484224251886966,-0.020974858850828327,-0.00033071912562461134,0.00010475867646987049,-0.0005291840435551847,-0.0006260424773344964,-0.0007672589275430282,9.783111924456964e-05,0.00023160019471364947,5.864743904255674e-05,-0.013175964047417216,-0.008571252475677069,2.4447185742591958e-08,1.388910663549615e-05,3.8076605739959005e-05,-0.001516205226398558,-5.0041904857000604e-06,-0.00654690626349367,-0.00016550740417361337,-0.00017396628937529747
0.055209448090782,-0.0012241516780128175,-0.00014556969632862447,-0.0006862839956235776,0.00046176467020889346,0.0009461250089471387,0.0,0.004041140263732779,0.0015743184639270386,-0.002558937841343218,0.00022357133554360052,9.711958160098516e-05,0.0,0.0004425972794607563,-0.00043036884951439653,0.0005564349295740032,0.0016509712174367455,-1.3505477614770269e-05,0.0014676952844532203,0.0001024878976904893,-2.34460398327159e-06,-0.00036811004181625646,-4.484459732404117e-05,-0.000691699843583079,-0.0011571601493276893,1.3008323151703552e-06,-0.008113479665656717,-0.0006606866532809954,0.001251428627622741,0.0,9.007468019385616e-05,-0.0032843661472930484,-7.866954524956719e-05,-0.005574364270918864,-0.0005585721732371703,0.0009201578986337968,-0.00011646342777631959,-0.008260600186707689,0.0014178088036304244,0.002819261701099674,-0.005542276433516826,0.00012684015057684767,0.0006322362958709493,-0.002436772849491287,0.00031304925368605283,-0.0001980698957069928,0.0006956823366362928,-0.00097186978169029,-0.0015084799293781767,0.0007135740889406589,2.4869665560220843e-05,-0.002447020377202527,-0.01714332933524975,0.0017870866249167909,0.0016803162013497904,0.013034799333302743,0.0019740947041898475,-0.013464745802924854,0.002128821854463642,0.0,-0.0004831814361368753,0.00011162210511843457,0.0,0.0,0.004055264115071317,-0.012073962473566218,0.00013731209249774184,0.0006245313716284505,-0.0005061298335972803,0.00015293478828932495,3.19555446833654e-05,0.003399111509529835,-0.004385089093876595,-8.514921290555838e-05,-9.01060800195383e-06,-0.00010966337600754507,0.0,0.0,0.0002927253972414339,-0.00021943013875563099,0.0,0.00015719938963799747,0.0,0.0,8.242677588418009e-05,0.0028990141384373953,-0.00014415064582432374,-0.0006047488083005422,-0.007243039988338377,0.0,-0.0020478635693774606,7.505229543544106e-05,6.149524938282435e-05,0.00042032344043774856,-0.0009746867213910504,0.0014114679607465882,0.0011848101246738842,-0.001329741987865239,3.529179752592598e-05,0.0002756106565976532,-0.0014316581980853725,-0.00023775766661354839,3.212193891425678e-05,-0.00015734749699100953,-0.016108709881069282,-0.002400536089355656,0.0005216460192770033,-0.004273637943336117,0.0005437779080879187,-2.669475015348582e-05,-0.006116455489053962,-0.0003750430067672727,-0.007215689070619027,0.00033613360273489814,-6.91155140464282e-06,0.0019362984098617118,0.0018871020622416076,0.00022010764248850254,0.0001832533480567571,-0.0022574702061988255,-0.01127330663266492,-0.01595245921037327,-0.03240014227773194,0.0008559667540939368,-0.001437321632312546,0.0012119205995545883,2.8217959831059094e-06,-0.0010139415914747825,0.0007540327750176008,2.7373936691123768e-05,-0.00029704521262982045,-0.0008109926357513087,-0.0003374585791827074,0.0001951067839015342,-0.0006133998306254581,0.0024814326756531276,0.0030244314756701306,-0.00269406923655918,0.00012865873920344317,-0.007102878718037623,0.0016838719849031317,0.001092511836831304,0.0004556200726830851,9.984660691151258e-05,-0.0011739477273909969,0.00038008420492355034,-0.002241808930929766,-0.004524022448923613,0.003960125941322789,0.003922351336814176,-0.0008125850928678505,-0.0019355233637137073,-2.59022150207185e-05,-0.007563087540012515,-0.002460596157910823,-0.00032386405784645396,-0.023937297704091004,0.0003988927593427298,-0.0010376583327886364,-0.00010465761350133869,1.057893517884559e-05,-0.0011485411312345518,0.0012864609751356945,0.0005177840823575253,0.0001742033955012762,-0.0002070642979895926,-8.317426118314397e-05,-0.0007060890055578606,-0.016466290285359245,0.0004758254967674636,-0.0188126591947908,-0.0020487297215263838,0.00040349384322528213,-0.0022990029753638206,-0.00014504565963959577,0.00015151931986243,0.001564284097905221,-5.2719760012328795e-05,0.00010837390455742205,0.00024961607981371545,0.001217818599458507,-0.0028562953568634837,0.004669789670147171,0.0006541895807055249,3.334168709516049e-06,0.0008134351228990959,4.3090702274154574e-06,-2.7808922016919362e-05,0.00017441603293547752,0.0014662577266874497,-0.00018828787567411683,0.00018548788252348064
-0.08623242632572264,-0.0016985131556065025,-3.877931456143806e-05,-0.000939021323257102,-0.0010327151032795867,0.0018579802540342688,0.0,-0.00022142125300521877,0.0012774994393972422,-0.0023909797200796384,-6.45462876918936e-05,7.28915310849854e-05,8.650466064783917e-06,6.0366097966563014e-05,-0.0002959490841782429,4.6667267942689146e-05,-0.0004354377106736727,-4.938438580146044e-07,-0.0007577786422286677,-3.4960937613756307e-05,0.0,-2.075659287428631e-05,1.3420328447518242e-05,-0.00011390171692081397,-0.0008293687719942394,-2.1581701907964287e-06,0.001330682448699969,0.00018003725577400758,-0.027134510650798863,0.0,0.0,-3.767752213135798e-05,-0.0005102145487625952,-0.0006362327042393136,-0.0003499117879885265,0.0005506509129225653,-5.1095003282707254e-05,0.0012572263878408254,-1.855804840866468e-05,0.00042646516606346816,-0.0021799650759899833,-0.0008322201775467457,0.0003389987142819558,0.00035133686031463426,0.0002773614161582418,0.0015640387313470255,0.002701130090255485,-0.00021315648181146037,-0.001602973043680898,-0.004414545454379014,6.891404050077194e-06,0.0008004971728790168,0.0011891407337516974,-0.0009526053262069499,-9.18135347113851e-05,0.0006609954974946979,-0.006193785459053672,-0.009909890520460266,-1.1082889528576611e-05,0.0,0.00012758453667605598,0.00146234431906117,0.0,0.0,0.0009376041180705871,0.051049019290480994,2.8101628184816984e-05,0.0012565894235164008,-0.00040485956868133464,2.0754164423727626e-05,3.0192676356404048e-05,-0.0007763866123827398,0.012127758689955097,-0.001709658987396679,6.159625682177709e-05,-5.9870394028530786e-05,0.0,0.0,-0.00022736015239040308,5.765762851568264e-06,0.0,3.98185701486335e-05,0.0,0.0,5.2905002394157205e-06,-0.004587296479672085,-0.000324831814268386,0.001250309553000801,0.018819973828656092,0.0,-0.00012185824987582676,2.2446249604483565e-05,3.3494076839097945e-05,0.00019218660325771877,-0.001464384734426027,-0.00206743385555273,0.0005046960549154004,8.302030046522108e-05,8.232234885119652e-05,7.22277420899757e-06,-0.0001761657685334827,-0.0005211022364182378,7.20084136776424e-05,0.00011452221299852932,-0.0021922362970759556,-0.0013285596279577195,2.2066601654742437e-05,-0.003354148019600467,-6.293384612565544e-05,-5.282599579485218e-06,0.008658454853437908,-0.00012167817646744397,0.0003001260913917038,0.0011182409558682675,-2.509668119218952e-09,-0.004762906439894566,-0.0007959240484239326,0.00014829706820364448,9.19884021347283e-05,-0.001290113414734833,-0.006265147835138228,-0.06450481362473184,-0.0034141686445544038,0.0006597739905012692,0.0025475758393458453,0.00022401882858873732,4.1325168075520124e-05,9.44589088507948e-05,7.407512197204349e-05,9.701738137855097e-05,0.00140346284118597,-0.0006808993604568566,-4.40074735971391e-05,-1.8257932007254418e-05,-0.00021295695013933848,0.001516296228689849,0.012726629415879012,0.004611549263978159,-3.65767400091532e-06,0.0008418706260193367,0.0020978460425989777,-6.512626293069653e-05,-0.007675275406084596,0.00012823939380797675,0.0007805892159800951,-9.794159708409331e-05,-0.0012518887558500597,0.0006672739070940403,0.00039997027065127237,-0.0003602745248807894,0.0003399100162711996,2.1963371624448675e-05,-2.038159879481275e-05,-0.001653626906762791,0.00013101733379283854,4.6781526318772254e-05,0.004026699480199453,-3.530989075599902e-05,-0.00028671175937264147,-0.0007239037785432101,-0.010466096605101727,-0.0005930241012500737,-0.00042773500439853985,0.0011482285986917414,0.0006325876490656543,-7.437263742137989e-05,-1.4096789411011564e-05,-0.00015093085329010626,-0.04995955996955863,-1.8040038626547212e-05,0.0001063933048103128,0.00044144452786166105,0.0005513873781736511,0.0060122285143998574,-0.0006064909362111655,0.0001218250727523236,0.0002194009042098912,-7.053004807249881e-05,-0.000950665787151663,8.085005044321688e-05,0.0002746327623658898,-0.003636165256631545,-0.013574056661974863,-0.006704386020706544,1.603594982495038e-08,0.00029379869788062987,-0.005137607629799625,-2.895693379934805e-05,1.7432721585674207e-05,0.0007482390859033287,0.0005886739590171639,-0.0005318091776830506
-0.08758728006805082,-0.002259619719867932,-7.20141821662712e-05,-0.0010463750363343168,-0.0016476438920887695,0.0030061599046824383,0.0,-0.0004101057780109411,0.001814873643856427,0.0017700190926361328,-7.704483828085172e-05,0.00011512950729362741,-2.2099171088787154e-06,3.395427128767893e-05,-0.00039689745520388224,6.056097365061671e-05,-0.0027993485006030426,-2.9797500649293285e-06,-0.0005069988742846722,-7.047014929447836e-05,0.0,-4.871422220593224e-05,3.37364270909679e-05,-0.0001282621668317367,-0.0014062740628680954,-1.276126640854435e-05,0.0017910288785076593,0.0015000955724459892,-0.0003729808550686662,0.0,0.0,-0.0001232934868491427,0.003203432434557695,-0.000751360506265123,-0.00044344117514234354,0.0009443513175720757,-1.0998109950109485e-05,-0.004278424545913778,-7.822325771425518e-05,0.0010992137132673791,0.004326009028436966,-0.0011585704054326883,0.0003276339301450408,0.006722205789102396,0.0003240503264072822,0.00046320312830111504,0.0037498041310673187,-0.00021477384330696714,-0.001955536316604452,-0.004465343916851779,9.815035628754446e-06,-0.0032461458788774133,0.0004293388046776923,-0.00023526379539274233,-0.00023593652353896908,0.006284425579299328,0.008502037195301468,0.001983612502779829,-0.0001931234417022193,0.0,0.00041399165307625367,-0.0020229865959579796,0.0,0.0,0.002023010621033356,0.008050642904099174,0.00010089701088570879,-0.0005630013870015468,0.00017189232799149644,3.094879407209873e-05,3.65854469114663e-05,-0.0013497062448432737,-0.0006235501653648505,-0.002531806879084661,2.799211952078033e-07,-4.927392404170447e-05,0.0,0.0,-0.00024785330763993623,7.001710190112273e-06,0.0,0.00014308665120536324,0.0,0.0,6.427159818474117e-05,-0.02927538493424543,-9.997159694825043e-05,-0.00027415150461396404,0.018607981959272407,0.0,-0.0009660459530741581,3.151210477507906e-05,2.0502383914497457e-05,0.0003933359495921166,-0.0025434252071297814,-0.0013067581286711663,0.0002657124927609731,0.001232487792579837,-2.3950327807894276e-05,-2.364140108305922e-05,0.0029286238969158025,-0.0005651056413461764,5.551914277833339e-05,0.0006695091657798356,1.2749978434973712e-05,-8.419949760779087e-05,-0.0001615388697598465,0.001372164269517835,0.00013317850946639989,-1.8144133461878414e-05,4.073442046313636e-05,-0.00032704609758284713,0.0012936813340759157,0.0006229121800132291,-7.654752132029675e-06,-0.011259432004460277,-0.0018049837969387015,9.196443882047418e-05,0.0002569594634048911,-0.0012098347433994049,-0.01037806601772054,-0.02683238912235048,-0.002501360765925204,0.0006809403203598778,0.00021256204657703844,0.00044798630269082693,0.00013015033378903476,0.00016762829249158045,0.00015212367080741308,0.00025999107063197336,0.0016819565938684783,-0.0002875810185275964,-2.706460575034706e-06,-0.000161820276137656,-0.0004003812339733738,-0.0036066924128019605,0.0225943118646174,0.0017849636013330939,-2.6036271580350652e-05,0.0014081683746226586,0.00028746549194192636,-0.0016303337356033854,0.0015973631953893775,0.0005057793046592828,0.0004524231636853622,-0.0024602477020025347,-0.0009376346839157349,0.0007296385588139124,0.0006748517325166384,0.001658676738480166,-0.005313302685929269,0.0009284285360713348,-2.873524298791716e-05,-0.004032170798728253,1.253906959042569e-05,7.763190370420092e-05,0.006923813345319936,0.0002694110748345404,-0.0006256052617034609,0.000346303241642009,0.001041128360319064,0.00030627109088025384,-0.0011125099965006385,-0.001655008974039123,0.0005463294866207545,4.311202600110397e-05,-4.58043181623478e-05,0.005013774395910759,-0.03100024413688956,-0.00020880919177391176,0.0048233601702128,0.0009325508922669955,0.0006119124249851907,-0.007174754530097218,-0.0003635534747524181,0.00029471291271548103,0.0011411396489604284,-0.0001091202125212701,-0.0008497434427655317,0.00023225836243547367,0.0004208741815557158,-0.003778216738958024,-0.021500850994013335,-0.016425114526147578,0.0002776884942618506,0.0004712403762281538,-0.002640384535637683,-0.0008719898317376454,-7.595939725182335e-05,-0.007639534989826042,0.00014482596016095737,-3.291105833432702e-05
-0.04339900887717457,-0.0015971038180882969,-7.102557729306936e-05,-0.0011645728113160003,-0.0016416875182617497,0.002136403334207669,0.0,-0.00031828401164188586,0.0017489593343042744,0.00015091368310196995,-7.318390662796237e-06,0.00010816377023680296,-5.979611515582835e-07,0.0002116583686452081,-0.00046560961046293223,8.777007545139311e-05,-0.0034466638504997865,6.241958016266287e-05,8.570982842807495e-05,-5.951624693867624e-06,0.0,9.89869294860795e-05,4.117555807134248e-05,-0.00011591003913629192,-0.00237395664942884,-3.0430556110856947e-05,0.00038171032555814414,-0.001183554672302352,-0.005990389627025857,0.0,1.465441964115319e-05,-0.00013874872115376643,0.0127872161594342,-0.0003287519152213933,-0.00042036119951011796,0.0014559111553029247,4.6884163767108924e-05,0.0023053652439146482,0.0003525697984283639,0.0017324531696893753,-9.43579702380093e-05,-0.0014568022614977894,0.0003967430834990893,0.005294031164177015,0.000413362407513946,-0.0011515973714914067,0.0002351924312774336,-0.0005423300584623996,-0.0023533012830990745,0.004947498402437508,8.203297392308028e-06,-0.0013505617853313268,0.003398011284914911,-0.0008619180557810868,-0.000645868720917911,-0.0033705866924794714,0.00030402546901579645,0.0027352227880679974,-0.0004015160947608832,0.0,-4.850658021393734e-06,0.0004246832719133648,0.0,0.0,0.002403013877659898,-0.0056857770518004384,8.987353123559524e-05,0.00019631847895090177,-0.0003962833272122461,5.782340549618523e-05,4.4728646374557064e-05,-0.0015953637817268265,-0.0018770350297791247,-0.001481873095990248,0.0,-0.0001203986722285475,0.0,0.0,-0.0002517327343587603,1.536769264690631e-05,0.0,0.0002748459250623762,0.0,0.0,8.000967280547702e-05,-0.017084236245152703,2.997862482968179e-05,-0.00011758949619861769,-0.006447156334509381,0.0,-0.00143318091563123,8.571408670535497e-05,5.0305341723428e-06,0.0003915785887208164,-0.002544463179851476,-0.0031908870878541843,-0.0019486895412193271,-0.00016611815993407197,6.5239527192827996e-06,-6.906105621545636e-05,-0.0005564709171609813,-0.0003314330799531101,5.055162070595866e-05,2.201935137600301e-05,-0.018764757761147076,-0.0010613541167250955,5.8286489700303864e-05,0.002561801647443672,0.0003256181492023895,-1.9788654708311028e-05,-0.0033339272185994597,-0.000246941587476539,0.0018424306993900133,0.0006032441825965794,2.4831617629716942e-05,0.002121321765583104,0.0014384920361222458,0.00012883719067941518,5.2102203630232065e-05,-0.002673621053670357,-0.012287971057224924,0.015288500736133184,-0.005736666335724425,0.0011700306383947672,0.0003973730676803679,5.7105630231234844e-05,-0.00020558591316437107,0.00020384241122477532,0.0011771548650705188,0.00012885896666662688,-0.0017934552026100821,-0.0005732173336882082,0.0001829638251124981,6.184623514831807e-05,-0.0008912433212824008,0.0020582509778946847,0.0047534975250506685,-0.0016939035648560643,-2.6033007661516112e-05,0.00014610141430114844,0.004047320634522092,-0.00013532209599134273,0.001203327880824687,0.0002267707605218479,0.0009931910055712674,0.0009029086587551689,-0.0016689589574455628,0.0007959697692258788,-0.00012473942048385296,0.004057586208062519,0.0008771017270061619,-0.0007479826567517625,-5.650869220569024e-05,-0.00423113664702645,-0.002406307707680379,-0.00044891062480916606,-0.01593829570348042,-0.0009792681984449705,-0.0010944207586269922,-0.0007186890635533718,-0.00027766401636804294,-0.0001594711513713819,0.001610434914934982,0.004448676962805232,0.0011258268036092958,-9.842268271614631e-05,-1.8646663910791497e-05,-0.0011476349263950972,-0.0069258278620271205,-0.00024881054881659945,-0.011980948807374747,-0.0020361446670974295,0.0005625439816059793,-0.007447183631468405,-0.0003097362615137409,0.00034455935159507297,0.00016061246342200327,-0.00013736309444091558,-0.0007382507007662894,0.0003576585550427589,0.0010037044666130661,-0.003988121055056764,-0.01268461511966999,-0.022068537876491795,2.8681629957260043e-06,0.0006186306286160927,0.00011577429737404419,-0.0007426688725533007,-2.9355710596706605e-05,-0.0067432320652343804,0.00021270559354793242,-9.221836316601159e-05
0.20840019669640333,-0.002350145249361331,-0.00014831999611825467,-0.0008871698623011519,-0.0031908699016200857,0.007472729217692149,0.0,-0.0011960603827787077,0.003477599829098722,0.001906898574888495,-1.4428689396111415e-05,0.00019664563119998726,-2.4081939862660925e-06,0.000401879260548675,-0.00043254560002022535,0.00019698771208525825,0.009131971535454888,-4.7212732129063925e-05,0.001787174458930971,4.0863690672151156e-05,0.0,0.00017548036146725613,6.85695664390165e-05,-0.0004243881646623841,-0.0024202558333936077,-0.00010427504660678865,-0.010353925025872315,0.002377404428941108,0.010926959488255028,0.0,0.0,-0.00039148676671715165,-0.006128811226831979,0.00035118010436699083,-0.0011818220528645549,0.0019552370395780946,-0.0005296472778923413,0.0025449075369584615,0.00036935203672273416,0.002728584530960298,0.001045533394967301,-0.0033447482801722273,0.000860764209790993,-0.03301301179808184,0.0018210617978012323,0.0033462546070239445,0.004775505027473846,-0.001406311990495989,-0.024321926182888674,0.0026777486953747567,2.2882895442806243e-05,-0.0010490686761517134,0.004429018282107328,-0.008230101274919108,-0.0013846619669565738,0.024749971953222767,-0.018072717788316237,-0.05416445423698434,-0.0008591088187660707,0.0,0.00011684810439774647,0.005040403188713476,0.0,0.0,0.006062285234702037,-0.020808870267121412,0.00038427005155276827,-0.008149617158281995,-0.0025220348869805106,0.00021816276852273776,0.0001839269519713568,-0.0009834574596862325,-0.009516316035916125,-0.004076719044623245,5.6020826025391554e-06,-0.0001774688701628999,0.0,0.0,-0.0004077743366017804,0.0001239340415470833,0.0,0.0006077642672980712,0.0,0.0,0.00020859658775012526,0.009279315147226684,-0.0003593206501097259,-0.0006009628860899957,-0.001686595798786572,0.0,-0.004940356379843449,9.820058049319152e-05,1.718131006407513e-05,0.0015997324359845497,-0.0016051557561520976,-0.0025346253604655346,-0.010058824508733119,-0.0018598374708297723,7.339920441621329e-05,-0.00024052996991848465,-0.0015916934277805809,-0.0009593389887845657,0.00011264931650966918,0.0006369640035120306,0.0016802059320633845,0.0023688444879259945,-1.7220223941037024e-05,0.01302234641445857,0.00045080264163967947,-0.00015972806110255272,0.002674491977688288,-0.0006938244672247342,0.0011215756182842962,0.0006112761990467665,-3.17600084142595e-05,0.006398054756462437,-0.0010923938027236385,0.00016527202231357988,1.4540008372023804e-05,0.00959597100225746,0.006057276865277429,3.921158139814265e-05,0.006324529424055745,0.003138333893478746,-0.004645476647416736,0.000596583486519009,9.541454567266538e-05,0.0006591621314749525,0.0005386643081021824,0.0002098121124867183,-0.0012633919216802827,0.0006938237871358495,-0.0005970808359575937,-7.508188881818811e-05,-0.0003442018300876267,0.01326439756492575,0.0014481204688653647,-0.0014020924042927546,-1.4153809147829133e-05,-0.008490864305107725,0.0057705936912246895,0.0018643508731676758,0.0014513562536433312,-8.2209507432746e-05,0.0008844496809280015,0.00391161052852408,-0.0033144938357231365,0.0014234569103578484,0.005668460300961472,0.00975847099306202,0.0007097255753016111,-0.0008665270883895614,1.7418652934415822e-05,0.00025436231178147076,0.0028722072240810505,0.0012249567202640684,0.017652431414206124,0.0008181156119433548,-0.0019720928344284204,-0.0005239290939434388,-0.0003405636873523004,-0.002882521526000968,0.0038185163231418667,0.00021800210623222765,-0.0005135169906977827,0.0017115332643660485,-7.961590976695918e-06,-0.0009823190169570067,-0.01946128281038766,-0.0008005972991717252,0.009308175534467248,0.00039701709894145935,-0.0001375458135776158,-0.00474711144299404,0.00010570777623768094,0.0003958693029051847,0.003861125021772155,-1.178287105456634e-05,0.0006662422285025084,8.968777747454458e-05,0.0014602409126569695,0.0005488043353086622,0.027187112485436375,0.004148314779484327,3.3647796060008973e-06,0.0005096847661384666,0.00020447580791870074,0.00027385793666268173,0.0003174491743205852,0.003128305814765218,0.0020425207316008697,-9.273574275615416e-05
-0.12008184967709624,-0.0019437620539644429,-7.973478715982791e-05,-0.0011878295819521144,-0.0017029783790210825,0.003417309835292349,0.0,-0.0010624533987017583,0.0019369852703944443,0.0033707503119496853,-2.613301634671343e-06,0.00012058267319038262,-1.0441532000543701e-06,8.685941659816805e-05,-0.00039427789490981846,0.00013163800032834944,0.002932583832782325,-4.254200186900954e-06,-0.0011827987201186033,-7.458050719709206e-05,0.0,5.69867683018221e-05,6.140347806279128e-05,-0.00029470147073920843,-0.0014713486757283508,-3.475829465081513e-05,0.0031969151627764796,0.002262823478950719,0.003233251326821055,0.0,0.0,-0.00016880544309284752,-0.00466734576214746,-0.0004606503870598011,-0.00047026683894686635,0.0012260198044844587,1.7312655482587387e-05,0.0034753465768118945,0.0001110903678133714,0.0012041216284564742,0.0006875527013734286,-0.0012282587660852862,0.0003690910639327794,0.005582061910611338,0.0008760093310425179,-0.0030978483052468506,-0.0020175771598560377,-0.0004559701124175398,-0.004687685773195763,-0.009696183610342031,8.336164833793517e-06,-0.0010934214089970916,0.0009498556721452263,0.000935492342118449,-0.0008007051457646813,-0.005660973659149019,-0.01666701395355825,0.0026399320021133917,-0.0006469857864530288,0.0,1.628119636427701e-05,-0.0005524704959952012,0.0,0.0,0.0026011031791942506,0.006103756688409994,0.0001028420903991853,-0.0017756960230136188,-0.00041235544301149445,6.504013654967683e-05,4.449411092847956e-05,-0.0017605056363613342,-0.0032950345799160584,-0.0034491685945635476,9.423063670626411e-05,-9.3863421609502e-05,0.0,0.0,-0.00027908381920795544,1.0415663704542886e-05,0.0,0.0002651463611401799,0.0,0.0,8.147885008814816e-05,0.004754823538236374,-2.1904295979045478e-05,-0.00011117125579626803,-0.0013247093430386655,0.0,-0.0024778766264289547,7.729614793091991e-05,4.302227423028917e-05,0.0005334884668048621,-0.00227666105009604,-0.0025175617165679003,-0.004790266959017093,3.7504702726250846e-05,4.300260562320881e-05,1.8273946271595117e-06,-0.0006717197488603544,-0.00040284720857015834,7.547195612346538e-05,6.19937406972251e-05,-0.014615577863842589,-0.0015451047221307077,-0.00017539306242604115,0.0019041935505875445,8.631032719003535e-05,-3.053419503858113e-05,0.0009762034957208543,-0.0002909339578460808,0.002143822839619592,0.0005749343464200185,7.283333555594149e-06,-0.012256938826642727,0.0002257618374497557,0.00013295630937697455,5.3061960171588565e-05,-0.002244039440890402,-0.005995475627458568,-0.005254958339696754,0.0022576176135441052,0.001281045672104488,0.00025159009872014815,0.0003718893607125944,6.70096349268954e-05,0.0002025138104945705,0.0007541338656400811,0.00016024809674656338,0.0022822392474887918,-0.001985756037904487,0.00019746501276724296,-9.06044017330336e-05,-0.0005583276538102034,0.007296764293824673,0.00998004720835637,-0.0023644363449634633,-3.987995160007128e-06,-0.00027236106949588603,0.007043432788227792,-7.189396560266961e-05,0.0010671205678888852,0.0003786980212247578,0.0006289286904571649,-0.00011739803010097646,-0.0001129251517410806,0.0016934083943550597,0.004749709409738372,0.0032122806081903714,0.0016802194789150096,0.00018559755906580802,-9.90360677124192e-06,-0.0042258010704544265,0.000479678809530522,0.0001962363956239949,0.006043110889705228,-2.793574498610802e-05,0.0009576121947756688,-0.0001259122931287072,0.0002469319331323072,-4.8487896063454256e-05,0.0002488928017304402,0.0011457203279005893,0.0006555272298421051,0.00013105725094935506,-6.0244964250206666e-05,-0.00042466766815530527,-0.03251552082669019,0.0006285431845637743,0.001577568585941384,-0.004110707697877203,-0.00019032819265481392,0.006704076311372099,-0.001071056392832324,0.00032799469609266015,0.0011977682094649826,0.00014801565936151795,0.0002202629630013811,0.0002598446816161661,0.0007231802780078959,-0.0031938636508515987,0.0022554273688371192,0.0008898828436694148,3.156795893605942e-07,0.0005816646703231548,0.00025278409481532604,4.993642187870347e-05,-6.944586382213203e-05,0.0002087381565874915,0.00016437007175881973,-0.00035964651791244614
0.005996340934088533,-0.0021216342138457296,-7.824468179753109e-05,-0.0012559428443139572,-0.0031626555402330826,0.003030214030857119,0.0,-0.0011762851118798038,0.004746564497316507,0.0004999922423643771,2.123810512501007e-06,0.00022261411451353493,-2.2376534518293306e-05,0.0003300054103446008,-0.00043835713875170127,0.00011676019865502926,0.007591770747961341,-4.923298021530645e-07,0.0012050482837667827,-1.7702450824009367e-05,0.0,0.0001483107429016078,7.458849593680285e-05,0.00012275093588198996,-0.0029566914550482847,-5.4585476048097514e-05,0.0013565967375642105,0.0013237572045967354,0.0033114217462468874,0.0,0.0,0.0005182703574318129,-0.007772234227080656,-0.00021987329110869085,-0.0007881114197891241,0.0019765918938392506,-0.0002520745893578381,0.003346764874294704,-8.222868555935753e-05,0.002656326099159753,0.0075571555482760525,-0.003573201041190087,0.0008174495141261365,0.014321931830799493,0.0012143516245845597,-0.001930961901718839,-0.0013512242102420948,-0.001143175669015752,-0.006031056619666342,0.0024307176327475447,9.81787627625253e-06,-0.004434389135030685,0.004794665779087513,-0.001911880240243316,-6.687497428827913e-05,-0.007817560830677295,0.0054100494372167456,0.006855517241071767,-0.0006785791663184047,0.0,1.590025177044559e-05,0.00619105300860192,0.0,0.0,0.004825127108504657,-0.00946805673369711,0.0002919459557977466,-0.00276947283532032,-0.0010562022526336263,0.00017706889000182162,1.8234748279645676e-05,-0.0013161522311705464,-0.0067040813590528,-0.004939522128277361,0.0,-0.00014308604951777506,0.0,0.0,-0.00013139884987417913,1.8166418470860427e-05,0.0,0.0005591023863884357,0.0,0.0,0.00012521343144995242,0.009280380440353852,-8.885412888714854e-05,-0.00010695519531044762,-0.017378599508605604,0.0,-0.0028925567347702834,0.0001718481205983209,5.2763194949775815e-05,0.0012122830830606042,-0.0032842922375478233,-0.002317897639668517,-0.004480549844558108,-0.0002466772575978934,0.00042224323124029524,-0.00023031724508579658,-0.0007990997720748843,-0.0007854098113265716,0.0001227927986393293,0.0005530164195624174,-0.01159036807158719,-0.0025500247307857983,-0.00018019262648719974,0.00919375135120079,0.0004967522675822139,-9.890723876996117e-05,-0.01099381165524441,-0.0003893135324771986,-0.008686931177279833,0.0027649395929176725,4.7136398314688535e-05,0.007177262094541822,0.001198897421775628,0.00025071858473867174,0.0004430777215336703,-0.005682627764107618,0.006023334221087054,0.028627420469888816,0.005809777367983739,0.001909135014688048,-0.0004973068287538902,0.00046136284675579086,5.052860428191981e-05,0.00040347730569378405,0.0017630976300552592,0.000253760304292975,0.00543121482000191,0.0027839656055997724,-0.000768413134451503,0.00020807944556188295,-0.0006386382401931971,0.004597620285072913,0.00348217174560029,-0.005640816297498495,2.8432323567751023e-06,-0.005001887692878997,-0.022887329929223755,0.001100825257117597,0.0009433623875749471,-0.0005668681199745394,0.0015541390870444788,0.0024806293553267895,-0.00258842904655151,0.0012333026190568586,0.015060176938418884,0.001992062508339367,-0.002672762758502839,-0.0018363637818863763,-2.0149007407527394e-05,-0.011388225542350045,-0.002751676913237822,0.0001726424774085756,0.019110028842952587,-0.0014121099285218418,-0.0008879245592744334,-0.0010638326881928836,-2.935601691524209e-05,-0.0006558255674757113,0.0005543500848459323,-0.005243802474047309,-0.0005474743667935944,-0.0003360855166073733,-0.0001101916112609847,-0.0020896559610805486,-0.009889650567958118,-0.0020293316124207765,0.00852587048246076,-0.013323748032125665,-0.001265336307126312,0.009142899242687269,-0.00013504556048508912,0.00018526822103451877,0.0006277795408861326,-0.00028668753399183663,0.00022044104231240527,0.0005027034980789015,0.000666212509558825,-0.04490301646356113,0.003998173954034687,0.0038596699044346223,1.975593880548837e-06,0.0017298491964145976,0.0002761943106255926,0.00017333619787772162,-7.827344093510298e-05,0.0036997221422236833,0.0020102272327372746,-0.0005599266660980573
0.23403119745401693,-0.0016981621142667205,-0.0001706168676867423,-0.0006732494219983697,-0.00219787483194152,0.006714722445895874,0.0,-0.00018612973324366394,0.0051275335270456615,0.0045642697303525945,-0.00015884987306548186,0.00018174831381879023,-8.809457418793004e-07,0.0004073793448638078,-0.0004217694182403423,6.040341227368268e-05,-0.006007645712673572,0.00013500980815501929,0.002016721332960289,-0.0007199119794005892,0.0,-0.00027589704989898684,7.76863615162891e-05,-0.0003327566408471269,-0.0021171236863341673,-0.00010494265441153441,5.3604883186640775e-05,-0.003887380267477369,0.023905945073696318,0.0,2.4701477112469032e-05,-0.0008558872616519636,-0.013062406306262098,0.0005820478878487147,-0.0015346511925474948,0.0020081750346556135,-0.0004362954202318362,0.0010217434027393955,0.0019284809118591403,0.0028380752600133392,0.008504228804428355,-0.0024474865917771178,0.0015167786528001636,0.005530950853873771,0.002074011643470404,0.0053738755773926295,0.013697771254550102,-0.000577763879893443,-0.0060149418488209695,-0.004914961820615645,2.3644853857691653e-05,-0.001728218850571902,0.0069941484139390935,0.005329375996031063,-0.0019082516492802027,-0.022186781282221055,-0.045775909810832974,-0.029454451960268736,-0.001114060731640265,0.0,0.004446546816696789,-0.0029205954872282064,0.0,0.0,0.007463844674293802,-0.003975191526827169,0.0003199617370081921,0.0008853507077165911,-0.000709165397040161,0.00027651525724995936,0.0001915571402614711,-0.0016514909718630272,-0.006513387458891911,0.018632860441174803,0.0,0.010270847440901487,0.0,0.0,-7.338842061012282e-05,3.9003420929753136e-05,0.0,0.0009194485441396042,0.0,0.0,0.00038460486994617356,0.006279850633603494,-0.0002274004167407726,-0.0008979919774628085,-0.0007452407175728784,0.0,0.04307465403860648,0.0001271182015172769,3.243389229828481e-05,0.0008387788015679883,-0.0021988723547455512,0.004959122619424062,0.0007638217195786019,0.00303222924624301,7.664308682035416e-05,-0.00014631025518266702,0.004217173521337716,-0.0003416568993551981,9.317820435665156e-05,0.00025979165803891426,0.03104044773034384,0.009391391961382051,-9.769036556711265e-05,0.004415903135018984,0.0002938630894033379,-0.00010990513438464367,0.04958839099062679,-0.0005104887538536354,0.0024473840375398327,0.001330248112235688,-6.056151643594902e-05,-0.027202049693568667,0.003715021699405578,0.0004286163679378463,-0.00016261513098256994,-0.0009596059998106689,-0.01774519919414306,-0.03369387084115988,-0.02036212775733459,0.0005858706285813161,0.013416508660625041,0.0006330869137924787,-2.9405150833363842e-05,0.000583948280284644,-0.007173255467969327,0.0007175344801511929,-0.004451907667808132,-0.0019800750481244024,0.00023286176319771003,0.00013317273252148382,0.00032451171406384054,0.016428349250971447,0.025770098622180593,0.012748789140206216,-3.733620820820567e-05,0.00398843965713716,0.006205404206739101,-0.021157706485299597,0.0002747929488906562,0.001330077006451638,0.0012033455069376286,-0.001326254389558312,0.01524271200042643,0.0027076612654637643,0.005365046336118652,0.009949396990530858,0.0023473770770327503,-0.003620769351959312,-5.070096263072088e-05,-0.007019256100146436,-0.006095442116558455,-0.0009755048400309917,-0.03014620621753884,0.0005552316214349355,0.00019195091122569722,0.0011763292555760513,-0.0010396319692946578,0.0070914298279724985,-0.004515470480937808,0.006405889681382147,0.001342097865549222,2.940496729468712e-06,0.00021226763332158678,-0.0007958821260387654,-0.03922700812014799,0.004247269252977994,-0.007279959738010406,0.0018541248175691733,0.0003557982257925649,0.019985541033477713,-9.727716563848415e-06,0.0010468711647468542,-0.02613826102327609,-0.0002698454221031833,0.0028558486899849258,0.0003183650641656195,0.005211133820210875,-0.005437537606390556,0.011453308082730209,0.0031290857600046774,-3.425746953328419e-05,0.0005994761690856782,-0.01067820336413837,0.0002747180571843568,0.0006306639877700385,0.0034769163505871305,0.002992240056857658,-0.00013244727083070265
-0.16498947817446893,-0.00197388121672062,-8.066968904112256e-05,-0.0008073806831659833,-0.008355760962175156,0.004395413612649003,0.0,-0.0016003807112273988,0.004126057149586501,-0.0060551356314708345,3.7986352723532604e-05,0.00030697741254807936,1.0838770511070169e-06,0.0006162357018711814,-0.00033055739522649843,0.00018548040603198252,0.011644560426158983,-1.0076674660201628e-06,-0.00066565815733894,2.333593847914053e-05,0.0,-6.1833067944813905e-06,6.73373260859769e-05,6.133893696785972e-05,-0.0034760214781855746,-8.07369178446108e-05,-0.0008462774536106862,-0.0039204133929758075,-0.0268102628485822,0.0,0.0,-0.0005698218958318622,0.023128232535789592,0.0010347238450397552,-0.0012775682882921141,0.002437148657716951,2.429529566113209e-05,0.001689967251817032,-0.002232244270383996,0.0026944504916048954,-0.0022532054616431975,-0.004077186346471246,0.0009077447105781682,0.02336926247023389,0.0022227497752367316,0.019738395794559035,0.0036800213992712015,-0.0011203684115545067,0.0026076903904532923,0.012065380001336059,0.0,-0.004370753917066998,0.0025054694715132674,-0.0008367904450791941,-0.0008028623820488994,-0.013610016296738183,-0.0014013181629763248,0.015773239111140994,-0.0006100119885185779,0.0,-0.004538787694246568,0.00475940191377812,0.0,0.0,0.007425362202323816,-0.021247036933990632,0.0009284204464203732,0.00414423906216367,0.0009949753744786882,0.0008270113405466207,0.0001801266994648581,-0.0014706322393041751,0.001455733444171633,0.0020824075116770806,1.555144805490858e-05,-0.0005657351690512144,0.0,0.0,-0.00084906282082255,1.86746910521114e-05,1.1750274744189138e-05,0.0008140858874654347,0.0,0.0,0.0001668900408355325,0.03996625533963474,0.0007341079318958767,0.0006814358003960664,-0.014023001348399613,0.0,0.0029042983418393776,4.686164520365847e-05,5.33807365476339e-05,0.0015678741203527249,-0.0006334941978610384,0.00077121208849754,0.001183573561072161,0.00013377277248513648,1.0769819797560363e-05,-0.00014022022313467822,-0.0010200539045202796,0.0007090126484203927,0.0003987134172875356,0.0005319487263027719,0.01103987441184871,5.072802867212105e-05,-0.0002301330004408541,0.020715840910394114,0.0011422411143530112,-0.00015736701299661594,-0.007015991643507511,-0.0006817497727901154,0.0009775412071340193,0.0011515041926654758,-3.372329612471323e-05,0.009058036721869894,0.0008002902938863603,0.0006731061017169019,0.00038134830771065025,0.01286044505022903,0.015414781342238757,0.07603060205495306,0.015418621332300654,0.0068599684578921905,0.0018885662319801989,0.00045340635575568636,0.0001470676036484187,0.00041576412297701854,0.0015872244349307797,0.00020738633047743187,0.005702734154198255,-0.00023607221669189765,0.0004655143004829193,-5.49966546630141e-05,-0.001058997541979393,0.009990730344362151,0.030043532383441915,-0.0007661615176741806,-2.6066147243028426e-05,-0.006051305469328784,0.014752732147763712,0.0019737751562677783,0.0030418428077607852,0.000486623949828827,0.0020470492046330796,-0.0046543199777479794,-0.0024761811017265443,0.0022459721824327704,0.005192107032312179,0.009657872546168322,0.00010501983930312698,-0.000539406287436444,-7.915237348648014e-05,-0.026500374734423803,-0.0036276878229690997,0.0005221461664313312,0.029772701129286972,-0.0018671744185290223,-0.0009510735720400187,-0.0008388381458122877,0.0003417771297969488,-0.0005672822735948346,0.0012329951458147585,0.0039039827938861277,0.0001263453225303833,0.00037069564700211436,-0.00010541615076459343,-0.002752313294140306,0.1979381230131187,0.0007347463832665959,0.021567736358400983,0.0006787586652709875,0.0017493672858661337,0.008843554786554514,6.249752494584238e-05,0.0012824623714567166,0.003929539582199135,-0.0003747759470212463,-0.0002641573744187401,0.0014358080105885459,0.0015785588837956535,8.888695072412311e-05,0.015108827889570327,0.016810383938530692,6.902143981427167e-06,0.0010988866967457439,0.0005785295750447055,0.0003546231344901215,0.00045075821680518833,0.0043004314737592345,0.0042839837077787825,0.0002471155936574728
-0.07877976309256471,-0.002170406011041057,-7.571087212861626e-05,-0.0012872760448876142,-0.0019982066152090094,0.001899511697728327,0.0,-0.000678997777360857,0.0020029133131858855,0.0004854913694652077,-7.2068024367013985e-06,0.00012734817532936886,-9.076438597945928e-06,0.00010638225802231453,-0.00044299303109207047,0.00010332137539100534,-0.0024090667672430777,-3.4517334428428344e-07,-0.0006169955218646943,-2.1135095248874373e-05,0.0,9.34074628859061e-05,4.187374569001354e-05,0.0003726483617791552,-0.0019443087085751177,-2.9859381405471767e-05,-0.0011547037073910793,-0.0006548363522553245,-0.010231898957514645,0.0,0.0,0.000551711047635451,-0.0038148054929152283,5.098461552308816e-05,-0.00043672552127307294,0.001205971073287078,-1.0336510252195882e-05,0.001105071296274273,-0.0001261419254171505,0.0008578282806388855,-0.0022910111000310246,-0.001563560521179117,0.00045789864566343964,0.006124831438470719,0.00046698898525509853,-0.0010591599841044518,-0.00020980438561599173,-0.0007876839418656296,-0.002534317280405964,0.005716897752273727,6.083346246911294e-06,-0.0010970394801878794,0.001473461637397398,0.0016775742273750318,0.0003005607737805252,-0.0008415512527337478,0.0017700234717237357,0.003883663617746306,-0.0007105380485769642,0.0,3.157511782996e-05,0.0032235662768290425,0.0,0.0,0.0022950474527011523,-0.004768629696860472,6.573034165285565e-05,0.00069096961274991,-0.0006742164751923401,5.5699236800249477e-05,1.2571935745967117e-05,-0.0013266606902442558,-0.0032454785289254724,-0.00400277406765137,6.534418060657485e-08,-7.59944145230236e-05,0.0,0.0,-7.778216161730337e-05,7.923069437107308e-06,0.0,0.0002945478943157805,0.0,0.0,8.057401276515104e-05,-0.012890748343660831,-4.268940220816672e-05,-0.0001905513986027078,-0.008377759650782152,0.0,-0.001985878620848403,7.573586912041642e-05,2.62219987234422e-05,0.0005647299843662949,-0.0034710297212588014,-0.001172222506905699,-0.008040237214291196,-0.00010507414783670042,0.0003692587656098479,-6.4302083468720935e-06,-0.0008390392698731275,-0.0007204260469935113,0.00010209844175753676,5.380841027811192e-05,-0.006511792476343894,4.5663293332142165e-05,-0.00013642508189831357,0.0030716050377866664,0.00035139883038901726,-1.957411677363234e-05,-0.003773328378141075,-0.0002846678713774143,-0.00038862836952541544,0.0018409214169448499,8.736274473170055e-06,0.004305190788541569,0.0002023926025713635,0.0001648587531654457,7.918239496337074e-05,0.006308448591681122,-0.0007076256207977345,0.01258929581725013,-0.0034641217043501153,0.0014474487467946988,0.00017064117774108926,0.00048458652170472674,7.061468499033454e-05,0.00020246616652877427,0.0013133396017359928,0.00013984424783137936,0.0016060781996602733,-5.994848348212273e-05,-0.00045957977035654776,5.125959814630111e-05,-0.000375885054404776,-0.003910021585335232,0.007660557282531971,-0.0007353075246357636,-1.450445992896615e-06,-0.0003021824730784874,-0.007855077781141665,0.0008669171533461983,0.0015210999271612756,6.36473504408267e-05,0.0008683720963424356,-0.001208473321060694,-0.0028458755307933397,0.0006185382654885549,0.012019017902035389,0.0011436244829899805,-0.0072010859636461744,-0.0002950282576492514,-4.853840311306374e-05,-0.0055883274516879845,-0.00046601335521698304,0.0001275066840873833,0.011242863130687383,-0.0006717169595566443,0.0005934954056498677,-0.00019311132534448328,-0.00016456058825356626,-3.3869565304219645e-05,-0.0007403660669980288,0.009336198556273951,-9.539041228480661e-06,-0.00022643401803491126,-3.388129496342677e-05,-0.0011324626201926998,-0.009772967877017136,-0.00020625512714666648,0.003580730330818789,-0.007688131436083229,-8.182508008361392e-05,0.014823087502764405,-0.00013915610723204573,0.000300642618358419,0.00044040811428841856,-0.00012532205323737838,-0.00038516177761712214,0.00033271225416786377,0.0005263551033944954,-0.032056477669865815,-0.014978265913209863,-0.015062639058670406,5.86800448075367e-07,0.000637238470827422,0.00025828875539136347,-0.0005967759657773352,-7.167321599131592e-06,-0.0063774227178088096,-0.000294077390955521,-0.0009326088711582089
-0.05851985857736092,-0.001819120685886333,-7.62232607931896e-05,-0.0012221050260471877,-0.002514536046916602,0.0031020590872308977,0.0,-0.0009428877632921555,0.00202472569165812,0.0019091357232103943,-3.867305299792234e-05,0.00013007520484160744,-3.116970088950157e-07,8.841676727409428e-05,-0.0003837183270639773,0.000126545386738308,0.0018494656255027097,-4.411450801343955e-06,-0.0010720335210692648,-0.00031969417783454373,0.0,-3.145238537348188e-05,1.923640430784669e-05,-0.0003480052091579545,-0.001068705264375888,-3.695632189324942e-05,-0.0005779410518137798,0.0018714273500894604,-0.019187380636230145,0.0,0.0,-0.000269833704598995,-0.005083408289428001,2.25279199600108e-05,-0.0004600881915283984,0.001156061626703949,2.6647493530294832e-05,0.0024568319832722037,-0.00013461769273651677,0.0011859863416561651,-0.006888007546289886,-0.0010745434683076065,0.0004108461407394151,0.005070020014006487,0.001159121660836931,-0.0060677407603547786,0.0020430278112665346,-0.0003493294121032144,-0.00042708369588729823,-0.004101493328316155,5.997901525039167e-06,-0.0011598476799524638,0.001217088772798379,-0.001128574936160876,-0.0005873428406289407,-0.009440545094819869,-0.015610633276007457,0.002684666041254309,-0.00021140582341770242,0.0,0.0007146936697422554,-0.00025457061855641277,0.0,0.0,0.00297945093968019,-0.002392216367484958,8.24001465148615e-05,0.004492899356278144,-0.0008390681769746471,3.418071935561806e-05,4.54324210713187e-05,-0.0016150296810449156,-0.003304631943181086,-0.006478764021704062,2.8662913961709523e-07,0.002174190685205426,0.0,0.0,-0.0002603313167078477,8.026624661070526e-06,0.0,0.00018043648029909042,0.0,0.0,3.131380955149353e-05,0.0027863661419068432,-6.299784799746223e-05,-0.00022870115510954063,0.014763658268223501,0.0,-0.0024190066480072234,0.00011957545042048259,4.057506458018588e-05,0.000503540341908999,-0.0016502779020340075,-0.00034008144250485486,-0.004342285629284652,-0.000141257245886856,-2.8568775732062144e-06,-8.964609017377002e-05,-0.0009845478346834553,-0.0004545736317094598,0.00011773580122122483,0.0005394669375367471,-0.028757470018098665,-0.0016872059185804363,-0.00018016423062703596,0.0048483096287059105,5.521915134451583e-05,-5.544426733025381e-05,0.00017446777236149226,-0.0005114196873797103,0.0012101045187735597,0.001712584708170933,7.365646346838571e-05,0.002341400679939436,0.0003441408812922045,0.00020717595416779218,2.750693399159195e-05,-0.0004450438101118599,0.004438311030086493,-0.021608370465764026,0.005095066817084123,0.0014369367792585735,0.0005999773568051582,0.0001520240750219064,-2.7614864794130583e-05,0.00025196254829285816,0.00040007660733500734,0.00021297400418324815,0.0005253994905366696,0.0007751133126040295,0.0009003110061365298,-3.9389587285851906e-05,-0.0008582745071606463,-0.00608802973664202,0.011916596686046204,0.003089041629891003,-1.4027097348159454e-06,-0.007147013132685917,0.002454552923321895,0.0003719816286828991,0.0013351404788547459,0.0001617007966442045,0.0009174207607221807,-0.004587913622323999,-3.0023883199091173e-05,0.0009542856356972712,0.0026434460413725857,-0.01215172107549898,0.0006065049545394896,-0.000682580271408668,-1.7292243143870326e-05,-0.0026001779332935782,0.0031010437271000663,0.0011396686871248105,0.00393117658535185,0.00013708700203187533,-0.0018110608227294115,-0.001212834411857124,-0.0004977001073641253,-5.656453712732095e-05,0.0012354687081668275,0.0009311660533814978,0.0004015493021563362,-0.00016239799328824064,-4.92323116804709e-05,-0.0003729998263585775,-0.036919254447598894,-0.0006424242233380912,0.002797478295155062,-0.005682487570808139,-0.0033593407137068832,0.010395567544502455,-0.00022607853647266544,0.00024885334146265204,0.00113357142606843,-0.0001253430026787111,0.00011961348230120915,0.0002709911961062224,0.00045163624202498436,-0.002484251864672834,0.003484492068938575,0.0012164951397311303,-1.0676229740607607e-05,0.0007133115361631656,0.00028195197653354707,0.0003107796838191269,-5.9246038190868404e-05,0.000466409234425676,0.0005853670223072842,-0.0003612957923835664
0.11211477138247015,-0.0019205228463338054,-0.0001509458427443041,-0.0007776304765248338,0.001473951932463988,-0.01652441612725751,0.0,0.00015807682097205135,0.0021232896159067735,-0.0024550265370029325,0.00023425130886233788,0.00012681263593640417,0.0,0.00048202403480027286,-0.0005199769712478726,0.0008148760360610262,0.006840166907477018,-2.1421571858410052e-05,-0.03542460177126228,0.0001259167664374817,-3.2432822146393743e-06,-0.0005271473911463887,6.822322157477448e-05,-0.0017420063199602037,-0.0015264094925421384,4.576629119199427e-06,-0.01020673900245672,0.0035301321590533903,-0.0013893778614007585,0.0,0.0001071400083103156,0.006488419142900843,-0.0077919368456792785,0.0005298768278899462,-0.0006627274188086031,0.0013325491260624746,-0.0002457036425694665,-0.00625555515779046,0.0004296546180013366,0.0036175437802156807,-0.002449060338644714,0.0063584738601322995,0.000664369151211984,0.006855546540196638,0.0012334668451100066,-0.0005128654454534311,0.003553517024189829,-0.0006655524205780355,-0.0019270149007329879,0.0013077160224527055,1.4263993020593194e-05,0.007013863122814751,-0.0038481111093337673,0.0025870979593455414,-0.0010780785371950707,-0.015883483935487486,0.0017393632750853979,0.006605470011080527,0.0019881946877136707,0.0,-0.0005845147935219807,0.000997031692993394,0.0,0.0,-0.04920527506224337,-0.014491976395222097,0.0002244607460467935,0.0007408317946165534,-0.00025091614455905066,0.0002983648213643478,6.057673313507672e-05,-0.006918305826023131,-0.0031883704560069794,-0.0006173448507082193,-1.6658784510382877e-05,-0.00012236015724466755,0.0,0.0,-8.714990734707881e-05,2.2837080056295386e-05,0.0,0.0003144015026098432,0.0,0.0,4.232992038825149e-05,0.0038921423462680974,-3.189842201167659e-05,3.7111452742934435e-05,-0.008523997961176312,0.0,-0.008781628564724859,0.00015359832557948797,3.744131110364454e-05,-0.009683551068576992,-0.0007978587545491978,0.0014528082263446024,0.000853807224418356,-0.002282892357435382,-5.306902126152517e-05,0.0003181802301045853,-0.0011158242381164101,-0.00021236581382225454,0.00017370068479527612,-9.253565962483973e-05,-0.015663073031947097,-0.0018350010525253798,0.000625470495830896,0.003575527168391292,0.0010358027109151758,1.7609480975859516e-05,-0.004330833366071802,-0.000860715453463885,0.002609620828971515,-0.00038715117737913587,-6.192596451161917e-05,0.0029879060046273105,-0.002096507568913212,0.00018596817500630326,0.00042298408882226573,0.002443953430375178,-0.0005603191114558995,0.02139303771955527,-0.010597995970947023,0.0008672996740227995,-0.0012075541670461894,0.0003391197905268898,2.951438064405873e-05,-0.0006130676276194654,0.0007820409494421385,0.00010562000900738123,-0.002783709380863931,-0.0001619801740894716,-0.00010333260693275552,-4.4960470145572094e-05,-0.0006877940904807049,0.003985283844558793,-0.0009047248293816727,-0.0017627692086179217,4.097217540453951e-05,0.0011910181186259292,0.004380982125125294,0.0011461249637495876,0.000574332381927333,-0.000268890779512334,-0.0020285678314923045,0.0015659994635565794,-0.0029843816667542078,-0.003445994103545868,-0.001506345416085676,0.0036926910327404533,0.0016920591114457791,-0.0011773763576017682,-1.0046582861866578e-05,0.00954531971262558,0.0018030454025279139,-0.0020453936332806995,-0.02939902111601102,-0.0008364217698610477,-0.0021753039763562645,-0.0010546154302714381,-0.00030937553667486744,-0.0005924425416288259,0.0011211389357074714,-0.00023123170203732813,0.0007534868815170402,2.4738006170522243e-05,-7.17598423610773e-05,-0.0010985814429681972,-0.02530296690567377,0.0002993891508479441,-0.016446623768144885,-0.0018200575090232928,-0.0008762830955745617,-0.009695797976589924,-6.252583671087408e-05,0.0001971313821053172,0.0016876766745682515,-0.00010594810190972874,0.0002985360628605289,0.00043768731256019834,-0.02531241125959015,-0.0002683716938106203,0.012622176878978809,0.002210143235108841,5.17503870936802e-06,0.0007734869641955669,0.00017959728424838298,9.083814600508817e-05,0.0009926283455847788,0.0019449667040651703,-0.0006620703181277682,6.567127735558655e-05
-0.04964616911057898,-0.001773977017461551,-7.05978164398088e-05,-0.0010433972919425397,-0.0011475184391785509,0.0030621507241163524,0.0,-0.0006632795722672552,0.0013190931955058213,0.001673082539596373,3.8908801954180784e-05,0.00010149906084705756,1.5371314167354028e-06,0.00016771333518845422,-0.0003877817684205408,2.37145029250221e-05,-0.0011547995747603894,-2.6497149545783613e-06,-8.652025307668222e-05,-3.306787855012906e-06,0.0,-2.6541424619458358e-05,2.2844360033500975e-05,-0.00013962983063489306,-0.0010637872218350133,-1.7878446259482286e-05,-0.002297211246258665,-0.0010288020859555538,-0.003588502343333437,0.0,0.0,-9.763780467142607e-06,-0.00453518105024445,-0.0008937338390417982,-0.00033580589542604874,0.0008097720532692757,-1.8474736693676644e-07,0.0021826508079445532,0.00014158332922869935,0.0008572904361583753,-0.001754648841450328,-0.0005106031057097857,0.0003046405227186375,-0.004417454119112537,0.00026826143584626137,7.39643697397205e-05,-0.0005901716837398276,-0.00021891857990233985,-0.013340728535092265,-0.008420997612406354,1.631619847391457e-05,0.0004926074591637178,0.0009670531663444309,-0.008428432883215936,-0.0008441844403791884,0.004527389719568619,0.000678173043855972,-0.015797112317170573,-0.00034692520709576213,0.0,0.0003403081967835907,0.0019065158430403104,0.0,0.0,0.0019610483187982976,0.004952246403679956,2.7600842734532362e-05,-0.00012940023388279326,-1.8447810457145366e-05,1.2771871673534973e-05,2.1748606913396732e-05,-0.0009376868829567555,-5.61194023204889e-05,-0.001451418222087019,5.218869143384443e-07,-2.939514493809801e-05,0.0,0.0,0.0002611922814062119,1.0643256065261888e-05,0.0,0.00010813620836586397,0.0,0.0,1.881862684489841e-05,-0.01594506834409997,0.00014489960309034487,2.4989236609055978e-05,0.007315011568922622,0.0,-0.00024709486152918664,5.145580761071464e-05,3.9473800693255134e-05,0.00021107531575952993,-0.0015774945671175398,-0.0007015975757997347,-0.0002743069950644239,-0.0001665030602899082,8.649782889742746e-06,1.9124857708903777e-05,-0.00028438162963765826,-0.0003279786575395198,6.320495338126926e-05,0.00042357003240505174,0.007715409086366374,0.0011475724499019132,-0.00012678798944507183,-0.02056540912901046,0.00012129023339626835,-3.215251189536441e-05,0.0002888725720510626,-0.00011782955599750586,0.001692582699079444,0.0006037344460059927,2.839914616581615e-05,0.0010886616343774008,0.0005047286871086961,5.072241631124081e-05,1.1863373333873723e-05,0.0023185896012047204,0.00404534222807159,-0.02219532934687627,0.0021688508486805897,0.0011799399312847562,0.0005651535530832971,0.00020085849489048,-0.00017417184252673087,0.00018282983220059925,0.0001125864075943788,0.00011387026539661462,8.077309754587282e-05,-0.00024766912750108456,-0.00014686644216828517,5.066019534093142e-06,-0.0004365662779363117,-0.0043568773453026765,0.0011079759086556466,0.0028589089229353916,-7.813907015211374e-06,-0.002228303162867555,0.0025957974335849582,0.0003317506206613817,0.0011014446342488267,0.00026604234929660604,0.0006242976911837097,0.0014700332128537805,-0.00031215893478615694,-0.001125373591522077,-0.0034266608753029627,0.0011321920984516246,-0.0002695692751839091,-0.0002979715022954961,-9.835490820030706e-06,-0.001398944504783814,-0.0016365483373136944,4.598683234073394e-05,0.001544043274402524,-0.00027995343195386666,-0.0015288513708628286,-0.00019023526748598366,0.00033527752284849587,-0.00022603285923733198,0.0011239779734797976,-0.0005087135795995795,-0.0005760350732878748,-1.0051412556133694e-05,5.174359572424086e-06,-0.00023858368583015222,-0.01897045134647288,-9.292318748821479e-05,0.0016752192939225178,0.00014242962344060037,0.00023268271161991697,-0.006527927865977685,-0.00012304733453737316,0.0002314202849183422,0.0010537169212022815,0.0002544927381111852,-0.0003650958212758346,7.575806839898663e-05,0.00014801747863190079,9.296866033726174e-05,-0.015331420430417787,-0.01703064961710337,0.0,0.00011466958226495238,0.00015212453241404645,-0.0008572694042206877,5.044273653911759e-05,-0.0036262745101185052,-8.989408146436739e-05,0.0003681775769405788
-0.13455891366484432,-0.001959801906125955,-5.8144828857872295e-05,-0.001143991216097365,-0.0035617159799851235,0.003825551073961952,0.0,-0.0017688715612121646,0.0046736540872623425,-0.005339873937765585,-4.3524581987033786e-05,0.0002670099863092535,-6.372488480658841e-06,0.0004402946265692621,-0.00042592679654671306,0.00022080747128504135,0.005082952277854167,8.080264393297237e-07,2.0621679470238295e-05,-3.8130245001689226e-06,0.0,0.0001756209790555345,5.8944597977700874e-05,-0.0002417705415543775,-0.003279997064826992,-3.8031304722050235e-05,-0.0013259744872835583,0.0008178121100093459,-0.028651720294717152,0.0,0.0,-0.0005111416803602796,0.0350411781990825,0.005610857882016988,-0.0010226228966130322,0.002375464001901891,9.503267572100131e-06,0.010131617679972331,0.0001228315800698212,0.0027289020499888404,-0.0010344679501783497,-0.0037969873915337203,0.0008973862388484355,0.01566051012386804,0.0022295551996312692,0.007579213930275054,0.004040426284060542,-0.0011071960227160406,-0.003603231903436086,0.007986102921194447,2.2122793472930484e-05,-0.005969958527627119,0.003691632132941486,0.0003787694516155178,-0.0007194716190311318,-0.006834204955880659,0.002661497303610863,0.011748628261415171,-0.00019068042619245845,0.0,-0.0036299178484412364,0.003357056847087322,0.0,0.0,0.00613943116590029,-0.016170150628344804,0.0003444404310372308,0.0023959907131749446,-0.0003036675739576392,0.00017459530706581656,0.00017613191927676061,-0.00201010009810274,-0.002998565174349698,-0.0024736739933578673,7.046107855689633e-06,-0.00028040534017599876,0.0,0.0,-0.0007068576868300545,1.3473662544141188e-05,0.0,0.00078150226583697,0.0,0.0,0.00011434705162909468,0.013022908302437252,0.0004914378373308269,-0.00013236197147383557,-0.017705590588909574,0.0,-0.0012940975414444,0.00016882090786423312,5.857861463555698e-05,0.001578012432048957,-0.003913578078369831,-0.002612432575024724,-0.004196133700813157,-0.0002495817132701037,7.795491448413742e-05,-0.00016855819936414406,-0.0023187554968031117,-0.00020773656095150758,0.0002454621925288704,0.0004859603070300151,0.010314172431799783,0.00016730783244742003,-0.00023194477094922047,0.016061376682090404,0.001129102198699856,-0.00013090001657385067,-0.008448005732161737,-0.0004659767915166379,0.0053792421832060235,0.0018887680346719921,-7.4336051363516824e-06,0.005074186705107462,0.0006806899058282226,0.0005271383960242298,0.00022392762003464717,0.016025863863186007,0.01046556871786639,0.05118421660445331,0.008057996330026032,0.004232324613480699,0.0006258725174258704,0.00045679066525331163,0.00023558180921168868,0.000378948457870995,0.0011831535717752775,0.000303193559297047,0.002071072697883797,0.0030166565639992726,0.00045846331652699547,0.0007891726128604575,-0.00042458311579728,0.005464269435508029,0.030922204050944875,-0.004228791138855445,7.189552249487832e-06,-0.01261084371699299,0.013721260542652294,0.0012578256424627164,0.0025948978036140426,0.0002721717489721164,0.001958277220230183,-0.0004478001087188757,-0.00250172359288173,0.002071481341361112,0.010667954408762458,0.004433724094241839,0.0049887219130723744,-0.000825579004873374,-7.859305955599096e-05,-0.023522750865556778,0.0006912038825533512,0.00025575869031820584,0.021944009830885767,-0.001587470107390474,-0.00513721292060819,-0.0007898078828220619,0.0018776128625002156,-0.0004555179819532746,0.0008347478482273826,0.009646840137390747,0.000866621817440522,-3.6318390531996905e-05,-0.00010866388237899753,-0.0021532549350780418,-0.004548047001030414,4.036547168690941e-05,0.015640779135147078,-0.008003439484671719,0.0017061929502340527,0.03972203965666627,0.00010676503917253723,0.0009946407453572282,0.00298902985569823,-0.00031038442889051227,-0.0002643710816106974,0.0015382010179955752,0.0011014127299746738,-0.003358984571091201,0.007647064369072872,0.00581055966326327,2.6960734974884972e-06,0.0013629741739818772,0.000543449118786806,0.00022959631308977266,0.0004466596670174814,0.0033397563275212637,0.0033226865099127865,-0.002127399566013796
-0.07814794726930739,-0.001947797881487273,-5.677871431158662e-05,-0.0010710710011456795,-0.0013465230666266654,0.002996962734434998,0.0,-0.000792747228564038,0.00131177220557649,0.0011165328518974791,-1.5063147606640447e-05,9.44384541763564e-05,2.7479340511914756e-06,0.0001765236855801676,-0.0003722898904169068,-3.233332915258293e-05,-0.0016031563097083786,-5.770382310990477e-06,-0.0006014273767837716,-6.5156334229072e-05,0.0,-4.4432310061519595e-05,3.285054965582209e-05,-0.00013057036662042748,-0.0010330773783710616,-2.185261624172938e-05,0.0024546020856914597,-0.002420032489352728,-0.0015425909995725154,0.0,0.0,-8.778607337716409e-05,-0.006620600125444636,-0.0028493631293203046,-0.0004085625375617479,0.000748039230832713,3.81595388427487e-06,-0.003919238344922659,0.00010424773707246917,0.0006812339354977546,-0.003943838357292479,-0.000554290429375008,0.00034692877877594454,0.006172464260782653,0.0002610752121748576,-0.0015448465730545937,-0.005090819768991667,-0.0002831775746513841,-0.0013979792301116894,0.0043156527563167355,8.574666989671783e-06,-0.00041969274252587037,0.00037146521554113385,-0.030366374663989535,-0.0002932860526412866,0.011457817261481864,-0.024332333254403534,0.0015148132553709386,-0.0005770210096045053,0.0,0.0003870874049063755,-0.00029347653690045805,0.0,0.0,0.002409073982123674,0.02174164965088377,6.886931918574982e-05,-0.0010585571120291847,-0.0005575493508900809,1.4232750730750394e-05,9.34408072442834e-05,-0.0011213496858782865,-0.0016999476941581314,-0.00353251927049818,4.324708558615305e-07,-4.505259750247967e-05,0.0,0.0,0.00010766500766374054,6.067158520158712e-06,0.0,0.0001473525683268888,0.0,0.0,2.4765993383074124e-05,-0.01424748719733145,-3.143685339226576e-05,-7.093618988963054e-05,0.027627562590217116,0.0,-0.000935136504152688,3.931858314790384e-05,1.0631689544687075e-05,0.00013493996227923637,-0.002224296859636843,-0.0025167177261237366,0.000970092947710808,5.0994419757002296e-05,-4.898192654421062e-05,4.186798218289274e-05,-0.00047568934634951385,-0.0004396425672190007,6.105280801338463e-05,0.000335946368886031,0.007350239688979391,0.0032453319838329094,-0.00023194575885142983,-0.022860874055088045,-2.206241598306743e-05,-1.858166228113429e-05,0.007092204274927961,-0.00019828295559809036,0.0007860816370346454,0.000937500081915637,6.546428018268064e-06,0.0012884557362091637,-0.0017575287300331526,8.969293661828004e-05,5.2571159796470905e-05,0.0001426735459516113,-0.008516149043762807,-0.04759728367131855,-0.002615896427631572,0.0007411279763680906,0.0001275870334162572,0.00038183969603413476,-0.0003300114839376021,0.00011992014817270543,0.0001642113363789078,0.0001342626874136342,-0.002157054170140951,0.0008717754799960764,6.603842139829017e-05,4.6626063556897376e-06,-0.00015245612459014943,0.0038238627101293836,0.016993302293475617,0.0027275393243142466,-5.703901590338647e-06,0.0014986376634219733,0.004207287948488818,0.00016623220498427583,0.0009743210843223993,1.4277099933279643e-05,0.0008302118727072995,-9.340290552988478e-05,-0.00158833843829661,0.0008847650686591966,-0.0020628875978144505,0.001035474258490161,0.0015383321376726644,-0.00010574309452776277,-0.00013838431561641933,-0.002211273040633253,-0.00046001393350555373,6.480278325609001e-05,0.0027160475270510526,0.00013503904434605487,-0.0021441253184917458,-4.00574193447396e-05,0.00021749969073161016,-7.399031116362876e-05,0.0010107638694619705,0.004599480477516194,0.0005972487354433538,-0.00022300184132709007,-5.9790021710669756e-05,-0.00021214296455212067,-0.02354201633626811,-5.4189706590344915e-05,0.0008883514317676231,3.714895642121775e-05,0.00037773097742810146,0.005341280632142886,-0.0004519183770762358,0.00018023662928267435,0.0003448928201345499,-0.0007694514487258385,-0.000476034759953974,0.0001242033976052731,0.00020297869877360447,-0.002292627850755824,-0.013571583688306904,-0.007922396040548505,3.061115376138821e-08,1.22793555862203e-06,0.00027729862764709867,-0.0010823789804190204,0.00011745791035246542,-0.0044093884639935434,-8.192833975487177e-05,-8.140510783680121e-05
0.020372592949287918,-0.002084710916265254,-7.126926734935663e-05,-0.001245314773701755,-0.0032827024211407457,0.003860319483675119,0.0,-0.0016769857759045231,0.0036323376543561346,0.0007428781729901307,0.00027350650208552503,0.00024399535958581964,1.8319892641155556e-06,0.0003057125368889036,-0.0005234660698525727,0.0001777978109708948,-0.019941913349756216,-6.018409070591361e-07,0.0022930260605528914,-1.2161049717221387e-05,0.0,-0.0003356322739499748,5.137421989883434e-05,0.0001619860473263566,-0.0030573272950614777,-3.175482555043064e-05,-0.002820077394299457,-0.010828739711290463,0.0012590714939628635,0.0,0.0,-0.0010308668825895948,-0.01160925507174028,0.0004115070085395152,-0.0009749691621206499,0.0020534604245113232,-0.0004736972924637456,0.013229501392450483,0.0004460889559876381,0.002150722416871661,0.000791475155255415,-0.005517104178006944,0.0009466523810546586,0.01964421119470882,0.0015552128978379696,-0.003617640260001638,0.003686271900449107,-0.001053433950205465,-0.0012401081881551208,0.0012310579200140689,2.0144296918929838e-05,0.0028399348374462006,0.0021063692341389195,0.0011920850190157064,-0.003608632719863722,-0.01012961716929426,0.0011560183629325163,0.010105531062974977,-0.000726812775327089,0.0,0.00020694845196124305,0.0008457344571456693,0.0,0.0,0.004703300204226767,-0.014363950983331987,0.00018719309156860558,0.00020948100270444026,-8.080569932576429e-05,0.0001240799061722677,5.459388572864279e-05,-0.0027313610140069426,-0.006205091123811598,-0.0012896543049357525,-6.367877928360574e-05,-0.0002378626295065304,0.0,0.0,-0.00021562331484998204,1.5164636000136093e-05,0.0,0.0005988474908998833,0.0,0.0,8.934330045110433e-05,-0.03132531165171738,0.0004813870973799602,-9.42440208623712e-05,-0.01524853735897973,0.0,-0.006550747826300179,0.0001281498447535957,1.1537648234597624e-05,0.0011689490219719567,-0.004166357352287789,0.0005903530940641694,0.0018439222869226168,-0.0003846630817925877,-4.601060923207454e-05,-0.00017767827529556357,-0.0006623418364335178,-0.0003412431699385716,0.00021739634551747592,0.0005216937710917541,0.07413662140897995,0.01151076716705338,-0.0001804137149787071,0.00771599130791313,0.0006940396070156997,-0.00011334852532437103,-0.008973795543271488,-0.0007887754103403098,0.0032832602214531797,0.001997405601821808,9.969576060148453e-05,0.005096762525939974,0.0006572497377031239,0.00024004582828157192,0.00021367556952222127,-0.0017104801744151545,0.00566951036942801,0.03652849547711862,0.008116041444208553,0.0027617119768316724,0.003161239742894414,0.0007659895113321802,1.1094644947937135e-05,0.00032452307741876997,0.0008795532030287091,0.00026035504469822205,-0.002945188381598117,0.0017819563423845087,-0.00019712020018125022,-7.073468771944432e-05,-0.0005670243080019527,0.006277008900805259,0.006787822126805679,-0.0029565640814190157,4.662756101945953e-06,-0.005010489778002522,0.005171804284670004,0.0014843584966477293,0.0018066323128263975,-0.0005516959498020648,0.0009400782032884853,0.001012842248545256,-0.004574380608003543,-0.002644905917065811,-0.0011305354509966855,-0.0017769701975477923,-0.0002445844744407967,-0.00044290646635166737,-2.6772482665640038e-05,-0.016119917090671745,0.0007827801219232916,0.0018173952550328517,0.0245774919498738,-0.0019383026294987652,0.0006992949079184393,-0.0013235470338780404,-0.00023310928677384345,-3.6101787497208474e-05,0.002717001398170439,0.0012421885753843556,0.0007266628848832605,-1.1088913341341286e-05,-0.00012168460841443305,-0.0028993106916279142,-0.005020334343778307,-0.002713736324221021,0.011333691542113923,-0.003927786264476284,0.0004825524277303752,0.016546064046062847,-3.7277815067123e-05,0.00030820960218853297,0.000933484923985736,0.00018883147806598606,-0.0009149407698374943,0.0007676547182843943,0.0006890057115520476,-0.008151852570982108,-0.024655054100318062,-0.02305791782545644,1.4645891139860907e-06,0.00039469342965105345,0.0003016514922536693,0.00022080966067695317,0.00032229276434685356,-0.021231100261865688,0.0003464135472311944,0.0005968110021515063
0.0013161322645345605,-0.00217167522559279,-6.473145892910524e-05,-0.0011582463570574007,-0.0017012104915795521,0.0021989005756306986,0.0,-0.0004186413036284234,0.0021288333139503146,0.0002399758402158777,-3.1045127316785056e-05,0.0001450303134201235,6.223914435658615e-07,0.0002002348971551795,-0.0003775125066429486,-0.00022737251834423544,0.0029544471755602463,-6.400973099826497e-07,0.0003211902806478266,-6.538458695707708e-06,0.0,-9.043922748486041e-06,7.493402533701596e-05,0.0007034313021112129,-0.0020845124019971163,-3.347209093526108e-05,0.0019687865609614957,0.0004131918630015055,0.0010336566763105527,0.0,0.0,5.8609692091233445e-05,0.0033428521200192236,0.0001345685702466083,-0.0005636128190603071,0.0014935222165589888,-0.00014642602439363271,-0.006881961600770226,0.0005412741438360807,0.00198919642302941,0.0020019762563318823,-0.0023017405937044515,0.000454094957025684,0.010315127771345,0.00022841147890384324,0.005192506882726992,0.001196508869227306,-0.0006277359968605198,-0.003914523752692531,0.0013253064207945225,2.0096562176659905e-05,-0.010036955450610048,0.0013892250670868118,-0.003123402632865749,-0.0003851079463728657,-0.005149190718194852,0.0007254134342695269,0.008222444733292006,-0.0010040056442637106,0.0,0.00018492165893049388,-0.006763700877994197,0.0,0.0,0.0024984399941792136,-0.008980723275468833,0.00013402277526251385,-0.0032660058519071093,-0.0005979677501944042,0.00016389452927404946,4.806958979168362e-05,-0.0011764707608714288,-0.0058050531559572195,-0.0015606860314013387,0.0,-0.00016648482273380667,0.0,0.0,-0.00035628099285359393,2.272298716746265e-05,0.0,0.00021195630728095116,0.0,0.0,0.00011259498779564534,0.005496034544005337,8.361237267033261e-05,-0.0009617009418582003,-0.010496751083883126,0.0,-0.0027047827031279896,2.487697383874068e-05,7.13314142111955e-06,0.0005148409512214511,-0.002339508411534052,-0.001949193959853026,-0.0019757010826832095,-0.00025620213935092145,2.6688536644348285e-05,-0.00014600937210453908,-0.00047598318571799255,-0.00020544204493059035,2.190489786391389e-05,0.0003984554598323049,-0.013934929275237248,-0.0002288897674477557,-0.00011862725197007533,-0.0012864340146391132,0.0002864966478295175,-2.1774764171060406e-05,-0.003280932768134539,-0.0003568240721198709,0.0016423845217197772,0.0003840135318094039,3.980050266731382e-05,0.00257437616736442,-0.0019342474684670196,0.00011008516406736014,0.00025226788585138983,-0.001524424024435914,-0.009398509350400257,0.02064706367052625,-0.010438757515084367,0.00028474419986696057,0.00021796367895569784,0.0006205948901874243,0.00023178128202157325,0.000218780419147012,0.0008871689601467303,0.00015369533268519683,0.002648531506031681,-0.0033804241470361445,0.00032669054022273463,-0.0001131083009699315,-0.000872180903084921,0.0007165167887845068,0.0004601332731219809,-0.002979071063723734,-5.564415677414828e-06,0.001169876299654049,0.001504071260113154,0.00040462495306169545,0.001069278789227717,-3.4406380332125706e-05,0.0018285491736926094,-0.0011124520092632797,0.00016613139293553846,0.001321067167663374,-0.004165742612717996,-0.0015392119742515223,-0.0016557124061746848,-0.000865281989680394,-8.607111739820529e-06,0.0017085727586926161,0.0009513020295160829,0.0005599751824185178,-0.011939659730189768,-0.0014480761645920852,-0.00091574523972968,-0.0029680943046703225,0.00031616720677147804,-0.0006865855725659272,0.0024846957818449532,-0.003607409380154694,-0.0003868889070171813,2.386724307443235e-05,-3.6752201817043293e-06,-0.0008504371068408661,-0.01646972311452481,6.26608951588774e-05,0.00269394392899681,-0.01082862192151044,-0.003239880969256977,-0.07453914935171149,-0.00019547414010954428,0.00021234337963831716,0.000688398239985687,-0.00021338390565577977,0.00020605147964793805,0.00042765836821321727,0.0009767571501226352,0.0004182860288590616,0.0032408535456669757,0.0022414913497376203,1.3483615927556818e-06,0.00037437219632818655,8.192382037216967e-05,5.2572602908662074e-06,-7.547519434469105e-05,0.0027324140972303447,0.000467959945972539,2.3083715859928148e-05
0.07357822107553912,-0.0020838830859386047,-5.698288995513225e-05,-0.0011829522211660492,-0.0038921827249137043,0.0035608237663379977,0.0,-0.001512862711848687,0.004092332181543884,0.000836893804722077,1.641952142190756e-05,0.00025142630900092106,-6.428230208097364e-06,0.0005500918677481652,-0.00041295375355501984,0.00018070337679287917,0.009456331385909105,1.091974215424892e-06,0.0024334125852313263,2.19955210596024e-05,0.0,-0.00036455575871275405,0.00010050710726976054,4.638708086122349e-05,-0.003600270381363818,-7.752961043366935e-05,-0.0002829468666548146,0.0004083529230809254,0.011733506084329024,0.0,0.0,-0.00028254172584595076,0.027536121200793306,0.0014338199974698162,-0.0011677404682705584,0.002435226438957202,-0.0003083755500983134,0.006876370508156328,0.0006003055148047528,0.003079970719272923,-0.00170434605439516,-0.004875066289813779,0.001065187587897496,0.019250717563428298,0.000726765159656218,-0.010280246920328563,0.008883287415845077,-0.0009051884118263584,-0.003308166707164783,0.006395313016838778,4.6913264584225375e-05,-0.012973469456560471,0.0050180803357485195,0.0014689005113862528,-0.0009092467867476143,-0.012830934361804991,0.01046428980785782,0.025353196253568733,-0.00032980443101740515,0.0,0.00028556584647050165,0.0012097576469330413,0.0,0.0,0.006811824272046937,-0.020956640528645522,0.00041447889497992315,-0.002846579171198236,-0.0007110138660721508,0.00022953765950369778,0.00018408111380337696,-0.0021175997708640704,-0.006516279699690047,-0.0018399533623294126,5.6416147583060625e-06,-0.00029757761909631684,0.0,0.0,-0.00027564069381275173,7.552160645343253e-05,0.0,0.0005477450701732266,0.0,0.0,0.00021900765925664543,0.017134745270845717,0.0007860955495469242,-0.0003982203086996921,-0.02110586843127917,0.0,-0.004342878775094779,4.104039596288218e-06,4.564898095645238e-05,0.0014955862975713225,-0.0022832844666492835,-0.0027153349576001296,0.00033559201574687896,-0.00036624717930993587,-6.147867840468288e-05,-0.0002716396572664191,-0.0011961362110594212,-0.0011114725019911815,0.00015396127170418103,0.0010259117005946023,0.0212450717125599,0.0011968967689422103,0.00019877108475268424,0.013743492202818598,0.0006571736367944703,-0.00013908731187187238,-0.006797701155753518,-0.0005312969087885905,0.001012141326660595,0.002383485674791438,7.289098720538383e-05,0.00591078610641177,0.0003334099840477473,0.0003389927495680535,0.0006475488970394415,0.007605835853155834,0.013118247347905683,0.05704547101436942,0.008072034492823427,0.0030745421157199753,0.0012683886293130106,0.0008266033789703787,-2.9808145560157833e-05,0.00039393608112662484,0.0012885835039124515,0.00031351728438973027,0.002706031968815807,0.001040427361423179,0.0003162315443535763,-0.00010085401196290448,-0.0008144501269039563,0.0043384654207230915,0.007891410041535797,-0.004329842707929901,8.591797170634553e-06,-0.009785836006925595,-0.005774042469896298,0.002438499592447686,0.0019889699978052925,-0.0007614870197765041,0.001102672432163397,-0.000523686561422574,-0.0014325662831689075,0.0021085593750639468,-0.008668610017572503,0.013457207409087955,-0.0024485368696288397,-0.0010953428638344497,-3.5268186769827314e-05,-0.015565320505840587,-0.006914854142656985,0.000907940364490937,0.021804068287838513,-0.0032590993797320823,-0.00394004499248977,-0.0018483018176735852,-0.0003521938183748236,-0.0009670715208478689,0.0011265928639070737,-0.0022361468635723313,-0.00021379517983461781,7.643220049573823e-05,0.0,-0.0020873087412263554,-0.011799895599967527,0.0005083766072391084,0.01047714957139496,0.002853858754568537,-0.00032159871524014525,-0.0717360535554387,0.00014005207618962443,0.0005219880304262132,0.00221065203177904,-0.00022577323386038014,0.0006367701218886216,0.00042658366908459103,0.0011978956406127911,0.0012074805378027601,0.009864506904369252,0.008002150786701547,2.471906210734457e-06,0.0004905070443997499,0.00024039423268214265,0.00015680131455754907,0.0004905485475192683,0.003911301619676536,0.0021528555500902966,6.344179311255948e-05
-0.05424273488607156,-0.002038800596324154,-0.00031850379150305075,-0.0012384249654209217,-0.0027601825242755994,0.002653173406704407,0.0,-0.0011024262492400861,0.0031771728468099093,-6.005251086662086e-05,1.698697547736865e-05,0.00016722113143007185,4.5006425656280625e-07,0.000217267779413998,-0.0004087076178325914,0.00017148471797321684,0.004381633765513438,-1.353446236474917e-06,0.00041602400233955517,-8.274315582801664e-07,0.0,0.00013035673876028828,9.275420392844465e-05,1.2910134520306566e-05,-0.0024053841197576604,-4.2168304520518726e-05,0.001530400081907681,-0.00043144909074752357,0.007516433060757224,0.0,0.0,-0.00023421535088705953,-0.004581376445142492,0.000328732899594176,-0.0006518533330482149,0.001611312580804741,1.8325299253546553e-05,0.0030723636681853767,-0.0002502557558455822,0.0020477015885328013,0.0029777043211560183,-0.002870389156485916,0.0005848817819938633,0.007265844994503068,0.0007925285667487205,-0.002288110086161977,0.0009819361652286436,-0.0006325888880565851,-0.004177076737393324,0.0031138909465104753,2.4682373061816185e-05,-0.0037378299970120955,0.0008152732376514404,0.0005215033290007698,-0.00043076174626970775,-0.00805788711764859,0.0031484090280988262,0.012744766515389224,-0.0004339751123666337,0.0,-0.0004944234537413322,-0.0002660503673410409,0.0,0.0,0.00390586880200672,-0.01028375550369963,0.00017585211074126316,0.001049029450557082,-0.0005739037358497194,8.746058206203227e-05,5.751501947045211e-05,-0.002589208181763511,-0.0023667504241392835,-0.0012049793274131462,2.0191641293259856e-06,-0.00014996960384600094,0.0,0.0,-0.0001838854362475183,1.9363895445250332e-05,0.0,0.0004256938762551933,0.0,0.0,0.00016799610446201576,0.00983585056996594,0.0002231314575856362,0.0002776881303133349,-0.012130408559634794,0.0,-0.0016722447839227067,-5.679102959026559e-05,1.7900238543358357e-05,0.0008886254837460479,-0.000837020441815239,-0.0014141956944381368,-0.004137077578205672,-0.00017348265327159172,1.641201704523557e-05,-0.0001801381659720799,-0.0007673723904179372,-2.9204242852100714e-05,7.270814475403083e-05,0.00021674845429087839,-0.019270173719516056,-0.0017165787850409204,9.279437650965533e-05,0.0028110332641096887,0.0004591435177629218,-8.243939864738703e-05,-0.0025930340079766794,-0.00030824376205621813,0.0006755110366628794,0.0006190937483773796,6.380172142353211e-05,0.003679461422995265,0.00356221233040257,0.00018969090484446122,0.0005626551853520456,0.004132684750372368,0.006089586635846037,0.027116211388040223,0.001670504626966072,-0.000485741291169298,0.001272987984009764,0.00043887757748452364,0.00016199146246668507,0.00023680809741907395,0.0008990674608295306,0.00018008625652610186,-0.0018619269350263925,-0.0016443400067664823,4.575382582593127e-05,-0.00010470659282349296,0.0023372136738756114,0.004330009154655847,0.007637249317926031,-0.003284674851543361,2.644958510589733e-07,0.000881718505693549,-0.004088003235533056,0.0013917164570639506,0.0015355694932489602,0.00035934849524993503,0.0007741209250749083,-0.0007834081063091147,-0.00026554531153619924,0.0008933278273569491,-0.019069674929732494,-0.002510642994403321,-0.002780874332159362,-0.0009782316100454456,-3.7916158980016246e-05,-0.0023446237290072835,-0.0014055154539976016,0.00019472978967408435,0.014081558120638622,-0.001163532441359557,0.001015611128281111,-0.002134339934888888,-0.0007856946556639786,-0.00025482103141267245,0.0010788826002029047,-0.006954699943600433,-0.00018316893941701569,3.739855802327523e-05,-1.1643773415926035e-05,-0.0010300811016776608,-0.017373990533942868,-0.0001653138547923105,0.003605356627617176,0.0018215022907921944,-0.00020644328072462795,-0.07300880184714457,-0.0003015909992784815,0.00024847318196360215,0.0023500176972087684,-0.00019816214716134498,-0.00014183437277602549,0.00011976270073663083,0.00036420108700288757,0.000527648216656867,0.005426734866245493,0.004014521451768728,1.9751289261160957e-06,0.0006034727466558261,0.0002674825673388744,9.312757717573481e-05,-9.219849663659127e-05,0.0013539596807802933,0.00021485951316589625,-4.0808196787551016e-05
0.2933776617431154,-0.001835520801890532,-0.00013850872187053844,-0.0005987068778773395,0.0014906837903354575,-0.022816468204218992,0.0,0.0015420094302285347,0.0037660431710388543,-0.00382698813757945,0.0004204521062304083,0.0002562405931318057,0.0,0.0005508575795381582,-0.0003695816132286169,0.0011703423768381458,0.01265696569947121,-0.00010890723035988405,0.00796083698512707,0.0002748729361938733,0.0,-0.0008891047821391496,8.584962157207738e-05,0.00048445491367307073,-0.002749657497047523,9.612624932160203e-06,-0.022807109739472115,0.005380559222140671,0.005635784036606187,0.0,0.0,9.952098172209483e-05,-0.0032262710105344468,0.00019491401236583654,-0.0014002639587771043,0.002475419417713021,-0.0006775694902806826,-0.007487615887051851,-0.002115981064352132,0.004166631575717924,-0.004073960249542519,0.007824064694493258,0.001220525207595529,0.016958364945416183,0.001286455511921967,0.0006471515970232522,0.0019426808892791913,-0.002170842805987317,-0.0015152616430049405,0.007463102370268446,2.9891211754159165e-05,0.011230767019347802,-0.002334662515679341,0.004358820689872645,-0.0009839934884490163,-0.01928034713344404,0.006109885392358042,0.017670286784030213,0.010852854386738234,0.0,-0.0011595293294675414,0.008155067647989107,0.0,0.0,0.008440809813546703,-0.02845498468300085,0.0006707503053028674,0.004242153680075448,-0.0007992021475235959,0.0003261177096161783,3.7538992058235384e-05,-0.06643835359785127,-0.002429033516279424,0.0044576231368130955,-3.761028798758851e-05,-0.0002610129542073751,0.0,0.0,0.0022157163055700033,3.988232671867219e-05,0.0,0.0006457301917662405,0.0,0.0,0.00021481303071742592,0.011620112635050745,0.00046485810598318356,0.00011173941497861242,-0.025282450112467963,0.0,-0.006966819593521047,0.0003337646620990617,9.499516107063564e-05,0.0013379891269098046,-0.0018094387697864713,0.003321229728902388,0.0028913760736778895,-0.004033380330586724,-6.632779691383493e-05,0.0005483514162273428,-0.0019732322792753013,-0.0003464651578746446,0.00037830357635428523,0.000978245443581286,-0.04279562603487646,-0.005419057683173614,0.000575087215854899,0.010269177057962509,0.0013631176585897741,-0.00013390063268238714,-0.00849058844427198,-0.0012183416364981974,-0.015732812158898025,-0.0003671707397686616,-0.0002560295321116568,0.007497616957180656,-0.0005108673352515519,0.0006474182393197247,0.0015826171232831898,-0.003128745759863315,0.009496019275987448,0.053757106645854716,0.008598834397017356,0.0020275800750577016,-0.004287285861022948,0.0013177125729858185,2.4370004276636275e-05,-0.0008220402686192453,0.0014706501133288899,0.0002562662659104686,0.0018872896554160512,0.003266130582030461,-0.0007195305119307105,0.0005809604272992512,-0.0008120555113738874,0.004214595139857157,0.00795521016991862,-0.0023463607916459806,7.758064359415723e-05,0.0017271819108732988,-0.0009265587425730852,0.001451572888887971,0.0012189576309970245,0.0002555574034813132,-0.0030303091637287937,0.0023800127834556818,-0.005304988739659095,-0.005242591832752825,0.01531123928235051,-0.005455012912260587,0.005076215534517997,-0.0073467386821600075,-5.3230779823721436e-05,-0.0038562570291466873,-0.0073630401367785194,0.0011795590286428224,0.03067795243954353,-0.0020257244658831147,0.0013228496275553032,-0.0011521376623926786,0.0003714561077525583,-0.0006529189014327048,-0.003439888176640274,0.005206954727166419,0.001028591425310995,-0.0011912967081295417,-0.00012618829562522317,-0.002194562456922861,-0.01947204931148938,0.0017674892568599093,0.013757485389670136,-0.0005908412422357185,0.0008902469674331295,0.0003474413553870275,-0.00019402208859647715,0.0002657807394662191,0.0013974727501719901,-0.00028464280544916677,0.001213521671944576,0.0005312845055474484,0.005186378684254266,0.04091165659479103,0.03917667196328265,0.007133849481539295,3.0587890739748438e-06,0.0013019958875405016,0.0003262042665690163,0.0004535007576197557,0.0018417439972827087,0.00804318889875015,0.0020392797262720436,0.0005535742545709589
-0.03391369937727509,-0.001648943741304363,-7.626684412755347e-05,-0.0012877566479618258,-0.002709490958633869,0.003191079685110841,0.0,-0.0005626221233753946,0.003126615592827714,0.0005485084071401735,3.1475703814502287e-06,0.00018287441696209197,-2.0992967702715037e-05,0.0004388058341314613,-0.0005045004043411982,0.00018464518661081094,0.001216031329623376,3.35287623469752e-05,0.0007138388339365966,5.265363009077729e-06,0.0,0.00015393211013083491,9.62001586720684e-05,-6.080376998059971e-05,-0.0038236157872467338,-5.6782578852512994e-05,-0.0004094017540389872,-0.0009598056876111752,-0.002252883374785026,0.0,2.0960191346326905e-05,-0.00031527807678814995,0.02180789659595926,0.000574683017501615,-0.0007381830563139994,0.0024507624828289903,7.163128132039433e-05,0.0036002556145618625,0.0008763249753050375,0.0023088615742310305,0.004115849747833524,-0.0021686339655300844,0.0006467936325142315,0.008900832663812926,0.0006027672941723955,-0.001410990152522416,-0.0008239044705504145,-0.0010160785315703105,-0.003968320604837509,0.002307193711029772,1.3780704245816941e-05,-0.004945377586397839,0.006172002073818228,0.002383749613235203,-2.247184177518946e-05,-0.008173931735334624,0.002489205713970584,0.0074139465452194376,-0.0004920424661094534,0.0,-2.0684263485922597e-06,0.0011423046010059811,0.0,0.0,0.00446636248909771,-0.014061125469874074,0.0002630216490298993,0.008097189903476241,-0.001958966673619867,0.00022783208581460227,6.907746746047121e-05,-0.002306596736461328,-0.0021448431030926573,-0.003701155661478183,0.0,-0.0002990060590029555,0.0,0.0,-3.289643746727026e-05,3.0493140823275852e-05,0.0,0.0007965246940985433,0.0,0.0,0.00020905779217449745,0.01643794491722087,0.0005966559858039309,-0.0002534828661516813,-0.014677115513597804,0.0,-0.00226078445095452,0.00018665936884196876,4.394447224717962e-05,0.0009463445987421895,-0.002608420967438353,-0.004221659203964377,-0.002265766148340263,-0.0002788757620200473,8.96717078736748e-05,-0.0001372107547557974,-0.0011198588543556804,-0.0005632216427458736,5.47287996623875e-05,0.00019981486673250934,-0.00758340899650109,-0.001555647019016085,-0.00022887788458768186,0.0033968021563251186,0.00039478657802895494,-3.5218784038003683e-05,-0.010605783355834226,-0.00040421986422091953,0.0002644416398134472,5.5929206443607346e-05,1.7030917120235476e-05,0.003249565554453585,0.0037581575011393386,0.0002588150263142786,0.00011335131815868267,-0.005184053802622526,-0.0260218033447624,0.035333956243917386,-0.007622031240460642,0.0019734321148613793,0.0006921467840229688,0.00027638023833641187,-4.0544036394344004e-05,0.00031355616370731815,0.001511275086841383,0.00015934336198475177,-0.001620383072856052,0.0014884912204240416,3.408690626441511e-05,0.0001408541151086505,-0.0014071094251109093,0.0006737055419948727,0.00038653855646237565,-0.0076288438632583985,-3.2628704561167655e-05,-0.00047774623427593354,0.007319132610282279,0.00024570715186324557,0.0019022670006585082,0.0005213238865793707,0.0007077339492287172,0.001635941799121939,-0.0015258437697887246,0.001278172658909968,0.005703266509849799,0.005069518662552175,-0.00432939897741268,-0.0013974543113694632,-4.9509908432745365e-05,-0.007918662494490252,-0.00355311456370602,-0.0005546694601104126,-0.022466157111646335,-0.0014980271550874725,-0.00039127082851701204,-0.0004963592243466422,-0.0003710705401716724,-0.0005480516041997224,-0.0010774192562907658,0.008352476650273404,0.0017661641617905026,7.602281410479684e-07,-4.180455214983147e-05,-0.0019953058191549615,-0.01187101190260573,-0.0001772214866018294,-0.019821495590648205,-0.002379583299536249,0.000976740386508848,0.020443204144034947,3.3869329771084426e-05,0.0007142785287409679,0.0015719178703585118,-0.00037603316929937114,0.00031522917413272526,0.0006710094265632436,0.002591625570407717,-0.004836751531922805,0.0062993380027611574,0.007223784165939008,8.014407863628344e-06,0.0016119064442502145,0.0001890478626409931,0.0002363579996028882,-9.518687223985973e-05,0.004132545791498939,0.0019937587073207935,-0.00014776234973042378
-0.009371029914117347,-0.002265397319584691,-5.84733275224972e-05,-0.00103518652548773,-0.0011755800076888598,0.001771754988754449,0.0,-0.0005035366642479473,0.0017129035434560029,0.0006661500514405616,-2.671894697798059e-05,0.00012635356563815662,1.818884415874099e-06,4.310468204850674e-05,-0.00032720277473995905,-0.0002748564608835746,-0.0021407230441648248,-1.6285052515283853e-06,-0.00029743653264763654,-5.920477568621305e-05,0.0,-3.941578882542633e-05,2.4287250545890353e-05,-0.00017236667897139096,-0.0007294246057414163,-2.1085190195559828e-05,0.0003191693191713321,0.0002373202519508122,-0.00010804356463719737,0.0,0.0,-9.609195719050234e-05,-0.0035988728981258193,-0.0012421614469032547,-0.0003112664449652616,0.0006808745487572007,-4.6469546388562255e-05,-0.002189936490686297,0.0001731330591516399,0.0008134718973119614,-0.00041476582628432383,-0.0004775932896030026,0.00022709223498169792,0.0016532145316587598,0.00032595047879133956,0.0038936322287211524,-0.005239270234368545,-0.00020511711092187593,-0.0010867041081885393,-0.0019021200456243593,1.3191527728155212e-05,0.0011536692327646471,0.0005742405130108878,-0.0027791447458970714,-7.21728635616696e-05,0.0032914005611191675,-0.015358593228833388,-0.006459306357206715,-0.00016973296384048574,0.0,0.00026826854713855864,0.003588316797540177,0.0,0.0,0.0009251743916578577,0.047680586313770965,3.481534577688489e-05,0.002227722116710891,0.0002772553957859976,1.4767366081325274e-05,3.168771716406509e-05,-0.0006049642750360947,-0.00484871731801525,-0.002429045473486825,0.0,0.00164712868645313,0.0,0.0,-6.661168985187421e-05,1.2573649648796988e-05,0.0,2.87659837266394e-05,0.0,0.0,5.674116953463984e-06,-0.012357453157823682,1.3344486076010847e-05,-6.54050982683785e-05,0.01718381550575807,0.0,-0.003515002852745082,2.7982121351384468e-05,3.528022420915231e-05,0.00010838968357584618,-0.003091969598709876,0.0006140073026590386,-0.0007591452482502241,-5.673427073716459e-05,1.162393326951991e-05,-2.5493606993240628e-05,-0.00018579477399470142,-0.0006314493872380835,2.992380048135998e-05,0.0002327379827842556,-0.018819247168107706,-0.0007301045844450012,-6.673623500627545e-05,-0.004720241269541971,-3.387535336662208e-05,-3.118634329682767e-05,0.004728909703571012,-7.410113669883234e-05,0.0008805720454196955,0.0003458492469021475,4.27715521943079e-05,6.724613380001519e-05,-0.00037787649843794735,6.739431564709513e-05,5.427134556812641e-05,0.0007479084553867036,0.00016989500058269303,-0.06354229392059546,0.00033653232012642364,0.003971936053274369,-0.0003242757682189561,0.00012647623487763626,-5.472809618907715e-05,0.0001069308225454264,0.00019565940878225774,2.957441053909257e-05,0.00043422979518195485,-0.001113708116986481,-0.00012837886558115724,-3.823643675851299e-05,0.002371872838879589,0.001369797344424916,-0.0023496802362234595,-0.0007196816413286808,-4.844774811343179e-06,-0.008768718481158521,0.0010268537251892044,-0.00038863027756163486,0.0010440919551465621,-0.0003424520395433926,0.0007224584636012608,-0.0010062673201891707,-0.0001416140589484815,0.0006165143689615428,-0.001817775564242778,0.00013321775274634484,0.00022044316947915227,0.001062364855195952,-5.40049370228724e-05,0.001978265557617514,-0.0015779405898373184,1.6331713696760975e-05,0.000834616594146117,-9.990492819420392e-05,-0.0026221876853186514,-0.0006009369491111668,-5.8306687256262174e-05,0.001605030030193573,0.001858578631704222,-0.0005391593769774716,-9.637444916098737e-05,9.548587834085347e-05,-2.0729097601792444e-06,-0.00010547714879910682,-0.054644989637732365,-0.0010150735019820944,-0.00020897816003237512,-0.003071454010672468,-0.0004242459064560724,-0.04270342021194065,0.0005380039681519084,0.00010284214876745252,0.0010530915722444696,0.0025428597925619724,0.00012229003376415068,0.00012798751456096768,0.0002684180635431489,0.00017801582098501097,-0.014839933326185883,0.0018326649023790431,8.517863464670568e-08,0.00016209378093599941,8.166945521018967e-05,-0.0020959499523037,-1.4641864066369191e-05,-0.0049951312322376006,-0.00015279216685314988,0.00045279553332311124
-0.0508431780258342,-0.0019332217978688306,-6.269767488319222e-05,-0.0012655565821303872,-0.004893950290162566,0.003257141966295907,0.0,-0.0012741564231721761,0.004240632150159392,0.000658523075605241,1.5571537016284076e-05,0.0002331328476769057,-2.680268847676837e-05,0.00044911782775800246,-0.0004403517010658859,0.00025980164287393344,0.007454201170104848,-5.440921238991196e-07,0.001757302553596508,-4.284825440976363e-06,0.0,0.00017501170451044153,7.646294413278066e-05,2.577380011245245e-05,-0.003729078951393637,-7.051144405730525e-05,0.01118518766860255,-0.0003157422304616862,0.00789296687407084,0.0,0.0,-0.0003239959607225705,-0.017692337992949888,0.0007282847841297542,-0.000975941078742127,0.0024639322862289727,4.296295788230526e-05,0.00827114707254552,-2.4700328810484032e-05,0.0036629189971748377,-0.0006587204839783826,-0.005143820676737238,0.000980632183161677,0.015879712362785695,0.0017526460163803193,-0.0015925315246907892,0.007671472258284006,-0.001492529780554312,-0.0047541108384329366,0.00635317601568299,1.2156902907793276e-05,-0.0034536526044321157,0.004203454282060581,-0.0020811649577518274,0.0006803171203760278,-0.009825350391613853,0.00997487296546755,0.013367591919231394,-0.0005862511379816546,0.0,0.00012095951758399444,0.0037410268908174616,0.0,0.0,0.007676411202409683,-0.01867062803660018,0.0004138197460046467,0.0030477165335789013,-0.0019310736702796674,0.00017937197407038013,0.00017501803458612526,-0.002635095414616529,-0.0033721061441743293,-0.002962663939736444,0.0,-0.0003194835250994787,0.0,0.0,-0.0007226682959380239,2.2351295188083724e-05,0.0,0.0008228640815030482,0.0,0.0,0.0001384811523851357,0.012726595568150357,-0.0003770139489037216,0.00026838569113532556,-0.022005538838980033,0.0,-0.0026434595690959643,0.0002409754519946689,7.339541685129857e-05,0.001526464955834269,-0.0039565675874646475,-0.005165573877980678,-0.005793831395033977,-0.00024807946852654905,-7.449443539000115e-06,-0.00027630469951413325,-0.001386833940734276,-0.000918339518939924,0.00018090135664931863,0.000654996831386265,0.004043904466956034,0.00018847054475599944,-0.00024092504278336668,0.01049344526485216,-0.00011394691964496457,-0.00013004377394596893,-0.009037973805313354,-0.000523914762911333,-0.007614297236767704,0.0020300400235422266,3.6948659762303485e-05,0.005173832662563984,0.0019147680537429715,0.00032723042390567637,0.0002570548419400304,-0.0002996973172455147,0.012328952460593392,0.05019244348811174,0.006130605740573894,0.0037139755356488313,0.0001553847176212536,0.00040434981418097137,-2.0322279460892046e-05,0.00038017161835681096,0.0015402723479507566,0.00031184488053798734,0.002797816064292162,0.003855717441807115,-0.004148614039869569,0.0002357898513271804,-0.0007377264707647867,0.006665678124871981,0.006439962768586201,-0.006400246511028974,7.0521577014040235e-06,-0.002428275319527408,0.008444713089588118,0.001797998127877294,0.0016662850807134958,0.00019564371804982707,0.0016960909813382513,-0.001077355195134916,-0.002429523618167572,0.0014258633728924596,0.013668896642035789,0.002889303978512181,0.000506497331474215,-0.002534746432407106,-2.8136898318481955e-05,-0.001566729967816701,-0.0027690183691464363,0.00013664940680917407,0.022797987924546997,-0.0022710025159422263,-0.002566963765515238,-0.0004816818373415427,-0.0004397052746644772,-0.0005659601095241375,6.702738012964378e-05,0.004396277254892171,0.0006347077118094296,-0.0007756576106086531,-7.380410885913468e-05,-0.0023966936977999286,-0.008462906939982756,1.3082542966626795e-06,0.01584807544115047,-0.011533804622846266,0.002353772161123365,0.030650347893505493,0.00013584511668732953,0.0009813467397907349,0.001529547641964251,-0.00035512848858279105,0.0002410685767690909,0.00071792281059778,0.0008344150580150255,-0.006493519581091033,0.006622604988371969,0.011510851427226661,2.6682863699193394e-06,0.0014060163045323203,0.00042948975122624844,0.0004301244376796167,0.00024630025672579153,0.0063487423390737345,0.0029770391773073245,-0.0006165085088397698
-0.13160616083521023,-0.0022855926253447013,-6.990131428234848e-05,-0.0012312818465092887,-0.0024909749276429472,0.0024922348066050443,0.0,-0.001349535214348375,0.0024105872233013055,0.000429403215303598,-1.8820017764874234e-05,0.00014721194858983815,0.0,0.00019872567469787764,-0.0004310248574554057,0.00018247314095388645,0.00384478197656745,-7.324077554069418e-06,-0.001229050890363968,-2.6165640382029477e-06,0.0,-9.325295922024401e-06,8.2723000629749e-05,-7.329887465409637e-05,-0.0023621987741677063,-3.6561646147328654e-05,0.0011677153532471318,0.00043840274295698186,-0.004304833769718542,0.0,0.0,-0.0003787288595119534,0.016103861940500393,-0.0005523861999841062,-0.0006182453097279292,0.0010400220026196962,1.5104030248528027e-05,-0.004052394237390609,-0.0015425442347183653,0.0012858571699134876,-0.00536138083943339,-0.001606392789797384,0.0005011922843216154,0.00908332104944601,0.0003209073529424646,0.003786563831640094,-0.0014525124690461023,-0.0006344037130556346,-0.003991399042281301,0.004355944099932914,9.25451458876936e-06,-0.0037454308983672344,0.0006271357946551704,-0.0039960997773940765,-0.0006101336428932752,-0.004074838296457875,0.005867932713327853,0.0034049445502307087,-0.0005087534479032701,0.0,7.334816327930554e-05,0.001296491359632548,0.0,0.0,0.0028561500291642223,-0.010080430978991098,9.647282297718799e-05,-0.00035443377346033563,-0.0004723397097985963,7.0037081942152e-05,5.370843098620363e-05,-0.0013739072916804538,-0.0030865983100090387,-0.005296872623344197,3.0522786007500327e-06,-0.00014655813615529667,0.0,0.0,-0.0004763266150645092,1.3133560832490724e-05,0.0,0.00031392740849304525,0.0,0.0,0.00012059572623795513,0.005014794365106069,-0.00034178641656436006,-0.00032878615290060127,-0.009342358183147189,0.0,-0.0022514453481883305,1.3389859452756649e-05,3.144470901658184e-05,0.0005684605607293781,-0.0029638543828414865,-0.0016402601587631976,-0.0030879112941212335,8.074054111540709e-06,1.0933762422719965e-06,-2.8633960268226933e-05,-0.0012017336900578587,-0.0006249031482312473,6.868348062072294e-05,0.00011221222531467203,-0.023237137964149994,-0.002433631728119204,-0.00018963546202477796,0.005656668744626405,0.0003854065953743064,-6.585953297468296e-05,-7.421770569330765e-05,-0.0003485902834156724,0.0008163189117190106,0.00010829235891359677,1.5989207326379892e-05,0.003110959003189288,0.002542683433084843,8.914383893754003e-05,0.00010699704879509009,-0.0004365030228370431,0.007294943181799821,0.021535365731224387,0.0005521690146534353,0.0009659943024205417,0.0006403337667513621,0.00021052192986787438,-0.0007662883695141958,0.00022765842674819456,0.0014085259837172714,0.00013366677184557517,0.0027771224844107584,-0.0005281113706718478,2.976045382812623e-05,-5.531494563026489e-05,0.005351614278511808,0.004461746496589989,0.006866219024684195,-0.0029023877734118265,-3.773685514718247e-07,0.00043070003275841063,0.0024018447409106048,0.0006585794301069327,0.0013734625908324457,0.00029618201570833056,0.0006804606784342917,-0.0006157234066640263,-0.0008299717659121166,5.6454930181930096e-05,0.004201866904426493,0.0013822194888894446,0.002377750671963112,-0.000852674815373439,-4.949211336847451e-05,-0.004009638642215155,-0.0003855253999197079,0.0002462494288406338,0.009476811972778327,-0.001281134832862298,0.002574986600110867,-0.0011885403884844747,-0.00032269893742813285,-0.0008636237285587375,-0.0007261420915348394,0.0044519168016160906,0.0002117553111933812,9.470001027752495e-05,-4.8271146207825956e-05,-0.0012790494038056946,-0.01567191149976674,-0.0002602220754114881,-0.0036074307992156845,0.0016680280819205834,0.005256966088420281,-0.030188868463682836,-0.00032018265413102774,0.00043656925028071747,0.0015946483420418522,0.00021573447326694444,-0.0001446998129348768,0.0004013328870265522,0.0005669431643552486,0.00037589546004704354,0.0029501432099197705,0.0038752215672477153,4.493017408836258e-06,0.000826097569670449,0.00020705761923839463,-0.000333935415073086,-2.115837199713327e-05,0.001024493896018946,0.00023608704865750078,-2.0584060240156882e-05
-0.05101856582040686,-0.002306147272686039,-7.897601750384269e-05,-0.001266647505724351,-0.0017156478033062072,0.0032754497692277324,0.0,-0.00016224078533666892,0.0016738070738156663,0.0009869717404453785,6.665467887060829e-05,0.00011096479902577145,-3.3423223670890957e-06,0.00031067532679499325,-0.00043231738379407073,0.00011333882008165825,-0.0023526321865928747,-8.606606380277852e-06,-0.0001990039701639516,-6.479856599541143e-06,0.0,9.412722411768631e-05,2.4691002968294143e-05,0.0005236282785365033,-0.001178503626752079,-4.1156337482524935e-05,0.0034925447824375243,0.001067160387679891,-0.002034363501445694,0.0,0.0,-9.117014838254588e-05,-0.0051160405651134435,-0.0026993487227423224,-0.00040685829233824813,0.0009772558608085445,-1.5109625357089599e-05,0.00391497156744041,0.00045233214687028905,0.001031184560095698,0.0010236528017222015,-0.0011739333268946613,0.0004114387538871649,0.0002939409655168795,0.0009232921111629527,0.0013567962010975717,-0.0002637692926463897,-0.0005235082720785688,0.0012842374565388468,-0.011340483834762065,1.6987401171464858e-05,0.00307320916983578,0.0015652110601181318,0.0008467211128274265,-0.000539285363598593,-0.0007173880367356422,-0.0022034569972729894,-0.010708628724670712,-0.00038217199296793395,0.0,0.00021480704794510626,0.005109125550726252,0.0,0.0,0.0027201360807875942,-0.0056238594909022565,0.00012636426243226937,8.761994059038625e-05,-0.0001448190469889221,5.035392322372711e-05,3.696390256214639e-05,-0.0018305965875883873,-0.0030703472490800233,-0.0022087861608516067,2.454644264770033e-07,-0.00018876094559413934,0.0,0.0,-0.00012178596973943174,9.631998632078133e-06,0.0,0.00016783709255350086,0.0,0.0,7.107586802292194e-05,-0.01227178019313236,-9.063032676629949e-05,-0.00031476222925211133,-0.004059421354070415,0.0,-0.0010287835160381197,8.83742739076037e-05,9.79040818562462e-06,0.00044919338618801594,-0.002317966516509685,-0.0010883803804341186,-0.0038563541041805164,7.8655046264068e-06,-8.738113392520745e-05,-0.00011769544541864551,-0.0004656006072559115,-0.0005404671772092556,9.029097233804411e-05,0.00033802855140708106,-0.004089845695525803,-0.00075399319309496,-0.00012217361368385156,-0.007614989992421737,0.0001367881554397272,-1.76463164108467e-05,0.002198393252637631,-0.0004067398204438354,0.0012693862900139833,0.0003177452182176037,2.4050005850974726e-05,0.0013003214897587456,-0.0005808636274179165,0.00011562158813732128,3.452390081279083e-05,-0.0015565524803546735,-0.01375847735172798,-0.007888538539273843,-0.017661490287107385,0.0012941926185264878,0.0003451515677477451,0.0002649111433756617,-1.436263823327081e-05,0.00023243519704802272,0.00042760650304718726,0.00012341431500151136,-0.000517154463232196,0.0003874099694710157,-0.00013935444852565486,-3.5127137438798e-05,-0.00010667568216095097,0.003534020475385371,0.011161065673244612,-0.0026269756962654734,-9.181451026783783e-06,-0.0028903333750889635,0.002157209468931412,0.0003590170594542661,0.0011063526921078017,0.0002446151657903976,0.0005220699307984961,-0.0009850011452523992,-0.001106666514761528,-0.0006862411587964945,0.002012437608096638,0.00017301114718480733,0.000631661167671821,-0.00020979484345598525,-1.3420531454906069e-05,0.006741615109777006,-0.0006646359841686628,-0.00030403857315093564,-0.012262904809427872,0.0002879365695475336,-0.0002087086119958436,-0.0007660636003145372,-0.00014993057525191487,-4.432858383854838e-05,-0.0011134337848676791,0.0016846392128786677,0.0007032344951727734,-0.00012036887445869484,-5.343690561935491e-05,-0.0005112380456577962,-0.009799013119217317,0.0005108949448875591,0.002391112923415996,-0.0008044153583453647,0.0006048852294665844,0.0012498078403701607,0.0001327220284306906,0.000327513561457842,0.0017106512009140316,-0.00015194826465681678,-0.0005424843612323155,0.00010287204821895505,0.0005677933518444594,-0.002371151836663018,-0.01659669968977927,-0.010077558910204752,1.2262075266286244e-07,0.0004924470211986913,4.9641955534386615e-05,-0.0009071456108696764,-3.39490288185766e-05,-0.005311330681724752,0.0004225971683380757,0.0003885616169827719
-0.0764558387204245,-0.002218111401607442,-5.5372668401003956e-05,-0.0011924270626718786,-0.0015384145752184491,0.0019568763296649925,0.0,-0.00016849672765002454,0.001959515188306031,0.0008921146128533647,-3.55603279572263e-05,0.00014034664410457319,-5.6638500104777535e-06,8.998065398158501e-05,-0.0003660488852022107,3.435876489923893e-05,-0.0031571064687809735,-1.688133888437138e-06,-0.0006695131609528825,-7.29483461675527e-05,0.0,-4.9528504972467925e-05,2.195662846822306e-05,0.00037354468696104904,-0.0012615870729813536,-4.08338416410327e-05,0.0025626846875305416,0.0033421541325057203,-0.013504864358269881,0.0,0.0,0.00018195632207034732,-0.0011264484688675255,-0.0005441938985347952,-0.00040818257946854757,0.0008332960001871467,5.573281394728938e-06,-0.002029997822866682,0.0003057627624858213,0.0009719849663141973,-0.005422993019177546,-0.0012914021357126563,0.0003873529418022894,0.00016028374765789878,0.00012527740978882825,-0.001366542250479238,-0.0049697876968485275,-0.0003621184051781057,-0.0023504551400804962,0.005851306400858914,8.189945078684945e-06,-0.0006591880952047733,0.0025567376548732727,0.0006033905057510784,-0.0007310307298016273,0.013655287916402215,0.00410219059941481,-0.001953661495845763,-0.0006317385081053823,0.0,0.0002556324352782732,-0.0028778637850960715,0.0,0.0,0.00181661766194781,0.05663473433568218,0.00011381257988611944,-0.004182931948421397,-0.0008805485914082156,3.5044208257985264e-05,4.3029647521538644e-05,-0.0010441087135105837,-0.0032039503941733126,-0.0055016502488048815,3.57504730233396e-05,-0.00014636912960441106,0.0,0.0,-0.0003299313660076772,7.4798014592393176e-06,0.0,0.00015232423233469154,0.0,0.0,6.85641438966344e-05,-0.027842092402485637,-0.0002217775702371997,-0.00037063127458145556,0.039598775500607634,0.0,-0.0006538434080956585,7.368532165520034e-05,4.514017822743402e-05,0.0003973728596757839,-0.0024449580495987133,-0.0043220853539503055,0.0006935423442911608,-0.0001354098760214797,5.326020194329908e-05,-2.074136830378303e-05,-0.00026697417865295306,-0.0007027450327747145,8.617595289544611e-05,0.0005156036183573821,-0.006294440389025502,-0.0007478123269307759,7.056563495815424e-05,0.002580975061023687,-0.00012365269862697526,-2.1755039921302996e-05,0.01619103305741922,-0.0002013375596416158,0.00028440143427207933,0.0010548568547672874,-4.296789938841798e-06,0.0016906107319836735,-0.00044160759523225845,7.862840305508649e-05,0.00011215486530477161,-0.0033060573791050545,-0.009437798757690463,-0.05822694241602371,-0.0216789486545815,0.0014514799520274236,-0.0004909089866933833,0.00026170085423211323,-0.00024793746247777813,0.00021945621234220646,0.00012872919703808727,0.0001083260305782358,-0.0020786692118757995,0.0004854453475903852,0.0002814651588748545,-1.8248093303991146e-05,-0.0004980696943884178,-0.0009289027939462422,0.016558271221733437,0.011587479809771086,-4.190897731425477e-06,0.00014159003789302355,0.0034523724893801315,0.00010498137027434046,-0.001280397338616473,0.0008011803670843289,0.001049114558859671,0.001309428376456493,-0.002133644632856295,0.0009173260378270635,-0.0031391140385422355,0.0018723929483495639,-0.0040708654509272885,0.00028784145932348045,-0.000171431090060988,0.0009654789351101726,6.10194540795252e-05,-0.00012180680805193581,-0.006216979536101892,0.001524683094407036,-0.0009473676918902948,-0.0003914688279713794,0.0002968025025898102,1.1494914713705469e-06,-0.0038416117292146877,0.0058953932443979295,0.0005399739675147886,-0.0001480078709498763,-4.864748797457798e-05,-0.00023380105367705117,-0.0408971497228142,-0.0008247143007998816,0.002853108826796733,-0.0011564932814117459,0.0011909588978689688,0.008360787450487024,-0.0003034603866574809,0.00020527853948571848,0.0006982360319274363,-0.0003497277122583414,-0.0010777806278948973,0.0001145796648083117,0.0005929736174045463,-0.0008794887664132416,-0.02181880100349955,-0.01936523876695655,2.9677912918481984e-08,0.000626991305360821,0.00011370184147826375,-0.001169181370224076,6.5223098985658946e-06,-0.008919858600119455,0.0008509958666042688,-0.00017850982666630183
-0.012385794318443473,-0.0016675692208446653,-8.004223822682385e-05,-0.0011658821083457263,0.0003580413173778859,-0.009912415093437668,0.0,-0.00012534733331916873,-0.004987931098544199,-0.0002654578326474038,-8.547575259776662e-05,6.861237781347964e-05,-4.0218500083425515e-06,0.00020626718543146038,-0.00044219100869016104,-0.00015538675390122352,-0.005108751464556267,4.238765176174995e-05,-0.006918944265625085,5.0377812479150934e-06,0.0,9.585603116758061e-05,-0.00039779532179724396,-0.0016869354942928643,-0.001528666937412381,1.5911821006716437e-06,-0.0006027144457717936,-0.013679440169601036,0.005755559429119436,0.0,1.3263561478236343e-05,0.0014538086550074977,-0.009181996608630987,-5.686144664818483e-05,-0.00035447856082565873,0.0010733686571136301,-0.00042365638571744487,0.0006908262827272786,-0.0012863133487230698,0.002549774062972348,0.00011254752594366098,-0.0007169526817131093,0.00043225966232980065,0.004856391226741208,0.0009418611142996792,-0.0012925235832966135,-0.0020708426951628954,-0.0008531005249063045,-0.002559945858783499,-0.000387819806372229,5.519353667366006e-06,0.0008696303499625705,-0.021894479493038417,0.0011522516371713014,-0.00047467920878622067,-0.007190071954155979,0.0035415490721821983,0.002897435076038712,0.0002130505559334674,0.0,4.790956075995168e-05,0.0018947456537875473,0.0,0.0,-0.004579078710260584,-0.008563900274222342,4.871844372758746e-05,0.0005471997454990457,-0.0006679807399891465,0.00010860097204448689,1.2069890867375616e-05,-0.015096988834004677,-0.003150595780491715,-0.001348454613593961,-6.558379928395101e-06,-0.0001164357115334209,0.0,0.0,-0.0001362038398929677,6.615667046193147e-06,0.0,0.00020813560750216118,0.0,0.0,3.1251263683139196e-05,0.0036111278193380917,-0.00018934913530557654,-0.00027446918040401026,-0.007952493992909329,0.0,-0.002234420461562954,0.00010291765341557183,4.2386888894889366e-05,-0.005889708967672499,-0.0014854550822175263,0.0002531737924536509,5.77160245755135e-05,-0.0001988329173833284,-0.0002690412687149291,0.0005849326411907844,-0.0004081749323715574,-0.0004058841443668231,0.0001357757745782819,0.00038979839996514473,-0.005502937980273904,0.000390693089579965,-9.013314592801351e-05,0.0032246093450683964,-4.77379715625819e-05,4.418251650435895e-06,-0.0047687489226274716,-0.0003170974275999263,0.00016878549099820668,0.0003119768348800944,-0.00014805435990415973,0.0014399156217871987,-0.007676339060121634,0.00015176063553935272,9.890452731110986e-05,0.0003732691003522867,-0.0020882112755860023,0.011254734260190233,-0.007753401295664245,0.000726750253257568,0.0012072707027109204,-3.989131503144775e-05,-2.878983586137509e-05,0.00022364386077899275,0.0003589230147516577,0.00010093630428935437,-0.002296098719554309,-0.0009077610147293774,0.0002117051196440104,-4.175722126677446e-05,-0.0004808600499902714,0.001323183024393138,-0.00011033273435304483,-0.0033272342872667266,-3.822868634326549e-07,0.0025740534765291007,0.002524766430253148,0.0004617551250436576,0.0004098270755231694,-0.0008176030293381791,0.0006021501366188338,0.0009980112744751443,-0.0013218298308586632,0.0008935671793745573,-0.0011034061919998931,0.0021343476641651226,0.0006783368260303703,-0.0006009775689062948,9.889550313725787e-06,0.006441577890703676,-0.00012630634826298585,-0.0009035780193036496,-0.015772460693181577,-0.0010214241863263816,-0.004688920635822187,-0.0020024660442475284,-0.00011893209787384719,-0.000273968596938755,-0.00042795857176094435,0.0012342083087664188,0.0003100294349947408,-0.00011305992250342008,-4.633924050598727e-05,-0.0009130527116645166,-0.0189255317492622,3.914985681696037e-05,-0.010339435153548342,-0.0001976752660976749,-0.0001711289388489114,0.0012575770032762885,-0.0001223996317389507,0.00017742776319734508,0.00036585992121451375,-9.925137535283558e-05,0.00013446458453692032,9.058962303018424e-05,-0.0036657468007533674,-0.00021392887423065212,0.0011173032737341422,0.0011546808117869486,7.961810397836254e-07,0.0007366243060253369,0.00013207031341322297,2.609731065962639e-05,-0.004291406390334968,0.0014180956566139517,-0.0007714317322162741,2.9022768360345932e-06
-0.06344675396573501,-0.0019325768005571842,-6.611251861938891e-05,-0.0008849616784133492,-0.0009648964427844951,0.0014458880607355422,0.0,-7.381680690422749e-05,0.0008983064352738841,0.0011433913507336577,-2.6327048462123905e-05,5.794033143431354e-05,-7.993024057614932e-06,9.121266114890523e-05,-0.0002856420632944322,2.230335042552746e-05,-0.00046259455689310236,-1.0615374704756758e-06,-0.0011275237364411536,-0.00013185007780439244,0.0,-7.745018158392472e-05,3.335086122318044e-05,0.00011305944230508843,-0.0006766204684722793,-2.2012002183276884e-05,0.0012524053684401582,0.0009971512346111664,-0.0002936671768752681,0.0,0.0,2.1756300645231312e-05,-0.004906837952592953,-0.0015501905399186713,-0.00023099587833410755,0.00047684882290431005,-1.913244539392347e-05,0.0017234262274943984,0.00012293221098206867,0.000322830125146713,-0.0036258249146408463,-0.0002996435713417058,0.0002328516519608322,0.00010792770855539898,0.00045813058426921906,-0.0006181779654687857,0.001062364479216574,-0.00017599528675685632,-0.004406416705031926,-0.015264823422447595,3.0966963424975624e-06,0.0019145320450681185,0.0009276850715470822,-0.0023613612891092185,-0.0002549071943439177,0.00321194381315227,-0.023464173844004635,-0.008315709964215722,-0.0003994393905558831,0.0,0.00013894051516599352,0.001533711527468106,0.0,0.0,0.0011026041131934087,0.01803086930785499,2.995134777732898e-05,-0.0014021029130750744,-0.00026441411648933254,1.814868918394246e-05,-2.7009085532183514e-05,-0.0007908028158772009,-0.0023221922558534585,-0.0008334797581658362,8.115330568740875e-07,-2.166764362548022e-05,0.0,0.0,9.529012135156861e-05,5.068774962080902e-06,0.0,5.287367215811086e-05,0.0,0.0,2.2839755908037888e-05,0.0010863055892191904,-0.00011926127384896024,-0.00026607993176307865,0.011269428647093986,0.0,-0.000717413446618508,3.8398165966157694e-05,3.241369783916337e-05,8.88447507710826e-05,-0.0007809657805541909,-0.0009944655033761287,-0.0022583574352157258,-9.119889926206002e-06,9.573918577347909e-05,7.823868134261043e-06,-0.00018042285339913103,-0.00012818298889312634,4.661831872626897e-05,0.0002270689272185769,0.0004073236072087533,-0.00026580213961445274,-8.770464875512479e-05,-0.006999622631914731,1.624970908487696e-05,-6.5187841028656985e-06,0.005521066182741089,-0.00013203120284222523,-0.003926315376168732,0.00047740849946724075,3.3879144752242218e-06,-0.00014051644231476954,-0.0014286226508153513,3.900910357542734e-05,3.7718508866848835e-06,-0.0005910317359661292,-0.006346474738700929,-0.027409079618158607,-0.01187573925767194,0.0003003912542915784,-0.00020215023515083718,0.00011834783312038702,0.00020710546974988777,0.00017527301359857044,0.00010323034393865915,1.1409472994888501e-05,-0.0009251903365022212,-0.0014938500835065826,-1.5450398419306318e-05,1.44529826844408e-05,0.0005279796782615945,0.00042992130367703783,0.004826371872540414,0.0032357540168224948,-6.406420464944726e-06,-0.0004008294193257114,-0.00854492528186605,0.00013928022466261008,0.0005093831795732625,8.028432981339817e-05,0.00019079911706379704,-0.0014599104739795763,-0.00024647103206401714,0.00043028226432859844,0.0001594935529622201,0.0002665707691221084,-0.0011021596425277,1.0395108290005043e-05,-3.7368444323548995e-05,-0.0011777694809080035,-0.0007200223408876087,-4.493353143413648e-05,-0.0032327895390294975,-3.636920278011002e-05,-2.399300318043843e-05,-4.447400919643376e-05,4.4859393078018606e-05,-4.231004511083668e-05,-0.00033634236170373386,0.0004991967140886874,0.0002957676404882641,-5.5412199985032194e-05,-2.4050016961862194e-05,-0.00013769251224393525,-0.031106251140106022,0.0006175776703743362,0.00032561405850147613,-0.005044526550126993,-2.8477749209349933e-05,0.001697395048756284,1.7460112478750318e-06,0.00012151214427020109,0.0008120762512910041,-0.00010979738790773495,8.752628759898529e-05,-6.472007871592971e-07,0.00026652531624531134,-0.014922909344842672,0.0015732506893707818,0.0007047583366769919,2.528492001607481e-08,6.537352585854467e-05,8.504116272048959e-05,-2.158824517780386e-05,4.5222934912248186e-05,0.0002482926337086437,-0.00015210524157667935,0.00038785588824016457
-0.05416291845612168,-0.001749687921780499,-0.0002533589749414362,-0.0009542587378660089,-0.001434277237305983,0.0020090623923129285,0.0,-0.0006269006301849875,0.001143531412007035,-0.0026533957357561706,-5.71268577995679e-05,8.867231080963012e-05,-3.5083457368398465e-07,7.018283576163044e-06,-0.00032041715645346496,2.1986352152260578e-05,0.0003244476862765534,-5.656157311344404e-07,-9.116372176746452e-05,-5.978558658047346e-05,0.0,-3.933438398201524e-05,1.1113445672404561e-05,-0.0001381534013211663,-0.0009219508640062695,-3.2317821672145364e-06,-0.0004872988779206559,-0.003344312338369275,-0.002816229197992195,0.0,0.0,-0.0002878682981119088,-0.004815408685379876,-8.358849551897655e-05,-0.00044180918742481036,0.0007339035134189538,-4.680383642177e-05,0.0008707245673573292,-1.0267676074027084e-05,0.0005739438345475679,-0.0008384635154120692,-0.0011892597897626778,0.0003188789827158984,-0.002676549708929324,0.0003289318792382721,-0.0011482155594045695,-0.0011569757193177566,-0.0001615900037082843,-0.003776997475010218,-0.00510492053480217,1.5411101957768754e-05,0.00012648893210780827,0.0006146758653012083,-0.002540626819896825,-0.0004043439890456912,0.004911825024437801,-0.005970358927507761,-0.012896942992076454,-0.00017636897157846792,0.0,0.00021922206464935549,0.001674821894342111,0.0,0.0,0.0009837694322768946,0.06207769156788023,2.7671567104838776e-05,0.0015923247897264184,0.0006850012946820866,1.336205738540478e-05,8.424779474877777e-05,-0.0008983842253097501,0.0023621326803757656,-0.0011165207845287852,9.277590469928456e-07,-5.160216239167098e-05,0.0,0.0,-0.00015346321833133452,1.1054542871037709e-05,0.0,3.5607973846371484e-05,0.0,0.0,6.079032830752749e-06,-0.004499105558124319,-0.0002765303668133325,0.000564081955476771,0.021224494352288438,0.0,-0.0029001787024498966,2.1723026612110023e-05,-6.90581737383697e-05,0.00018257646991221477,0.0002050983695776822,-0.0005076644655216381,-0.0019340500329306312,-9.576945113084528e-05,0.00013470992194935838,-9.448296908836748e-06,0.00091176020885445,-0.00013226743229770557,2.988689601565833e-05,-9.655097175398684e-05,0.011980201597252245,0.004572563087047691,2.297188466833176e-05,0.0003750153186364981,-6.576745174302079e-06,-3.789550736146864e-05,0.010367444938355935,-2.5061906927307162e-05,0.0013526208397070982,0.00024267593198535616,9.986734965744473e-06,0.0003096463732475559,0.0008900790224129525,0.00011118590950420414,0.0002597727919830145,0.0019594528262064427,0.0037546964030670702,-0.06886776041681107,0.0019850376019938222,-0.00047015213409799925,-0.0020604403275619946,0.0002637091661513308,-7.914779377668501e-05,9.673001982970834e-05,7.572630743227338e-05,7.59030008609444e-05,-0.0012951139746168587,-0.0005571822358459623,2.7364725025277402e-05,-9.88706910821868e-06,0.00010212582190976258,-0.00027704502354993415,-0.0006598155133498949,0.005420538242957138,7.810394728472147e-06,0.0010386800743827996,-0.0047817529027045025,-0.011639953665075779,-7.209457359476372e-05,-0.00021579731655444227,0.0007985457700138221,-0.000386056800883433,0.0020546738974242737,0.00116755021780832,-0.002094419688013181,0.00037269094322857707,2.4878169416395244e-05,-0.0006337770229512417,-2.67546054963672e-05,-0.0011699661805911516,0.0007043362005803437,5.286258505651248e-05,0.004188618981721914,-6.670732696463387e-05,0.0004131456954506223,-0.0003330070105316013,-6.62546351756166e-05,-0.002090781463701719,-0.0020059211187623454,-0.0014979728321135779,-0.00015886445508391298,-0.0005921434440905686,-0.00014309777113673836,0.0012393487043673571,-0.05244238042028436,8.498247975679437e-05,0.0010191554372621274,-0.00023395891662959686,-0.000811841508915077,-0.02319191308776603,0.00028702965860188717,0.00019078837289874083,-0.013864439292094093,4.1550471199287834e-05,-0.008337467257968105,7.466408828090868e-05,0.00010859110081571486,0.00012632362131361166,-0.008123261370157852,-0.005482799722094428,-0.000243683259133331,-7.942903430674497e-05,-0.01686292021047316,-0.001587261443058704,3.511067652502945e-05,0.000601819097738202,0.0001605580870490356,-2.8612165495505466e-05
-0.060319322141158066,-0.002101983892501916,-0.0003192233178728596,-0.0012166208093956229,-0.0015363106683958336,0.0036637937348391885,0.0,-0.0003633773514884565,0.0018406448907474756,0.0029880821307105287,9.304351767691274e-08,0.00014562877225556591,-5.468294880857643e-06,0.000380078513959412,-0.00042022583182304597,2.326765454474147e-05,-0.0013926843916925037,9.074639084585692e-06,0.00031392446574649626,-7.922870204394649e-05,0.0,-5.635727390499988e-05,4.771914138929914e-05,-0.00017567300707082263,-0.0014282974589069504,-6.766330004079031e-05,0.0025576781243385515,-0.004366256967696318,-0.0053678962252431605,0.0,1.610055323463535e-05,-0.00022270815455490057,0.012219102577364407,-0.0010635321326200086,-0.0005348748227162769,0.0012492250366016797,5.733750422106316e-05,-0.0028582796199602945,0.0004147303965785523,0.00145181049055977,0.0024711934485097363,-0.0007213647664403816,0.000466271772511588,-0.000603196972295042,0.0014214773070440135,0.0010656426895160828,-0.003174610907111448,-0.00027794024257382963,-0.0013960965231293184,-0.0055204544324568335,1.222544810240593e-05,-0.002287450504333739,0.0042591324999121235,0.003491358181443061,-0.0007253243166443957,0.002406918624659435,0.002205950342590605,-0.003602014633569804,-0.00045699576553835013,0.0,0.0009225643051937161,-0.0016043390699294591,0.0,0.0,0.003449575973730237,0.014422952392807947,6.926736719082903e-05,0.0006173794791876402,0.0003344726602693827,4.827187746685016e-05,0.0001224022463151424,-0.0016636286204872658,-0.000407912469161445,0.0034790430499441606,1.359023203589923e-06,0.007919730953128297,0.0,0.0,-9.419269909163782e-05,2.4954652008052267e-05,0.0,0.00026974506445579823,0.0,0.0,9.488617611241508e-05,-0.01900741289175384,-0.00014698424763125745,1.234289762605255e-05,-0.0008358772057115695,0.0,0.0004353207913049419,9.910944502411393e-05,1.5643549116668005e-05,0.0004451708411944895,-0.0010974864022842488,-0.0012547434212595466,-0.001845939415025052,-0.00013034265454617863,-1.0692614057417126e-05,-9.222805977958962e-05,-0.0003020503217755152,-0.00025296651667948867,4.45496187931976e-05,0.00048099527251040206,0.014829757451932046,0.001204605961872458,-0.0001769969759571126,-0.006937942446327785,0.00025210137405026105,-2.2011289773794257e-05,-0.0019833720487076605,-0.0004660361014289021,0.0011071676145182779,0.00020481186121356861,5.468531861710143e-05,0.0028982287189645494,0.002084382934970522,0.00029621920651517054,0.00011076048115301464,0.004215235316551865,-0.01945367751925481,-0.023201035114906142,-0.0028107274188091287,0.0004651790083332964,-0.0012932153838376582,0.00032029695795145717,-0.0002229394715004813,0.00020606387722805288,0.0007401255091748827,0.00013597329791391978,-0.0006359287524702753,-0.0013694166399559713,-8.930166936412918e-05,-5.254950240074357e-05,0.009742653602182086,-0.003118813885841196,0.004695502594838207,0.013237486492457973,-7.026905832665975e-05,0.0013208405341601297,-0.011899974066894987,0.0009959036619571879,0.00010947304734556231,0.0004959659077608963,0.0009321740656932343,-0.0013040282919183027,0.0005248371199518148,0.0020333407281293513,0.0036017644463500332,0.009351274076847441,0.0018874860482431493,-0.00013977181545835618,-1.625307818683335e-05,0.0024335089230627547,-0.0016081712983069068,-0.0005962380237301476,-0.01586752767935806,0.00010064748596247243,-0.0010612386131527768,0.00046713504600865417,0.0002878515553987746,-0.0005077284889382942,0.001511705168399444,-0.004793699257852363,-0.00032946677460956225,1.4900255108000059e-05,2.8653891792678493e-05,-0.0003002827016571884,-0.02718543138850468,0.0001640969164710709,-0.00908747880582112,0.0010650814995994443,-0.001629346290405814,-0.0115527245469136,-0.00041313943417799925,0.00047899904782511537,-0.002496165463260791,-0.0008089933809559539,-0.0008186003170126896,0.0003014898357996004,0.0008978874289287993,0.0002485070346463678,-0.01951456815009085,-0.009174356656777391,9.035761466855016e-07,0.00022859348696056177,0.0003526338226653332,-0.0017799409497217702,0.00010105840180005637,-0.003945119379537521,0.0015697486279305265,8.661887947993517e-05
-0.05399419693731363,-0.00244564528379866,-7.100153792738273e-05,-0.0013279916959221497,-0.0031153549595537163,0.006055350209170284,0.0,-0.001070548525714095,0.0031203297320095717,0.0036143769994553226,3.0282499843018337e-05,0.00019487429356162156,4.644813278978305e-06,0.000520544201630513,-0.0004833160005859305,0.00011989394388718095,0.0023963847855419224,-9.64740839971971e-06,0.0004795059344854054,4.860176632275953e-06,0.0,0.0001526129836695054,7.058148184589663e-06,-0.00018122372252762155,-0.0018698032010292629,-6.601490759290984e-05,0.00016303205095188507,0.0016655453736256493,0.012859193334161927,0.0,0.0,-0.00014168082029082215,0.02601676217889453,-0.007725114767203942,-0.0007734070714950053,0.001865008656815971,-1.4545590433242326e-06,0.007680475789836567,0.00039723711435580975,0.002050273881351962,-0.002637183190163553,-0.000609334645166332,0.0006754834719338512,0.012183936640392697,0.0011542001947535583,0.0014291017359974866,-0.01207058014230507,-0.0010045193030982125,-0.0045017532719393285,-0.0011051782349496171,1.7647661133984187e-05,-0.0030269067322728493,0.0017199561765217728,-0.0075572521479835165,-0.0007916297549334089,-0.006434947955716184,-0.014526809508494784,0.009559600835307866,-0.0005783095946213148,0.0,4.065739516807729e-05,0.0024470838023836353,0.0,0.0,0.005800353380128418,-0.010586438734587785,0.0002183814556731507,0.003415631672299776,-0.0018406919625892832,0.00011033272545089825,6.572988314667862e-05,-0.0014007450164106048,-0.0023326662974669397,-0.004312336696236972,0.0,-0.00010498486104880937,0.0,0.0,-0.0001502208882277041,1.74969999470163e-05,0.0,0.000552974193441357,0.0,0.0,8.905134039870621e-05,0.013130131721895373,-3.0466896013602025e-05,-5.201976817379324e-05,-0.004519529937078674,0.0,-0.002910101680012739,0.00010311324523801948,6.0728885516684216e-05,0.0009381902282964588,-0.0031086416113792516,-0.002614724295513576,-0.005702035120477015,-0.0004194691636608259,9.931814572700135e-05,-5.963807530689155e-05,-0.0012379587377420458,-0.0005751622526627617,0.00011389983104272044,0.0005714539597381518,-0.016527604380169224,-0.0006087340039912618,-0.0002068212271755653,-0.02478342331385494,0.00014199606643051688,-0.00011399106242170314,-0.012409447945894513,-0.0003332335917720679,0.0016369579442935662,0.0018767581100097338,5.125698385293081e-06,0.0022651038546732164,0.001587257103720286,0.00017746100266305832,0.0001517242779910307,-0.0022418243008796336,0.006416807255970784,0.007352383401182003,0.004694749865789907,0.0022506995143606184,0.0003203370599968038,0.00011472715264642506,-1.8557277575747623e-05,0.00036171788769445517,0.0007165315975175175,0.00027001240204523736,0.0017079830534316401,-0.0021721259906141033,4.686199191874602e-05,-7.927047680846523e-05,-0.0006065744796260056,0.0020327460670058785,0.0055899726339122295,-0.007374975271945996,2.322635892624443e-06,-0.012364952629237655,0.00979577956812735,0.000666319175046079,0.002221798958481925,0.0007632085892024396,0.0009320146353769419,0.003485940437244726,-0.0014311113109214395,0.001218609981043198,0.004101375566637339,0.0014482950804819118,0.006223440591313777,-0.0025390540745353993,-4.437630633834239e-05,-0.0045693298578318555,-0.0025479112283898647,0.0001790312016759942,0.011041864535030145,-0.00031595858049798386,-0.0020643888598013346,0.000284924373817455,0.00023786884217547635,-0.0006386068195254839,0.0016806504324864003,0.007331149314157733,0.001554395463436424,-0.0003311039899723736,-8.344888318820172e-05,-0.000473595418962929,-0.035685587776682556,-0.0011097256712877457,0.007427468501669873,-0.005444579705581566,-0.0005884320440797638,0.020944276709297285,9.565455072183335e-05,0.0005729224248603234,0.002475663491022595,-0.0012682447487215478,0.0004289144318556879,0.0007755893682298615,0.0006952412759381848,-0.004884579791495953,0.007082019306550733,0.008754810045605027,1.0735477796159202e-06,0.001324649991284088,0.00017603628350538718,0.00019056150800880568,-9.346428889584844e-06,0.003894755754289143,0.0024719908000788876,-0.0005819986984675426
-0.11050852239044012,-0.002223810910782703,-6.834450349286632e-05,-0.0012397615921360434,-0.003087677042635356,0.0028559888836145477,0.0,-0.0011578837568393915,0.0035321736495819017,0.0005001403938426757,-2.0229129936804113e-05,0.00017684396014348212,-2.0362542854974384e-05,0.000304694775143212,-0.00043228471749546827,0.00019847277420413002,0.004245621622177464,-4.761064301322157e-07,-0.00041409505517080424,-1.9903535254360995e-05,0.0,0.00014144072226663677,9.369614361549643e-05,-5.02765893763108e-05,-0.0028294422912286815,-5.1019426863056425e-05,0.010685296743142399,4.032693950395527e-05,-0.0009517934962654305,0.0,0.0,-0.00029140014329286703,-0.013271124251887778,-0.00038768160098896456,-0.0007980805462127492,0.001558609025965216,2.5537694825396204e-05,0.006283093068122143,-0.00023946508974645914,0.002663184021689485,0.0021431350502194376,-0.0032535057163912817,0.0006474427768857507,0.01236317795429408,0.0010676342613205134,-0.004389863103650391,0.002548574158969496,-0.0011023648102484937,-0.004186997343752462,0.002931668293973869,1.733448456723208e-05,-0.003444976135221664,0.0024244460696147504,0.0011323803207531436,-0.00012185299578525865,-0.003805216661034812,0.006620182031385066,0.0064800718434545905,-0.0008930737452452828,0.0,-0.00010542081679518362,0.0029292917010807036,0.0,0.0,0.004272109096830323,-0.011893271558710217,0.00018472794648621032,0.001307854299784533,-0.0008049569714942745,0.00015108723472085806,6.588973202056076e-05,-0.002296544144308158,-0.003344094229496235,-0.0046690989300351565,1.049912142332171e-06,-0.0002027625482125123,0.0,0.0,-0.00013280388138404563,1.7160650425039886e-05,0.0,0.0006182171056810198,0.0,0.0,0.000189804901634166,0.0070573846013598455,-6.5020719795077286e-06,0.00017298476055413757,-0.017718595327788654,0.0,-0.002463419011201616,6.767837559233353e-05,6.269111149066476e-05,0.0010178770026585398,-0.0031658087170705956,0.0005291558291572795,-0.004981811145836028,-0.00013068154713186304,-4.8395265862175496e-05,-0.0001414522780807006,-0.001959938034545921,-0.0004666556819138062,0.00011745844588486164,0.00030166250965929655,-0.01239048681054653,-0.0019270309988249571,9.133470998580057e-05,0.0053589830181014955,0.0006255887580305973,-9.200024264803853e-05,-0.007253473410497274,-0.00042668427153178917,-0.00795934156316654,0.0014653473435818443,2.516705320674367e-05,0.0038122943431633627,0.004364992442926883,0.00026464123849878754,0.00014716437183147306,0.00425135267679173,0.01598296390813249,0.0281006593723527,-0.001072920139831242,0.004281997631125321,4.1194650161644465e-05,0.00011230441366955437,-0.00015306592642138134,0.00028600125661711436,0.0016791972983581174,0.00022991006082260121,0.0003868147371047469,0.004830995399835457,-0.0006612683810225053,0.00048214877272476585,-0.0010160143254326472,0.004637460157531736,-0.0004446533108933195,-0.004417988815623896,2.072819829184551e-06,0.0010969018633945815,0.005261996815413974,0.0015724652582849539,0.0017262752939206383,0.0006297707364632514,0.0013100802940651814,-0.003717597346932982,-0.001811319222672516,0.0010564879503238206,0.015801370628970045,0.004273963493120951,-0.0038537472925176198,-0.001767992111482373,-3.360147485616863e-05,-0.0030714023282104514,-0.0016946157771919317,0.0001087092750460301,0.01641623705753768,-0.0009116247656243884,0.000816657695590544,-0.00026870558058605666,0.00010703554689392116,-0.0003759917488710149,0.0007679886300085003,0.0017726386813812405,0.0006972910483751482,-0.0001060577846564085,-4.43868193620857e-05,-0.0016549726167499278,-0.012072736733625711,-0.00015081790190857522,-0.00773981279580782,-0.010824518000058377,0.00045112564868476815,0.024878257174780618,4.72775414257935e-06,0.0006161371395674033,0.0019137168894508452,-0.00017154553126586406,0.00022809093524130616,0.00038301174365245987,0.0006354038619876006,-0.005814673491194456,0.0011376048889183256,0.0003971834165456178,2.7513237394028333e-06,0.0012601259058224487,0.00044139948387328343,-0.00046403414100665464,-9.282249825908216e-05,0.0009556005163268394,0.00043308528478730484,-0.00048460852991361666
-0.06402037974634829,-0.002686496556061686,-5.995104089177682e-05,-0.0012854366963691319,-0.0029681580000112608,0.0030452879979957813,0.0,-0.0014968771388622062,0.0027325475335480474,0.0014812346411507257,4.184349903279144e-06,0.00017067671780782975,-3.375770858338897e-07,0.0003055975668713289,-0.0003459663977620037,9.032679513272416e-05,-0.0029783848559595903,-4.634170673912167e-06,-0.0001071570458134164,-0.0004182736175237535,0.0,-0.0001600061458781477,-5.310028301270214e-06,-0.0003039502532041669,-0.0016293421416699657,-5.726226974968022e-05,0.005914547936062189,0.005040337718899338,-0.026516545978236505,0.0,0.0,-0.0002630545511984145,0.002703441699910708,-0.0006106191895223625,-0.0007601838745497373,0.0014184821875365605,5.640422928967697e-05,0.015263021736491628,0.0001367632826426269,0.0020702575057254848,-0.004482523293102358,-0.00021735719851173063,0.000625928365979458,0.009627754158736528,0.0007915376979213238,0.006070025575157426,-0.01740036280191024,-0.0006018703011240134,0.0010560445362477534,0.008274784020845971,1.1041015759932252e-05,-0.0018255258839212452,0.0015712625375255,0.006492452459051622,-0.0005500287618637448,0.019346074114872668,0.010319596128734678,0.0068114572909795355,-0.0006170758802086971,0.0,0.0004609525117907079,-0.004281394623078346,0.0,0.0,0.005317740723862871,0.12543182508894257,0.00011726048994855118,-0.012993620345185482,-0.0007611264784077673,4.515408864038081e-05,6.481013819151746e-05,-0.0018235134568756416,-0.004915274264493235,-0.021181836549514773,0.0,-0.00014026108630844512,0.0,0.0,-9.782196275992694e-05,1.287006745094823e-05,0.0,0.00034135419928235547,0.0,0.0,6.543415974053642e-05,-0.0497673563409051,-4.284210250136516e-05,-0.0006936685378054915,0.061369394833730266,0.0,-0.0005559766989584839,0.00021108633070680228,5.80813627093956e-05,0.0008312594755532726,-0.004057395988622472,-0.001614875388183984,-0.0017537092871399967,-0.0006760512792767695,-2.148795830487578e-05,3.001158026514862e-05,-0.000811097493490342,-0.0006039077563176792,0.00023648514763395363,0.0006730792944067015,-0.03849127894413235,-0.002316235550271577,-0.0001888332392231004,-0.04573188259797333,0.0001872661164074304,-8.744501953631285e-05,0.024860965525544083,-0.000561568613791254,-0.0005753199020336767,0.001827867892677955,8.692307083716138e-05,0.0039037095370519754,0.0007240230422184815,0.00036305058998747,7.874618798751837e-05,0.00042492829071159725,0.00848019216514075,-0.028725077294083072,0.0098324204691561,0.0037823349574675636,0.00031080552791981945,0.00021565622615769443,-0.00019414356582513195,0.00031567878704153444,0.0004773786418690772,0.00025148019690473985,-0.0034932314173104777,0.0002882990835375258,-0.00022158116166419548,-1.0507832271574295e-05,-0.0008007370640321896,-0.0030590637932904207,0.030428402919308456,0.008823776908620264,2.0724113480043854e-06,-0.001369550429750582,0.00603495685578511,0.0016251747209752956,0.002723450424078427,0.0005935041457444012,0.0015837013679750216,-0.0031226884041946202,-0.002536800028838996,0.001984381459784738,-0.003969703422170599,-0.01030716529149013,-0.0015508563365461065,-0.0019307086674099977,-0.00010559610854011218,-0.010248222487328637,-0.0036752496540919484,0.0019043918610695985,0.002105758318684501,0.0004152557583017351,-0.002978465147601436,-0.00042995746677373383,-0.000358196812209369,1.2426490768309646e-05,0.003243534967635,0.0076188548532148456,0.00044519215784556286,-0.00018685447149064497,-0.00011046302989982959,-0.0007288055866291917,-0.015313764155018004,-0.0008905433887129832,0.004788691959687693,-0.009652910958743951,-0.00569444671712691,0.015957625636186176,-0.0009148015524299097,0.0003912502648180893,0.0020123240937539796,-0.00017322872692544366,-0.001110539202089418,0.0007439885000264808,0.000684354098992597,-0.0036277169803447477,-0.03358053055015795,-0.017303376376066163,-4.9299243501287185e-05,0.001024743465447358,0.00032178665689416386,-0.0017642193675964308,1.136765046654544e-05,-0.012659418838815339,0.0014376711187757676,0.0005481570858975222
-0.07231982943410976,-0.0023688624419909037,-8.06241826894879e-05,-0.0010855738082515833,-0.0013997122475907689,0.0032003111252566514,0.0,-0.0003952278604991499,0.001498027593384723,0.0013178287868642951,-5.1530205919401345e-05,0.00010712715597493644,-5.128885886545245e-06,0.0002068776517157059,-0.00041634069969410795,2.278187947628118e-05,-0.0017503964499978421,-1.8338936516071889e-06,-0.0001973996202061746,-6.568801451042324e-05,0.0,4.571370144233941e-05,2.5706709843791854e-05,-0.00011601582443865483,-0.0009006984360497064,-2.7742045588666925e-05,0.0006012447669584797,0.001280461999547525,-0.001266564891002654,0.0,0.0,-0.00010479455357195409,-0.0023157718926968586,-0.0012475181197748042,-0.0003821176154419982,0.0008442119395726191,3.870727138550312e-06,0.0008552247223754616,0.0002479528346813319,0.0012337981260897087,-0.004991967111223842,-0.0003363348088734644,0.0003586350592292959,-0.00010341688798846598,0.0009114760669072535,-0.00034329400732320266,0.0005204928676986694,-0.0002696920902198223,-0.0023728174797576287,-0.008261784336833385,8.692735639610184e-06,0.0004077026104424135,0.0015420293668676865,-0.0006611687944606444,-0.0005134366669913987,0.011488259166421147,-0.008902020159956421,-0.006092518622928047,-0.0005697473932669258,0.0,0.0001754944879499393,0.0007846668256177551,0.0,0.0,0.002306119719752806,0.01186727660144796,5.6092510935331476e-05,-0.0019120425888564177,-0.0009936736806658007,1.325940664655564e-05,9.439418668831294e-05,-0.0015208710363897341,-0.002824689501642197,-0.0018498106228923964,4.186038593218649e-05,-8.002817580696469e-05,0.0,0.0,0.00014483115795942177,6.1556594189898395e-06,0.0,0.00014590765102434638,0.0,0.0,2.0983953696398464e-05,-0.01078331372754584,-0.0003109608717040319,9.682761802100788e-05,0.01852732174776941,0.0,-0.0008200031985646522,8.147773653664239e-05,4.159244320051429e-05,0.0002684337547163475,-0.002647245806104497,0.0005530770128448042,-0.0013239900909566165,2.1336106658291262e-05,2.3507277640013617e-05,-2.3261541674989652e-05,-0.0004988123595592267,-0.00016547682703243243,7.598093382553776e-05,0.0004957989361195562,-0.003210818108018469,-0.00037924823311306704,-0.0001288941448631101,-0.014083568561218285,0.00011461633665243938,-3.597087724099444e-05,-0.0013432519302672388,-0.0003074545426488083,-0.004665040875837078,0.0005225433236492351,5.6818119011959044e-05,0.0038727782302651046,0.00022736884117092158,7.859615361102703e-05,5.783213331447599e-05,0.002200116567658816,0.0020137368336424506,-0.04614844504691395,0.002715007584926386,0.0007968875722880593,-1.9554159567214767e-05,8.464396631635706e-05,-0.0002864861980251551,0.00026672448822470364,0.00018854651677827617,0.00012024644004951901,0.0001526867411828679,-0.0005369380491507922,-0.00033490504884005047,0.0001056943812389412,0.002944685644173217,-0.004711614639164937,0.014627113732754448,0.004816506469999446,-7.587726312816337e-06,-0.0027418027923180677,0.002367612502280898,0.000799909871947124,-0.0005489707351971269,0.00024189819360265024,0.0008690068025252037,2.985710985015448e-05,-0.0010989662164424823,0.0008395936188744477,-0.0022848317857837534,0.0037943753868392204,-0.0014437111511820064,-0.00036030965681677405,-0.00011657823578695556,-0.0033500422319245626,-0.00044696978945847594,0.0010611015552388402,0.005123304477887999,8.72600109080507e-05,-0.0012706626311053842,-0.0015704394893975798,4.687495309016059e-05,-0.00020772004152960798,0.00118435273752729,0.004852763561709824,0.00040395219421843773,-0.000127253556148082,-4.1026297232936055e-05,-0.00032068368078521514,-0.02808657905935208,-0.0001844724491239417,0.0021303421464441918,-0.0013212919015122319,0.0006251804704748476,0.007861403560724938,-0.0006112785493997215,0.00028887885862504846,-0.004900823734192427,-0.000163406531965857,-0.006699230706329304,0.00026934512286213886,0.00022199657624707108,-0.0023499824001031143,-0.02069928190158227,-0.013923150285055577,2.481111348276827e-07,0.000264657507870475,0.0002076683204596568,-0.0012316429825066156,6.246929974996403e-05,-0.0032959604541717147,0.00021702481661540503,-0.00021755525109585505
0.024333694347673063,-0.0026936186500054315,-8.42212227479092e-05,-0.0013040804518808671,-0.0021605349430240776,0.006892961576455342,0.0,-0.00019729432047180644,0.003158663591194914,0.0007012420274019042,0.00011971789902429463,0.00017812456463707786,1.0265528001494454e-05,0.0005549130472435487,-0.00045889230860864653,0.00014833477986635232,0.011104770750111837,-1.7577277184493388e-06,0.0011889143802612076,1.044461073837901e-05,0.0,0.00014635778387845483,9.477353999037756e-05,0.0002341529298129844,-0.0014216644922928339,-8.102466972625286e-05,0.008034887692933937,0.0016595829245742728,0.0057849387965209905,0.0,0.0,-0.00017574710989765125,0.006501093120020486,-0.002513501707528053,-0.000756473794541904,0.0014622508323487088,-0.0002628979751912187,-0.002540910795294496,0.001309076604055442,0.0018476727814885014,0.0030974401329975387,-0.0001748014849486441,0.0006445934821411076,-0.0024535062900405773,0.0019981623019060513,0.0006855632468848064,0.007628791392907766,-0.00043638332460377863,-0.04254036009156754,-0.003448498359590748,1.4349143561650829e-05,0.006528571063229111,0.00421306945949646,-0.0038328363131396024,-0.001297256585535845,0.030199286617677724,-0.004647123925496091,-0.016022578426508997,-0.0006249025625889729,0.0,0.0003437121485497709,0.007314089591352473,0.0,0.0,0.0063818972697943874,-0.006904355145565506,0.0002728775541680212,-0.0021924022768162817,-0.0014883512052936427,0.00022644260375563288,0.00015021868978079333,-0.0011132623782831581,-0.008193822214973764,-0.00119081107498502,5.143509839184847e-06,-0.0002697838110059222,0.0,0.0,0.00031120408410481587,1.65911177978435e-05,0.0,0.00043876596028424094,0.0,0.0,0.0001780508437773786,0.007623053856055733,-0.0002433350879022512,-0.0011569473367615915,0.04830381242970883,0.0,-0.0014845645101151154,4.597327447482804e-05,8.227847133430267e-05,0.0008394292752821899,-0.003385021045803071,0.000316988446747769,0.000586854496742235,-0.0002703287024400097,-2.7372188593661533e-05,-3.8826143738111004e-05,-0.0003038584300043353,-3.038482195987591e-06,0.0001491603948243764,0.000574318817047017,0.0038397042994132717,0.0008004121652496733,-0.00021572189489655315,-0.03213357666914125,-0.00011121563500227522,-3.324017538848355e-05,-0.0042189888087591195,-0.0003335166915593722,0.004142720464184187,0.0023837478267971397,-7.499016399199195e-06,-0.001001773075534051,-0.00980153554524533,0.00021952409849950775,8.89409078868518e-05,-6.525760967186516e-05,-0.01990476789986367,-0.10307925422957442,-0.03691408807960062,0.0012265671263707117,-0.0005256067282863679,0.0003859005696995839,-0.00042043305071011726,0.0005426575802254357,0.00019447886224841296,0.0002049639241362218,-0.0022471982176002197,0.002028849012171792,6.024214613351705e-06,-5.7173324688248005e-05,-0.0005998226738617844,-0.00037692793595090103,0.018599997845498924,-0.0016012569350262367,-6.311581521345594e-06,-0.0022570483043742448,0.0033199213904181973,0.001566246429430728,0.0011304259701810382,-0.0008111971897677507,0.0008724610624839556,-0.0023880300196995594,-0.000416467106267535,-0.0017249654693939798,0.011182883265728338,0.00482672127354078,0.0030886968897655387,-0.0005527858630071956,-8.519349021819116e-05,0.012595290279052923,0.0004761840856687172,-0.00022139239907882437,-0.01598709965197412,0.0002332246640696237,-0.0007679856411802669,-0.0008274333619126339,0.0010358724215166594,-0.00036530756129308606,-0.0023335125139147274,0.003435772151842481,0.0019806435570645046,-0.00015371154552321328,-0.00011684832048889801,-0.0007562620182733189,-0.013632976512735172,-0.0008214030665995389,0.0038476362113070563,-7.728899046605761e-05,0.002411327768463802,0.014851114644028196,0.0005119414947495751,0.0003356697027468531,0.0017305905867404142,-0.0004944186477522268,0.00045659326297912744,-6.895497562687037e-05,0.000850529607656194,-0.01331456789504695,0.004231729571859991,0.002927357856725137,2.8421261585014783e-06,0.0005403283193958345,7.051644331904704e-05,-3.8773628226725805e-05,0.00012841989124579562,0.006267893863633466,0.0015393172624000224,0.0007270384677252427
-0.05089495512591325,-0.0014540092595020035,-0.0002235135665446751,-0.0010574197547268344,-0.0009869842952287833,0.002322034116686144,0.0,-6.247077487500993e-05,0.0009882556033947167,0.0005258934214185985,-5.611276442820067e-05,5.443763941115585e-05,0.0,0.00010525057194692298,-0.0003355538088966456,5.817644558512076e-05,0.0005429778372152416,3.0119673411510417e-05,-0.0001345939107016529,4.195417130256154e-05,0.0,-3.4829673756337236e-05,4.041690263777306e-05,-0.0001043793277851126,-0.0002478814079989349,-6.632494137518935e-06,0.0015084271169321444,1.725004887996396e-05,-0.006615693916464966,0.0,9.558351459532995e-06,1.0871073204533415e-05,-0.0015644141960193504,0.0025236244792617925,-0.0003714074002674317,0.000512881854327747,1.0120811502109554e-05,0.0005337174607299085,-6.332375773120926e-05,0.0006831403210320895,0.0010491041959189997,-0.000498973148073136,0.0004034233192062951,-0.0004754754132136553,0.0002613910697666994,0.001136577195652754,0.001645553350308602,-0.00015611609700530077,-0.003889032880195356,-0.00482991714740131,4.28434880194918e-06,7.795863098795012e-05,0.0015528461495825168,-0.003925250379930433,-0.00011386903390271949,0.009943515375430206,-0.014209385452300705,-0.014527180091372192,-0.0009368835394558228,0.0,0.00011790604127289183,-0.008163075142435403,0.0,0.0,0.001223056543853354,0.0026642450215373266,4.318012374836751e-05,-0.008047304809323596,-0.00032148726187007133,1.4825147164722717e-05,2.671723113028316e-05,-0.0008932950541549902,-7.637074306893208e-05,-0.0010251589604784361,0.0,-2.7618032409475456e-05,0.0,0.0,7.44928401132281e-05,6.432668534073528e-06,0.0,8.670855749983159e-05,0.0,0.0,2.9159991392785648e-05,0.0011793529467681932,-4.4729012496440994e-05,-0.0003624875270276987,0.007881641359400763,0.0,0.0008939773961735201,-1.64996223066394e-05,7.35393406369089e-07,0.0002341850357115085,-0.0012566372572915003,0.00014573177579358445,-0.0013928511043157382,0.0005381583684549285,1.993721449497876e-05,-1.9224762313490995e-05,0.0004601920278030477,-0.0002620756397445676,1.2977017339955924e-05,0.00023142194613783688,-0.001532131066146374,-0.0006274979678595234,1.0211037988402995e-06,-0.004591340537479308,0.00010582030648781034,-1.4631416300550679e-05,-0.0016969762615262735,-8.195700714532047e-05,0.0005660696852636041,0.0004158201523374725,1.778560800805637e-07,-0.0019729156635113713,-0.0007138206569883368,5.3253522233211414e-05,0.00010663135251440208,-0.0006883189066137858,0.0016424732273607238,-0.03770622983061491,0.000560237571449931,0.0004520365444810294,-0.0023167244672599252,0.0003153161599300107,0.0001030915467457561,0.00019855006661945702,4.7454228432709844e-05,9.583636393130406e-05,0.0012316454125611213,-0.00025393647778380245,-6.89896538222374e-05,-1.7845234694233092e-05,-0.00018512943563253313,0.0010981060638476734,0.010692313831303264,0.007611601866699435,3.0701521586015486e-06,-0.0021607575490896376,-0.0015513478116407282,0.00033070040196735964,-0.00017416585563058252,0.00012179427111570812,0.0006258815600700361,-0.00158205213266993,0.0009894203392327124,0.0008526192055019259,0.00020281632929174383,-0.0032589073857451946,-0.000997127352990921,0.0007900757964670596,-1.6485026417966053e-05,-0.0029228094855638298,-0.0011566098765356562,-5.857203267516938e-05,-0.009806760578556985,0.00012976838883786717,-0.002196473091013599,-0.0006424274755500214,0.0003021884267190307,0.00028024613441680614,0.00038831417870717624,-0.00804454419124387,-0.0009015430585282399,5.246247604802827e-06,0.0001125446817073267,0.0020913500420496976,-0.02055348349991816,-4.319658827677148e-05,-0.007358941838181041,-0.00021313895799352368,-0.002866410516505321,-0.023647189789700103,2.2202852020454354e-05,0.00013948774081708323,-0.0063791588509818035,-0.00015381413082523956,9.995627615089713e-05,5.920641219503587e-05,0.00031111133511215096,0.0001250024089932943,0.0009253595507228211,0.0007214889593639666,-6.37475357746017e-05,0.00010428628707377923,-0.00020786033476382712,-8.887298920246714e-05,-2.487370616628689e-05,0.0005930659937188574,9.846179763394426e-05,-2.1128044035476427e-06
-0.010773206814892735,-0.0021335115001916943,-6.474328707216975e-05,-0.0012825214704792305,-0.002115556582255086,0.0024166624772680345,0.0,-0.0003809460437995018,0.003228074508178959,0.0002552153858431968,0.00017070662449574913,0.00013509843105952797,0.0,0.00021493213893805272,-0.0005185996516774067,0.00015512341758222462,0.0031380084482299053,-3.92596811142855e-07,-0.00012644036350717972,1.320093590236114e-05,0.0,0.0001097007965425046,8.253048429238804e-05,6.236428266770649e-05,-0.001313540673773668,-1.6502404583616743e-05,0.0027479502113728765,0.0015825526393864694,0.0036374040749537224,0.0,0.0,0.0017469823432113237,-0.003791293104468274,0.00010176936432537215,-0.0005663012952037528,0.001336249305691226,-0.00011531862685092377,0.006195589138717481,0.0006271232456948139,0.0018241060187954394,0.0001640012153442405,-0.0031387123602839508,0.0005157085965437202,0.007732555183113553,0.00030530669132175807,-0.003457632478096948,-0.013011218265616757,-0.0008115358583894771,-0.003843682896021567,0.0013985397612310973,4.631922523911431e-06,-0.001979899026559949,0.0015450770762575595,0.0010497911161699805,0.0001398708104475889,-0.002692825263099871,0.0032356334941983254,0.005205140913431953,-0.0019330241823320338,0.0,8.25443578390599e-06,0.002096733698353809,0.0,0.0,0.003545962484740908,-0.004108892416754977,0.000223101960421893,-0.0019720568852982113,-0.0009268443518071102,0.00019424703761102536,1.4363955962023406e-05,-0.001621522472860723,-0.0055371758251924865,0.0006279470153336365,-1.1886897868410427e-05,-0.0001481720679576349,0.0,0.0,-0.00012997353573043524,1.2726021918433109e-05,0.0,0.0003911315613446326,0.0,0.0,0.00014315314270162504,0.006537010745964451,0.0001061094898304743,-0.0007625380917804139,-0.010181405406672506,0.0,-0.00322021186858576,5.808347434976557e-05,2.5460924365241865e-05,0.00018925534670692106,-0.0021208892061409627,0.00030912150163777134,0.0005463038518067829,-0.0002181649471284483,7.200865753014025e-05,-0.0001394320801554887,-0.00033206061701072454,-0.0005450127288849608,0.00014487927851023838,0.00018878309444272945,-0.01528104768855966,0.0007972598038068831,-0.0001387561254544215,0.0019873100337021938,0.00036571530389112474,-3.181970656136667e-05,-0.006279583946478977,-0.0002733920904726269,-0.0007498593285933035,0.0015422902478150144,-4.3248624363118525e-06,0.004595554308282299,0.0019228144099986042,0.00027655192956901523,0.0001027138468194411,-0.0038215410243823567,-0.012090234006628162,0.02118788628631815,-0.010032019210606459,0.001197856509840753,0.00043083889668511224,0.0004346264345420486,-4.716224720920534e-05,0.00023023664220494838,0.0005294126026093558,0.00020290248793440897,0.0053442962930303015,-0.00040271207077217995,-5.876795296176908e-05,3.96432444101644e-05,-0.0005061177200313675,-0.0027992192203828135,-0.002515170064259517,-0.003791444982509673,-1.7208855960359343e-06,-0.019642386057219016,-0.025212649671566997,0.0011432595854217983,0.0006789060823520711,-0.00031504012652939633,0.0005714752835414804,0.006016922933144914,-0.0015042137082773872,-0.0015916676638333873,0.03106992441060509,0.0013963538874395575,-0.005341365698953941,-0.00027725637344276936,-1.1122003079868976e-05,0.010036384490606412,0.0010454114689612986,-0.0001644030727069726,-0.012291796719267561,-0.000791540822997401,-0.0030280999772183247,-0.00171515590124973,0.00024595205564590164,-0.00046856483452752806,-0.00015277545079165887,-0.005922285582694604,-0.0008188607594465707,-0.0002984815902900738,-7.73298290719709e-05,-0.0009868329956792788,-0.01409536143221747,0.0003038496853765073,-0.04098248127859824,-0.007301554819766581,-4.3062494903897806e-05,0.010319049604876371,-0.0001489884855113642,0.0002003367791632871,0.0003913751923682697,-0.00024937785939067544,0.0002069425161358358,0.0003240051902396343,0.0002197303230620084,-0.0333130119793579,0.0037770396827403407,0.001709246897935738,-4.749970083478276e-06,0.0009641493738811426,0.00025376601029739374,4.7052158350764544e-05,-7.984600096153517e-05,0.003299969537258283,-6.050691699227893e-05,-2.4371700619231997e-05
0.12324150589313693,-0.001797708498172647,-2.0765374316243093e-05,-0.0005263576973318009,0.01728834946670975,0.03651578507318063,0.0,0.04696784920057366,0.006034736459633781,-0.008975530549453775,-0.04551849766068755,0.00038847079417191505,0.0,0.0005429991009188842,-0.00022729747632383647,0.0004098837636974668,0.0011249678241222491,-1.7741285363354998e-05,0.009331674650746923,7.522438767012647e-05,-1.3685348726981206e-05,-1.6305159121525235e-05,0.00011834434859892523,-0.0014382291746884012,-0.0009498714731579325,0.0007985440888034992,-0.0024944839866949857,0.02394455940859386,0.0028587999943420705,0.0,0.0,0.004778817082390282,-0.0019305394642237777,-0.0005901013300313237,-0.0011099222395057173,0.0008651533604726161,-0.00015516351837539436,-0.0026194126136942614,0.007682829383196771,0.001972478788600677,0.0027801167259618757,0.012301959701462375,0.0012293200419176528,-0.010817150886666137,0.0009534989322811225,0.003884998515811515,0.0017523752103839724,-0.0007090854703009367,-0.017486056856962005,0.014231079266254871,2.047048735615036e-05,-0.005206964031811537,0.028321805442541342,0.005246296271067724,-0.002079532918900076,0.036363511383926614,0.016997300102227483,-0.06323516439937896,0.0055140788516368534,0.0,-0.001814003549422529,0.0036601513969229055,0.0,0.0,-0.0009575124443587554,0.0713248794716698,0.00024659398166233234,0.008682498430864783,0.0003529396055313435,0.00025471962550303884,0.00016301048102759604,0.012090099613959834,0.00010706471974025928,-0.001068931597182182,-6.86105282188992e-05,-0.0003441095512788308,0.0,0.0,0.0009164733846692668,1.1901753498412982e-05,0.0,0.0002984966820966025,0.0,0.0,0.00018557549301530834,0.022133940634538454,-0.00011605701482939397,0.0005828221007526866,0.1406429118293822,0.0,0.012367195852446873,0.00047311680129552195,0.0003098272186819652,0.0009698454752085972,-0.0039707423239064175,0.001337820260511923,0.0025569162709120556,-3.5045810544413415e-05,-5.973363041683148e-05,0.0003380957298751136,-0.0005462786251598518,-0.00023539580076118672,0.0005211465582845386,0.0003700017893084964,0.0420271993822593,0.01081039587331854,-0.000545036061050007,0.021402487542008485,0.00030383992001214544,-0.00024036525731495947,0.07443430031042061,-0.002884772700211038,-0.0007870599636384985,-0.010617994714918429,0.0016900188642074154,0.01005533210029396,0.0014239674677124772,0.00019634131024271975,0.0005036987080389763,0.009957275829982041,0.012393558147391605,-0.08549684553798982,0.010011378441800934,0.0036273297992747066,-0.002272429511535676,0.0005439706243401927,6.585801538762982e-05,-0.003557758134694906,-0.0031852675869128437,0.00019529601819885244,-0.005256807726213248,-0.00048759230878001487,-0.00020263050890510065,-0.00030297011968153753,-0.00011182281454184194,0.006408695035337323,0.0311061119734674,-0.0022527066459283045,0.00017528876592791336,-0.005674379886294528,-0.004093262985714212,0.0017003466397872383,-0.004219776719537788,0.0005624449717712185,-0.008530392672334004,-0.003522636871275952,0.013206870674331874,-0.005618507287817237,-0.011385276213164677,-0.003426389194781916,0.005640624053776189,-0.00016514992979777693,0.00010898971616087371,-0.008071683483643937,-0.004072170413748491,0.0006866587928436626,0.028773969113148824,-0.0012509351202626556,-0.0021520929040673544,-0.0007775726725210084,-0.0004092887656270129,-0.0005121963330418257,0.0020660175332798806,-0.01130631726007955,-0.0040296977524922365,8.921823072691498e-05,0.0002821786187690643,-0.0013429768848813482,0.012390819471900672,-0.003082199973910569,0.014535509060808418,-0.006582682851848475,-0.004129848132882444,-0.07890333072692632,-1.9181358480476767e-05,0.0007245618153889267,-0.012262725272737132,-0.00023391239558169107,0.0016629306596457377,0.0006280905939011296,0.0003044444542681138,0.0009621548819657999,0.010926932161555243,0.014265301932236274,3.838938962014115e-06,-0.00019517385734053449,0.0010367956427091692,0.001692994538615105,0.00034173273745104486,0.013499342361493695,0.0031939765268907583,0.0010113576618054866
-0.005981303889677254,-0.0018745478240139457,-7.013209795970327e-05,-0.0011307404956623043,-0.0015217708929684743,0.003140854574946711,0.0,-0.0004531313547976441,0.0014672715316386294,0.001392828097939256,6.222346130899453e-06,8.06928425542452e-05,-1.524116328187287e-06,0.00010461978606719501,-0.0004320046517725863,4.937642230288101e-05,-0.004565986358035356,-3.556761957545349e-06,0.00024576575264398945,-7.061074990935361e-06,0.0,8.781109621431541e-05,4.0800055251210226e-05,-2.813646962992241e-05,-0.0013188352173424984,-2.7811754024181125e-05,-0.0003281520729016635,-0.0010141703673925224,-0.015001768709161985,0.0,0.0,0.00013357220147107405,-0.0004917716630542265,-0.0007165086368202836,-0.0003969332222527251,0.000983140716246033,-0.00014568483331135122,0.00513859481709724,0.00037220898133261224,0.0017305060226280582,6.1997932159085e-07,-0.0016131863908686586,0.0003498414773921868,-0.005279110633600252,0.0005657678630647133,-0.0009335019600182897,0.0014787708530845474,-0.0003287280312726751,-0.0012284625164630991,-0.004822974884269986,1.9102797775746754e-05,-0.00343065901135463,0.0021658697970040903,-0.00020576460894323914,-2.590874533423917e-05,-0.005336082173744059,0.004705156684521058,-0.01592297990772619,-0.00031362982278513695,0.0,0.00013116569425772705,-0.0002555172282076683,0.0,0.0,0.0020861297972566474,-0.004078180114713715,6.943053957252038e-05,-0.0004676633091904528,-0.00010880566337755012,4.191679085923154e-05,9.909552475901239e-05,-0.0025783648712902115,-0.005500206893447962,-0.000884762090765706,0.0,-0.00012686461184260007,0.0,0.0,-0.00013426222965919128,8.781065885950453e-06,0.0,0.00016234623011225722,0.0,0.0,7.406565886656802e-05,-0.013722543856234743,-0.00046244798359087227,-1.8173629476813117e-06,3.833577518828804e-05,0.0,-0.005171229267081137,5.140427783253281e-05,2.5088231340001115e-05,0.0002636709201985041,-0.0027198400854005294,-0.0016323551836565273,-0.003555636828141493,-0.0001010654264550587,-1.664925741041677e-05,-0.00010425644020806776,-0.00045707993866184426,-0.0005803022731157683,9.703184067804603e-05,0.0006134832100490711,-0.00010148358849567995,0.0003473295260478195,5.681600423544151e-05,0.0014272463656087677,-8.744518683589939e-06,-3.103957081304059e-05,0.0022756032803081644,-0.00019938968329080475,0.0011864246264226654,0.0006659110145655024,5.493955756808762e-05,0.00022178368712880793,-0.0005673834624736477,0.00023043679952148937,0.00026774457806757795,0.001268470751815564,-0.011599466432592605,-0.01636758889489083,0.0009751752278570838,0.0007623743125860799,0.0019996104656010046,0.0003929837417240931,-0.0001761320907960963,0.00018314623814070765,0.000453235158863414,0.00015490211617575774,0.0017968834189145402,-0.001320659512731186,0.00015427820352870164,-4.828718507990955e-05,-0.0006293660630918832,-0.004217898129770051,-0.006232175654486415,-0.0002790735806190297,-5.004807341284659e-06,-0.0007687301031112772,-0.0007134649751651272,0.00031180543321679654,-0.0004089307166716334,-0.0002153652423841157,0.001026189289075107,-0.0007111106215844009,-0.0002605568999559879,0.0012615270190113842,-0.0031338850935682195,-0.00350249940335078,0.0003943822629878734,-0.00032786899445235704,-1.7859341553695848e-05,-0.002601306931926895,-0.0003241050740156953,0.0006199159881877038,0.006289393298453827,-6.008649113866846e-05,-0.0010740300889547432,-0.0006188346581894637,0.00022548332161926557,-0.0002313876562234908,0.0017049292286038325,-0.004996347676967578,-0.00024372773489146981,-4.079961451738964e-05,-1.9802327398206982e-06,-0.0006731259634514818,-0.00766385177477385,0.0005335110316093089,-0.00021048240408374697,-0.0015665852886245042,-0.00037252443153762383,-0.023630124692719766,-0.00021707086337766342,0.0002449859754353239,0.0009744813408678154,-0.00043395275289489355,-0.0006471702739297504,0.00026366193764429223,0.00045477580904631007,0.00023107622990236386,-0.012930317364663886,-0.005594856451403573,1.8278045484350527e-08,0.00019990661714503694,0.00011698011871416971,-0.0008323909677996326,4.2246335685859496e-05,-0.00811932426406305,0.0003557327556955062,-1.4490313163162452e-05
-0.007107741168980366,-0.0019142780626552607,-5.9040621143675994e-05,-0.0008847705038720736,-0.0008815604271317011,0.001488715286275955,0.0,-0.0004254636243037272,0.0012861054291197214,0.000569409787714598,-5.846732775766284e-05,0.00012264165100506642,1.66460682727962e-06,3.01026396647356e-05,-0.00029490393894121276,-0.00035050804344558705,-0.0014772623196421682,-7.0261750831749e-07,-0.00021078921150746946,-5.0820493821864285e-05,0.0,-3.4395144466340493e-05,1.8474972823089296e-05,-0.00011580211337148473,-0.0006755117858615954,-1.0775881763013931e-06,8.646444087006221e-05,0.0002671493066708257,-0.002700130319279661,0.0,0.0,-8.752547456153651e-05,-0.005556365743100657,0.003419174583529711,-0.00040304712795125145,0.00045152186062728133,-3.6586528029150343e-05,-0.004496598891757023,0.0002518329023530036,0.0006618306935734791,-0.0011987013419957875,-0.000738719823699301,0.00025659195438505864,-0.011514524465838142,0.0002165179796945704,0.003241896357082475,-0.004387656850258532,-3.97896244224678e-05,-0.0012719729005306638,-0.002362278291611988,5.4032685352358685e-06,0.001867900481977505,0.0006328913528882664,-0.0015764741171944963,-5.791725535927084e-06,3.7086254274247644e-05,-0.012658192251716001,-0.005421010842133925,-4.793341033108865e-05,0.0,0.00024036120954772588,-0.002956148895544712,0.0,0.0,0.0008196790873817563,0.03292328401479416,2.9039502172790443e-05,-0.005802142953723909,0.00018447845534317318,9.871421164916404e-06,2.6976362444748107e-05,-0.0006414721354463818,-0.003170029973017691,-0.003495709105347779,0.0,0.0011396207362052077,0.0,0.0,-5.179163342172101e-05,9.118762547889117e-06,0.0,2.1287276830114565e-05,0.0,0.0,4.113774749812793e-06,-0.01024182072327356,-6.387571328158714e-05,-0.00027977150330508115,0.01740868143688674,0.0,-0.00294118960294984,2.900321131493693e-05,0.0001335117785232629,0.00010493826907819244,0.0006380597343573814,0.0008565040086567118,-0.0005734066731051356,0.00029642476893264536,7.34686770034868e-05,-7.757567897378602e-06,-7.130749133588435e-05,0.001624556887012982,3.0525731616625704e-05,0.00016894508835057145,-0.012874231483236291,-0.001638090261129582,-2.533223325466739e-06,-0.004880612339540627,-9.272561147043374e-05,-2.573854997968852e-05,0.005695384765309279,-0.00017084637555019746,0.0008530763241067215,0.0003762428973686879,2.2856123820766943e-05,-0.0005569997556741364,-0.0001002962112727174,5.4008740790185774e-05,8.806693474363524e-05,-0.001856587106622602,-0.0003255519547588578,-0.0529825379012535,0.0006130146469769319,0.0028411875864349173,-0.0006605211058639695,6.701032431408187e-05,-9.409675684262472e-05,0.00011829326094506425,0.00016944885487395512,4.1308875722717e-05,0.0010661065492569102,-0.0011239663950783792,-5.978927100303555e-05,-3.060238719702027e-05,0.0016492452994898868,0.0018836407386183293,0.0001521568745186039,-0.006608300468945003,-3.6909612923000056e-06,-0.00592807562191096,0.0014114532211357566,-0.000845983037506885,0.0009010019104604006,-7.596370821779309e-05,0.0006419055125746773,-0.00017765834100425332,-0.001646442929993813,0.0006467143738378414,-0.0010412688495613869,-9.010068784446703e-05,0.00066672963084805,0.0013216200457161597,-4.299042460173072e-05,0.0006768632985325589,-0.0007571861926577276,3.3104017588038e-05,0.0010887426944563648,-0.0002926017524135152,-0.003774913360490142,-0.0006465099946563301,1.8321482227308232e-05,0.0007082601333540086,0.001313084162436915,-0.002265463471224977,-2.7975410921894414e-05,8.471835120227616e-06,-0.0004434621761591875,-0.0002914554762593459,-0.045194662127685394,-0.0004264891039274908,2.3639329579751957e-05,-0.002853039472877695,-0.0005734260140156853,-0.03276306355198045,0.00041469439627393035,6.822198631082195e-05,0.00013446375227993133,0.0013281074014555709,7.409646097014926e-05,8.244350183883574e-05,0.00022852283354372847,0.00032582766979402775,-0.012453212344490037,0.0014005091773904626,-5.852454099202381e-06,0.0002451890797747383,4.331684410028883e-05,-0.0021543233053208525,-6.947242683100783e-06,-0.003961565097526976,0.00021092458561795536,-0.00010211990009036981
-0.10760099561266392,-0.0017092107530078551,-0.00010238415246892978,-0.001157835789382902,-0.0029801603098392744,0.005671319793059074,0.0,-0.0007478484321300741,0.002605323657303488,0.003588506372786619,4.0841360476181224e-05,0.00016719346959958206,-1.9062394079071883e-06,0.00024019637100338275,-0.0004694456555638298,0.00019150153245691006,0.001337383429843217,-5.095578879503273e-06,0.0005269122967398844,4.453476326779072e-06,0.0,0.0001344262508390794,5.090622911533441e-05,-0.0002167634812113223,-0.0017881943272280425,-6.686235013544715e-06,0.002160987647162268,0.006911538268638604,-0.0010746016370395638,0.0,0.0,7.496564507242732e-05,-0.008973612252818152,-0.00481315156212114,-0.0008881413830898113,0.001402264694791532,1.985502188911739e-05,0.005120208728636257,0.00035893063683128777,0.002040565158547398,0.002599258666847189,-0.0017442306061751821,0.0009681803883424504,-0.00560932528776738,0.0013239884422015192,0.00027901963593051255,-0.014680161069219997,-0.0003069274297276646,0.06034501215823717,-0.008581487078221466,3.113115234195998e-05,-0.0015971644118058293,0.0026877475051613063,0.00024193540948251228,9.240213162306152e-05,-0.0052135298353274215,-0.022980898279391204,-0.03590525182529962,-0.00038957285527920784,0.0,0.0002009178529143158,0.00250221611148055,0.0,0.0,0.003265273138000776,-0.006897418200264507,0.0002118059491329488,-0.0019044069601033328,-0.000811998058810793,8.551168521239507e-05,0.00014192411149421577,-0.001880280301574302,0.004215517153562534,-0.003034728522699351,0.0,-0.00015429623517697818,0.0,0.0,0.0002380012018292413,1.118435478979583e-05,0.0,0.00043523154466772575,0.0,0.0,0.00015070997046581853,0.010582566056508716,-0.0005578809832261273,-0.000290244374256732,-0.00033491092807109106,0.0,0.00715629270259783,9.004000500250809e-05,2.6480763684984602e-05,0.0006223241790684258,0.018762863086764867,-0.00030986970613299024,-0.0031894024224923844,0.0005444866905120275,4.1016955108180785e-05,-0.0006639360093854546,0.004774242633059748,0.003491924870885835,0.00011477214578602445,0.0006319504345989372,-0.0056508359446324685,0.0001444135936100984,1.4606148608054241e-05,-0.0020959770465741874,-0.00023520804564556671,-6.386522542871508e-05,-0.0005932123126967578,-0.00022249089791616782,0.002332935464726776,0.0016005711447238682,9.778672423942837e-05,-0.011207719233516484,-0.0011584793966271968,0.00032583582756719664,0.0006229733428007567,-0.002051621134394586,-0.024225373304054703,-0.004621743222063552,0.004596351127805964,0.0031525026746952313,-0.002561716196985037,0.0007290291098688656,-1.5442126671420215e-05,0.0003183932771589224,0.0004386353400869427,0.00047793389680265405,0.0020158837454399394,-0.0029665824057832054,-0.00016885928708713194,-5.956625707817081e-05,-0.00012887798066867943,0.0073766339449535465,0.04172133872897719,-0.002000380413630701,2.6893187238616225e-05,0.001470104323994256,0.0009021510982307712,0.0005630541964122813,0.002154998903476461,2.7004707768804638e-05,0.001258615512080199,0.0031454055469846915,0.015699220646259112,-0.0006256613071733936,-0.019735296919210513,0.0009476941146141942,-0.0022614487463255128,0.0007325435555624122,-2.2437697561866436e-05,-0.004489694706535376,0.001102321493247843,0.0002589931683206618,0.015747103254200125,-0.00010236447645067345,-0.002841777954682854,-0.0020305591929501566,0.0009401049659632248,0.0013032404238041409,0.0005421169862177812,-0.002713778907665737,0.00046372355645432807,0.0011892621114732171,0.004098008106333938,0.006184846183555301,-0.021518224357682438,0.00040761452400309964,0.005906905968285941,0.0005606452908676297,-0.006566995405703042,-0.029981627124390852,-0.00020459000625576722,0.0005404315073450097,0.003707254926830368,-0.0005198765684956948,0.00023411614798882836,0.000320675203290547,0.000757844043484894,0.00034644887116404586,0.003913395579998807,0.003931807380524549,6.790884292725461e-07,0.0006808387821008004,-0.007320636684915382,0.000204696516821814,0.0003059122627686917,0.0016694975008516356,0.0015097541938924699,0.00014252415692764822
0.1452183739594256,-0.0017855296643752544,-0.00022279613927202624,-0.0007834923026420918,0.001228486742945976,-0.01759586568298819,0.0,0.00010586960533846426,0.0031848120453850646,-0.0028137595394310717,0.00029870818437914256,0.0001566294456145605,0.0,0.0003988354147097438,-0.0005035042222817501,0.003211561439297002,0.005057982627633708,-7.5908807219406134e-06,0.0037751158785770717,0.00017172967157992383,-9.401002083107863e-06,8.05181524508802e-05,0.0003410508196426403,-0.0007894897255366994,-0.0024301097288766927,7.815134980632265e-06,-0.02307526269417623,0.0068334950783648886,0.006079786140042215,0.0,2.137691877489412e-05,-0.00048284618369831084,0.00010177485491439101,0.0007803549539559538,-0.0009596016431546753,0.001617338240694916,-0.0009079583261692779,-0.015580141507119062,0.0015204995645454861,-0.0006196973469899308,-0.007961774028587072,0.00015068042621952643,0.0007800545025616713,0.008758043264879915,0.0009348156881186282,-0.003817800606420795,0.0035378350787621093,-0.0015514727245051145,-0.002235129878517766,0.0037042640159085614,2.0055516176813772e-05,0.015790587128891982,0.005443540904619444,0.00273220317185435,0.0060672195460759575,-0.01629033568734629,0.0016249262180629287,0.009496660831499913,0.006683845348447345,0.0,-0.0005647253312346931,0.0021776572231340563,0.0,0.0,-0.05075012067673784,-0.02175726044464681,0.00035361732784019794,0.000738808361996592,-0.000581064118563652,0.00040797468269587305,4.72152982895368e-05,0.010882308801366168,-0.0028848211801113977,-0.0005181159178838469,-2.240309210567532e-05,-0.00016956591279690834,0.0,0.0,-0.00030450939203176454,3.199992346329629e-05,0.0,0.0007425441679045145,0.0,0.0,0.00017794468513512385,0.006913834018410452,0.0003505903774925054,0.0003690629618568618,-0.013869211818284394,0.0,-0.006523640419969093,0.0002802173650600258,4.517049685832341e-05,0.01759238010670332,-0.000931578520943205,0.000919572874549884,0.001754194896432085,-0.0025704709111014027,6.611509306816445e-05,0.0003198948664290059,-0.0015179712980798257,-0.0003277144944828972,0.00011811215898759908,-0.0001493818673716765,-0.007610499637717764,-0.0016328125095124307,0.00035068221408647424,0.011582768289651282,0.0017928336807949362,-3.666770143645806e-05,-0.006653901613474984,-0.0008114583540700798,-0.01041345800162991,-0.0004574564971946421,-2.3903259022601448e-05,0.004461648450607229,0.0033139268261194415,0.00025657416501904744,0.0006552657415838291,0.0035458445532688485,-0.020536909796368998,0.036397712323000396,-0.036031787155383535,0.001544639568195046,-0.0016204820264043942,0.000752155390176858,4.231732061753115e-05,-0.00188780393455503,0.001320653288047335,0.00015048566558427358,-0.002349063844421032,0.0009928654952607594,-1.3751215585616478e-05,0.00046415602387065645,-0.0007327355264733937,0.003966242095834755,-0.005346837139028242,-0.0033166359826980645,0.00018498558932444502,0.0015093550753600344,0.0023833492427563067,0.0011062020929307915,0.0008917245148124506,0.00015665417780081055,-0.0038695619157320875,0.0010868304836693578,-0.0031454372416199676,-0.0050618623510365465,0.0007061876495090903,0.006616040547656956,0.0027172750393082063,-0.0018158140693188545,-4.1319552793289295e-05,-0.008529996602463352,-0.00518673387391612,-0.0011237311594744289,-0.035551668308389926,-0.002034091816100302,-0.004026525583360478,-0.0011964954431659912,-0.00036584664783190354,-0.0002653671417923646,-0.0029150223905175425,0.0014448117434334243,0.0006863427987321158,-0.00031237107414853316,-8.478961442782918e-05,-0.0016118228362954482,-0.022063890539571602,0.0005827867705536642,-0.026397995697655025,0.00021970359190751426,0.0005235190870449342,-0.0015060667435300317,-3.746607791497097e-05,0.00047950441333203224,0.0020040310127260094,-0.00016331926764498055,0.00041914417380944376,0.0004049289238930812,0.004962945693182545,-0.005732375903873678,0.017489318786059315,0.0036589637749135963,8.232681295245326e-06,0.0008614691616888521,0.00021488968150038708,0.00016627434834718947,0.0009656215240403626,0.004049105186524124,-0.0009034644777231451,0.00019391429480826436
-0.03208232046502704,0.055577488992046946,0.003057276337643502,0.07077003453430984,0.021155786344975783,0.015759762290488713,0.0001119312640466064,0.0311373457235053,0.004233040681457027,-0.01623058135185055,-0.028317954746498876,-0.0024351782535475984,-5.511293517223185e-06,0.0002866864762664349,0.023462936262890217,0.0006113810541135019,0.008141328541124057,0.0005086825897249069,0.006785122092043306,2.869326850299088e-05,4.148370405685837e-05,-5.151364165652886e-05,7.969073389730236e-05,-0.0010821458548060875,-0.0007049823280440269,0.0009907625191169658,0.009374046611806804,0.009682161440093902,0.01388577805066617,0.0,0.000992003635347783,-0.0002346775734893987,-0.00026444493090757327,0.012404546700609653,0.0024305903916268527,-0.0013280468874481636,-7.356056973736812e-05,0.0050045593718717925,0.007752374798443452,0.0014669341104445765,0.0036596410664912595,0.015688709523762022,-0.008140298318509336,0.018216383701850313,-0.010594937083619886,-0.0044974697488501265,0.003282795881450183,-0.0009489199879818456,0.012277276992311547,0.008123836197961413,7.822898163155692e-06,-0.00028282614690261563,0.02741862685393927,0.0037143948253915916,-5.2303718381931216e-05,0.004670874245422938,0.022055663412588612,0.018594047160483552,0.003223928694395076,0.0,-0.0007681598461225682,-0.0006526779415203411,0.0,1.0629311429476618e-05,-0.0005481931110488195,0.08358942620314389,0.00013889242731755357,-0.003910750210564514,0.0003441369547595875,0.00013902972877348816,0.037600966196104625,0.008713021672021941,0.0014032721243502902,0.0014095052328400122,-4.152040135801508e-05,-0.00019332433574125978,0.0,0.0,-0.00015508657954871314,5.0568360926150086e-05,0.0,0.00039898890337264033,0.0,0.0,0.00012925826952878272,0.03260296407887072,-2.1648246883530336e-05,0.000409139795416739,0.09654925126565762,0.0,-8.72531094454957e-05,0.0005127699302169559,7.662708863911891e-05,0.0002978479574636434,-0.0008844439515625565,-5.485173979319363e-05,0.0009553335688329307,-2.868987907397932e-05,0.0003651659574147106,0.0004151462153120469,-0.00027772969692012225,-0.00029329760893928645,0.0004812238575839631,0.0002231666086021679,0.028050267526917316,0.0030503940265875556,0.0004952366829113691,0.022503381859449667,0.00022984986198246426,-0.00012268989436799814,0.048251859412661816,-0.0009803306489139009,-0.006703998311383736,0.0015696906838964322,3.501208088313355e-05,0.004975436387513417,0.0016234530579939596,0.00026460793286099465,0.0005102770924480937,0.006246955916987516,0.013950381033993854,-0.05534491128210774,0.008365246104301052,0.006843238568104937,0.002993392537948901,-6.642240267915937e-05,-0.00031933444776667666,-0.00038547652097992776,5.9431271578649286e-05,0.0002847791486299739,-0.00045068951898166796,0.0057046934284696845,0.0007077377520484671,0.0007794091816542841,-0.0005862388959664257,-0.005331599384690399,0.010596923663719348,-0.0005988309767691744,6.000047906416781e-05,-0.000405790076984251,0.009283509228079695,0.0025670194003128773,0.0013060013046638894,0.0008525486457199371,-0.003889344111676715,-0.010056120969261855,-0.001846262192672743,-0.010634224360693867,0.01289078008998071,0.0036570478225819423,-0.015138934275681104,-0.0012263251890262572,-4.27570447178179e-05,-0.000352677536759603,-0.0009807965057343688,7.619664041564349e-05,0.0169656168701238,-0.00026239116524980223,0.0008183120262665111,0.0002505849359629814,2.310916188208597e-07,-0.00016140673936569053,0.00046110988745893665,0.009248176976144884,0.0012148845324092944,-8.314523030721834e-05,-0.00011406231578136885,-0.0007220879460682764,-0.015823050038488832,-0.0011852507577589494,0.012287004283070469,-0.005049355925743046,0.002552122023621282,0.03377883447052285,0.00011980571664925536,0.0007956273893940036,0.004270488287608186,-8.475661788627338e-05,-0.0004393290481158834,0.0005832169353024641,0.0007706343827023517,-0.010362522268109114,0.007734053051804683,0.01119366545879914,-5.596669064914569e-05,-0.0005855537333922729,0.0005615458402228737,0.0003203490365463546,0.00020495356467117396,0.0027123849584671732,0.020978221990123024,0.0004037245455064623
-0.016669536024235806,-0.002528248920929881,-6.128266222242714e-05,-0.0011179076901449766,-0.0019866807563128654,0.0028985335705345393,0.0,-0.00030120331116291954,0.0028365307005967406,0.0007876502814507792,-3.850281557011198e-05,0.0001985656255991794,8.446981607348999e-05,0.00017818051617717086,-0.0004212275077788539,6.556619718567091e-05,-0.0019372096927947075,-1.3974970604503357e-06,0.0004541199240099221,-0.0003598252842217341,0.0,-0.00016487977277196607,6.862114865876994e-05,-0.00016866732489923442,-0.0010534018951187565,-4.964975312319864e-05,-0.00764686693026428,0.0004891457371541766,-0.026228705077279386,0.0,0.0,0.0001835373296886397,-0.00673739337926498,-0.0009355986769118936,-0.0005336986591565969,0.0011783187889107497,-5.17755914135659e-05,0.003253975850824155,0.0006131238170215858,0.0014111976109371068,0.00020596627718446405,-0.0011599172618186296,0.0004873053388672971,0.005920372925365906,0.0006309845216878419,-0.0013205804304475593,0.00723370596143829,-0.00044439816064786267,-0.0017864632105667835,-0.0021063311674039283,1.3581133924874158e-05,0.0017874272295210158,0.002202182721041197,-0.0023356294397058283,1.1173956324445557e-05,0.022541683872825263,-0.002716285237311414,-0.011678837804030683,-0.00014061829853903845,0.0,0.0002563555011343154,-0.007705577722964101,0.0,0.0,0.002361391157876055,0.0943407200065483,0.00015827597513172167,0.004040471424769382,-0.0004372262813314204,7.397241136359419e-05,5.280711063119732e-05,-0.001339661951311118,-0.0038661923100762707,-0.0016503184864802268,0.0,-9.715921556681088e-05,0.0,0.0,-0.0003801871564726574,1.1761408759533538e-05,0.0,0.0001778064152444767,0.0,0.0,2.578362470790774e-05,-0.016847305052445066,-8.341164195838999e-05,-0.0007626534305737701,0.046530187580013455,0.0,-0.0006488186748725446,0.00010407044115559754,6.020518374727762e-05,0.0005072443537230215,-0.0032299542508800482,-0.0025364908249704983,0.00028859105296377653,-0.00010624928555391324,4.846111437225572e-05,-4.5506034327585026e-05,-0.00023504077397580922,-0.000352827469289371,0.00018535365841581603,0.0006850933710662108,-0.014183987973861915,-0.0014310579753173567,-0.0001557556330120279,-0.009006748237462132,-0.00015429117373776005,-5.773310654589863e-05,0.018115951425205386,-0.0002342023147580346,0.0005432348622273418,0.0017419675218735451,9.90611255547168e-06,-0.010919647621645687,-0.0003656951091591053,0.00032004256901464913,9.499547740813061e-05,-0.0022253256995515454,0.004314200477478038,-0.10182975723946758,0.0002613585457352178,0.0017690002508225367,0.0008728293496349708,0.00024409624740370602,-0.00024756525481590285,0.0002053137369694639,0.00015514159735145562,0.0001040294260084939,-0.0017004755645933336,-0.0003037317392734435,-4.782432274091494e-05,-5.885137458779804e-06,-0.0006202590772446133,0.0018388218204672647,0.00900417844972924,0.010067533565617846,-9.637587361636336e-06,0.0017345957812678065,0.0024274522014357115,-0.0023416894779954333,-0.00041477467227010235,0.00045145974800746356,0.0013926183936824727,-0.0007612317609613048,-0.0018419492422329748,0.002014016529562156,-0.0018035633961094983,0.0036232592643368404,-0.0009574931977656361,0.0008858794714876104,-0.0002144600994926038,0.00470542982112825,0.0019014475312307683,-0.00016349677082181158,-0.0098863291358305,0.0003017644272507284,0.0019656639010041926,-0.00046278245478323035,0.0002452280525558204,-0.000370946764203359,0.004244508378331207,0.003374251052366491,0.000534216430715767,-0.00018253601054906782,-0.00010055912227514309,-0.0003596560575345838,-0.092822877113867,-0.0001679898192328502,0.0037241589418192246,-0.0006270403156006091,0.00015146675430019154,0.0234800182037996,-0.00016380600078868345,0.00024815188425144664,-4.726098593682808e-05,-0.00046978656156210495,-0.001712993541987192,0.00018052736526165554,0.0006056312895538671,-0.004000550917485428,-0.022174231126014986,-0.022078431710824263,9.977865320549763e-07,0.00041486431097292073,0.00020402480021077419,-0.0012689714070498717,1.1426820833779987e-05,-0.010623912773195306,0.0012267701207206493,0.00212348628238197
-0.09740061213500194,-0.002615600703858634,-8.754906320938633e-05,-0.0011868794253728243,-0.0021704026507629944,0.0033373703264373738,0.0,-0.001042046465205172,0.0026068849998365923,0.002298585257714896,-4.160637273079795e-05,0.00015993766806246982,2.223774518293471e-06,0.0003164651474453499,-0.0004884536629396398,4.390568443655207e-05,-0.003912539128128243,-6.613621662424989e-06,5.5200655556564396e-05,-8.062940040575941e-05,0.0,6.616627569668207e-05,3.093775782714691e-05,-0.00024289162677555007,-0.001556892932225504,-4.162466345919396e-05,-0.002266764614941894,0.0013879332724178058,-0.004728503965699731,0.0,0.0,-0.00028395453482686346,0.009902125645242652,-0.0021278307479011475,-0.0004991885240097529,0.0012015246690616813,1.2902490386264178e-05,0.000677568213338091,-0.001007831655266499,0.001640183489889569,-0.0011171858063395168,-0.0014777189982476669,0.0004877629526454302,0.008557116502876109,0.000525876437793361,0.00263185145428178,-0.009261682217657873,-0.0003213771225770036,-0.00089537312267879,-0.0038954317132232595,9.706883692475325e-06,-0.002584898731128149,0.0007253372773523843,0.0001445933998971145,-0.0007485508397331582,0.017777170557036738,0.0025566070190007227,0.0056513126926528425,-9.586146565049877e-05,0.0,0.00027161295062281453,0.0011036539208644951,0.0,0.0,0.0035493980656596622,0.014939710719214452,8.666379327337409e-05,0.003106726927866798,0.0005163124339466671,4.208012159374017e-05,5.0383027023303905e-05,-0.0014864731264882815,-0.0025462242742227796,-0.0011007575133255023,0.0,-0.00014275646513636328,0.0,0.0,-0.00017543192251109278,9.188648658184627e-06,0.0,0.00023356049004399576,0.0,0.0,4.28850157537043e-05,-0.01959636808125063,-0.0001426426966418638,-0.000290697438955031,0.02979287214076378,0.0,-0.0004047423727954809,7.673920574489059e-05,9.312446529247305e-06,0.0004405177120329488,-0.0034112171834339,-0.0022663028119404125,0.0002867307081680564,9.412129768726366e-06,-8.49341481202539e-06,-6.542994211386342e-05,-0.0008829175952949776,0.0001654337476600277,0.00014099256425326403,0.00027543676309701526,-0.002758476487762079,-0.0027665776540695204,-0.000247318225170721,-0.006549167060175503,6.207101449819683e-05,-6.589788487180072e-05,0.00064805274151806,-0.00022683460044441893,0.0001730748418876678,0.0011625936709388524,1.156178949319991e-05,0.0020963009418167606,0.00012820365993661715,5.231704692709354e-05,0.00012755775296314356,0.0014580649992418438,0.004822689432470634,-0.02084713019289465,0.0044349380126688705,0.001623954256463618,0.0006958758957195799,0.0001436729119805298,-0.00015827396025257443,0.00027339533439857356,0.0001454065278729652,0.00013929618334887795,0.00017530511701817258,-0.0012180223948589448,-3.6172878827746326e-05,-0.00010038244304445937,-0.0005153406584003243,0.00030718246873472034,0.02361297100265327,0.005920923594793162,-7.889345133767786e-07,-0.00576648828820738,-0.002474358415161805,0.0008480952473936608,0.0020405256850813958,0.0002359818650055824,0.0010196054757342333,0.002100623769462808,-0.0007136729973609806,0.0012615061470558184,0.0038973099705136493,0.002536140638531485,-0.00042535301976108074,-0.00036267995593080833,-4.582196491810212e-05,-0.0027102031807094457,-0.003195404226635318,8.825488311418807e-05,0.006616685861746214,0.00030505175476549276,-0.00391858414116475,-0.0006461942144617203,0.00015866915716004676,-0.00012820657715456054,0.0020099311616913187,0.00018352327799301259,-0.0007068403387898378,-0.0001574283178324518,-6.753236791185893e-05,-0.0005287739404046919,-0.02495130498216898,-2.7115674892249756e-05,0.004381744879155969,0.0024969225689879127,0.00034552871224866467,-0.04083025965135065,-9.207823314572908e-05,0.0004225226146761758,0.0019269951034400219,-0.0008109914778204186,-0.0005577715291424344,0.00036904147950058563,0.00042013335901382745,-0.0018139430045911948,-0.020780419841724806,-0.016426804334555914,5.597502081517035e-08,0.0008652099664588639,0.0002281101476909517,-0.001133969858847992,1.8621402891788698e-05,-0.009332021568900211,0.0009270193066226341,1.7246013703103553e-05
0.3091815053714489,-0.0012879503596196634,-0.00013439994474020024,-0.00041065679086447294,-0.00298720220703192,-0.022790107826666094,0.0,0.00040076867917270963,0.004739401969771446,-0.005459895903829015,0.00042296038230496986,0.00024354330513913947,4.9255578477537704e-05,0.0006437632428055208,-0.00021332314620550082,0.0011573949513542597,0.00327981284870569,-5.718998352274804e-05,0.008160561520491098,0.00027881098404414705,-2.6412038831294067e-05,-1.8922484271421578e-05,0.00011321753131142397,-0.0015785502061419795,-0.003327484231053291,1.9995171567497213e-05,-0.021860961213482116,0.02962742412949221,0.007829586777149242,0.0,2.2788837797524294e-05,0.0014119547949830846,-0.0015606219894213783,0.0011131794098509077,-0.0012913554130064822,0.0025902365060826078,-0.0004007371506411567,-0.010294984845232301,0.0019410734930682496,0.008885886651295348,-0.00951585154112939,0.011164528001151792,0.0009775507016550513,0.019377894054192112,0.0013085338417585626,-0.0036656139972075395,0.005842455234940778,-0.0018110163414555183,0.00023723477731834517,0.008705618381810432,0.0,0.005005247497939355,0.0030208590017277103,0.0053350628580303905,-0.0013605117047702383,-0.011196592648320085,0.00014312028411295796,0.012799491210575789,0.010470292798415722,0.0,-0.0024169622744758808,0.004014301976647845,0.0,0.0,-0.0019726466299348133,-0.027838024862466247,0.0014179163726512356,0.0019258693749354236,-0.00022422001041850652,0.0011054635112126942,-0.0009196367211131375,0.009863518766407247,0.0006455725405705074,-0.0010260445000929797,-6.0569679156544977e-05,-0.00034731866000202726,0.0,0.0,0.0002946711619278909,5.546743098236303e-05,0.00010745795445630327,0.0010390043894052323,0.0,0.0,0.0004587741206268954,0.024730003088223092,0.000398961536939203,0.0002613411107189584,-0.022795439833689875,0.0,-0.0011396166827691643,0.00036326123845400906,4.519127616020165e-05,0.0010839868253151052,-0.0005377363039513042,0.0011383907129037085,0.0027490877232636025,-0.0028954660772199108,-0.00011619549670305001,0.0006979271830580196,-0.0007443502474807261,-9.390424261513309e-05,0.00011686096345646393,0.00019421960258396987,0.0033650165780533927,-0.0011003524513213852,0.0013590834304627673,0.01003214762651521,0.0016521915525416339,-3.6413678589006735e-05,-0.006904036855554575,-0.0008549403025474459,0.003893567925850921,-1.3000072059649852e-05,-7.572078053325435e-05,0.007921649269919654,0.003878156177642109,0.00047705103373508556,0.0005769330762105176,0.00196320708660023,-0.0297831648978875,0.07994522714632696,-0.0364329249032794,0.0032819711692835775,0.0015301398296138516,0.0002647033018355047,2.8466672766410088e-05,-0.001214322313945318,0.0011623542504199615,0.000163188359560921,-0.0031654751516160453,-0.001421145359412779,0.0001961213686936061,-8.489122935308164e-05,-0.0009329645266307523,-0.002789057995496828,-0.003418428620894478,-0.0031020422381695667,0.00413714882311401,0.0003526220795483766,0.005338703132593512,0.001792571406938354,0.0014477476655848887,0.0004472414261012899,-0.003116113588082205,0.003988514236746541,-0.003081056260538145,-0.007355956888695302,-0.0016208003196520326,0.005719932390271811,0.0023300656952531694,-0.006401710096718087,-2.7664033917007645e-05,-0.016182549636096635,-0.009415855614370276,-0.014033467601344487,-0.048225557634532984,-0.0015515639530005918,-0.004049835521179056,-0.000980705630843597,-0.0005108056543487726,-0.0013213082706535772,-0.0038289541431110814,0.0010127607366998042,-9.977352439221439e-05,0.0002482408673416364,-0.00011032445226737727,-0.002440150782371784,0.23110867786326242,0.0008234873059469774,-0.03191351020836508,-0.00022882264070088438,-0.0019181102797730916,-0.014666123294904774,0.00011352346774724704,0.0009905606322438373,0.0022428559488827412,-0.00029666487146983627,0.0014715915335465652,0.00030648809173497796,0.003599179153079501,-0.0006558813444422955,0.04547290789801619,0.007486881820292592,7.0098279198424195e-06,0.000933360123969428,0.0004063443716977866,0.0004534609173433387,0.0009463421423073394,0.008139132407861075,0.001209755038984886,7.661834964324077e-05
-0.10204843439310946,-0.0018100126155255636,-7.381961555913241e-05,-0.0012717939536400114,-0.0023920111274333376,0.0027182799341080436,0.0,-0.00039653306504832916,0.0015023635117291177,0.0005439246521224036,-3.857634105192684e-06,0.00011229747446545331,1.9019879036570261e-06,0.00027471381252938654,-0.00038488492074126497,8.072732429043519e-05,0.001672648238102936,-5.54050878439073e-06,-0.00035226677382903563,-6.472815968108247e-06,0.0,9.419653732123254e-05,3.191561149788341e-05,-2.28321880703869e-05,-0.0014288516134849897,-3.2001675438230046e-05,0.00287427712711767,-0.0003701142959727951,-0.006500948312073111,0.0,0.0,-0.00014733663384310287,-0.00662014176496088,-0.00068708897137909,-0.00042799372770913925,0.0010620529840483593,-1.0783429027360657e-05,0.0005446344457240849,-0.0001677387769603786,0.0014422938646008704,-4.765917558653147e-05,-0.0018743691049376786,0.0004793882300098022,0.00022166854886330122,0.0006865555352725416,-0.002124258551237002,0.0036362523388013862,-0.00040874721088234164,-0.0030951066044579006,-0.005358254002513544,1.011657066195713e-05,-0.0007442315036228656,0.002224281644764048,-0.0006886317099406961,-0.000321392822826306,-0.005806187663178554,0.00021897593594723125,-0.006525917880272587,-0.00019873973681180243,0.0,-1.372343607229608e-06,0.0004590025954304154,0.0,0.0,0.0022968509039270894,-0.005712339824274421,7.986825982691785e-05,0.00048413827274457465,-0.0012087686447863988,3.633964156176818e-05,0.00010558646172929118,-0.0020414022054702895,-0.0017692344086409262,-0.002330304039785941,7.740865508728119e-07,-8.491527080274298e-05,0.0,0.0,-0.00013172165597231223,2.2048703808696083e-05,0.0,0.0001986781205613268,0.0,0.0,3.086853374423759e-05,0.0033929610585936476,-0.00024964609386022825,0.0004256204191722262,-0.001979217068280563,0.0,-0.000542147536027934,-7.15612221214893e-06,8.505755537056522e-06,0.0003558055757778366,-0.0008776228060184282,-0.0008204560306044477,-0.0011871975351506303,4.1042021736620626e-05,6.938107597194842e-05,-0.00011343579821987758,-0.0006922817820528865,-0.0005010201059517255,6.767068507469026e-05,0.00019551704424298659,-0.0012365584318585151,-5.050607313634976e-05,-0.00015874293444603134,-0.008792253681088678,0.00014838491709781332,-4.252833673263959e-05,-0.00330465346060151,-0.0003844345271785935,0.000633905669623334,0.0009705497225268065,-6.184666753539919e-07,0.0017407415301061158,0.00016031814877838857,7.088820322701049e-05,8.450218136601713e-05,0.0020991538923624455,0.004456737452210657,-0.025126140383349434,0.001646523320966278,0.001308623470282963,0.00017232026907955427,0.0002127291181525892,0.00027710397660471323,0.00021928444304221068,0.0003827611813405013,0.00012978436192794625,0.000584399050613957,-0.0005715402822111786,-5.3605976351042745e-05,-3.324894721763281e-05,-0.0003970421946582585,0.0018878725159390355,0.0026711853461802533,-0.0023564793431019387,-5.210385490705273e-06,-0.002063596289481164,0.0010784516802265093,-0.0021099402965338047,0.0010852513988958024,0.00012586585673348414,0.0009459881793703551,0.0013877675172159771,0.00040623713362855814,0.0004415360368208351,-0.0007878345664377485,0.002419327984815213,-0.00038636483244386307,0.0015883280970970782,-3.2883351688069334e-08,-0.004437212867111913,-0.0022114071541360866,0.00011973487709929628,0.003959341555779292,0.0005555600667465617,-0.0003183533319104405,0.0035479810945771707,-0.00020304961994685848,0.0032367640472710985,0.00047253144715507956,0.0012091810441037572,-0.0004645577384719615,-9.466591426602503e-05,1.2436034243285786e-05,-0.0003611164747108081,-0.013747096311036282,-3.158405471995243e-06,0.0028961832086066308,0.00021505339275926274,-0.00021147579328294135,-0.009183043779526607,0.0005064866824333415,0.00039910566815030057,-0.00457261008231634,-7.123740636732775e-05,0.00013271724350004006,9.005075584987356e-05,0.00031761798789232845,0.0002626069837116719,0.004076025211350936,0.0019715820616721526,1.0227972171927721e-06,0.0002642928120934588,-0.004683369642133728,0.00012397585422871063,7.073828782834029e-05,0.0006036688744713546,0.00030005454915509717,-4.5624163591583614e-05
0.026363666362664056,-0.002529477937947634,-0.0001505662467024188,-0.00115775265559296,-0.0018076319325144004,0.005374452120281263,0.0,-0.001409864268622194,0.0018042308108428835,0.0012063888721467984,0.00010226409556593568,0.00016286432482138477,-1.0757391325777855e-06,0.0002605176104640508,-0.0004519296188871634,8.595563923614112e-05,-0.004814806548642109,-3.9916487429713935e-06,0.000783469618472309,-1.1757465799699777e-05,0.0,0.00011303390957194222,4.215677324585041e-05,-0.00019918774140585942,-0.0009564728296841834,-3.4033027950738516e-05,0.0030740958024331405,-0.006725840277038596,0.0006443436874489281,0.0,0.0,-0.0008238719782215647,-0.002366576670191339,-0.0021026296183568383,-0.0006808278576031785,0.0010374389653386444,-0.00034158666080064056,0.0018563381575842197,-3.0919305503204155e-05,0.0015797575032196018,-0.0030772222182328048,-0.0014003460712474906,0.0005686504991272389,-0.005382987054183252,0.0011987750946007624,-0.003378698599101113,0.0017088847959663065,-0.000464352013249717,-0.025963089994335668,-0.005365064172836406,7.4828799166293e-06,-0.0022912724805499705,0.0028362421579153974,-0.004344762362017112,-0.0011959641531735378,0.0076695613199570314,-0.007284387231506844,-0.032442183051968006,-0.00046971104335268303,0.0,-8.70846379766968e-05,-0.0025920857136421506,0.0,0.0,0.0038278399307505313,-0.004291132082167192,8.154665424549271e-05,-0.002014189288609237,-0.0003673549790775631,4.407531252395711e-05,3.685759037964843e-05,-0.0017521163661154686,-0.0073079587811230255,-0.00211855840604125,1.7012349858897601e-06,0.0025709837319314787,0.0,0.0,0.00017843732946483677,9.883080729312192e-06,0.0,0.00024140181751912613,0.0,0.0,3.6746010452357374e-05,-0.008739756809790162,-0.0002840497012882641,0.00013319351968917742,0.0031469738052996394,0.0,-0.0012694255346690385,-3.2945197440413164e-05,7.580484770847447e-05,0.0006326439588878051,-0.0030068966492311586,-0.001414488443339436,-0.0012609758231681642,-0.0004915275255833255,3.010722378118815e-05,-5.7001833792768436e-05,-0.0009019008698622751,-0.0003925953100585172,6.85814431953304e-05,0.0009130414386659641,0.036147668303325865,0.00872636954933239,0.00015085042527981474,-0.02610165764166515,0.00017414180110461708,-9.243443379443691e-05,-0.003440825960486965,-0.0004562236650432486,-0.0076626751319606645,0.0017440229996119499,3.75062201896643e-05,-0.0002490895492209341,0.0010559046035947695,0.00024046029548787412,0.0005362687621166961,-0.0005368063990220973,0.005734173137476994,-0.01442070076971761,0.0031549119130839043,0.0019644774696421573,0.00020514691691102832,0.0002561810141648286,-0.002126159216364684,0.00027186867552556363,0.00020707443813590938,0.00018893464306461906,0.0013939671802395543,-0.002315351028638637,0.0009124548784663123,4.7646779777861006e-05,-8.15236814217472e-05,0.010233226500973696,0.01055703055628931,-0.0006278947387354497,-9.527696042624202e-06,-0.0034163557533367812,-0.0011814355870542915,0.0005398213535917132,0.00097923530998617,7.973457721914472e-05,0.0009793542217876937,-0.00218574446079292,-0.004639692930476711,-0.0024050690870254074,0.0028802810563000186,-0.0016273401811411484,-0.0029322198675515347,-0.0003837119506837894,-2.7866417890784826e-05,-0.00809909499206129,-0.002886393209621996,7.234346436498892e-05,0.009646590873357367,0.00015605514766104268,0.00017293298075103173,-0.0004557666330331795,-1.4329218769842497e-05,-0.0007886525567245158,0.006266986474531931,-0.005993504854481808,0.00044138394129430525,-0.00024587367286828927,-9.27629819686352e-05,-0.0007563883174258135,-0.025699601717680712,-0.0015884461052543342,0.0038215774526034595,-0.011736727178611225,-0.0011948225320635559,0.006883580887706011,7.410296920331639e-05,0.00023025394382597889,0.0003367714811128769,-0.0005797148857646553,-0.0005499576080956372,0.00020164639861096887,0.0005120432072839956,-0.006305970701459015,-0.006828570257193871,-0.005029043215241388,-2.8287654205675128e-08,0.0002952233439126106,4.3276722782437875e-05,-0.0021756000535410104,0.00010036954257634449,-0.0061719469778360285,0.00029706004549242805,-2.998023979565137e-05
0.169672911526844,-0.0004775914408069551,-2.014218243567461e-05,-6.122722162537703e-05,0.016008578897826992,0.047346902151412476,0.0,-0.007019057105573001,0.003267273763975242,0.000881777404809932,-0.01596633480689636,-0.0012581148082150067,-5.2373217834252916e-05,-1.2977175520841288e-05,-3.0869409912654525e-05,0.0006075538567961163,0.0014438970783419588,8.290542000675768e-05,0.005268243530207225,0.001309540572661014,7.372952321340442e-05,0.0006827234007393566,3.6671747959004034e-05,-0.0004726696218875555,-0.0011624642584976618,0.0005771617876844348,-0.004252415233727365,0.007362526363362153,0.009553958987542716,0.0,5.701957487205398e-06,0.0007981543333856219,0.0023554720976095055,0.0031937798337500624,0.0027949155627375105,-0.0001762544893661764,0.0007221074975127165,-0.009186494716721673,0.0004940870535212624,0.005464455624625653,-0.0042811090553458424,0.00016659121343424294,-0.0065961170959805285,-0.03991705945924678,-0.0006154369147210468,-0.0007282267672407034,0.00734389179627557,-0.00047017020814725795,0.007231316643113689,0.0070816699017878515,0.0,0.0011639712674192991,0.003970220973570869,0.007382945349400625,-0.0006727186044578244,-0.014348408808610713,0.00619874733326971,0.010540249226306668,0.0047504810087155,0.0,-0.0009918443951880136,0.001820948274693083,0.0,0.0,-0.0011551967584843663,0.2966399276128866,0.00029047884738607455,0.003953809835857638,4.749063538258649e-05,0.0003134836191696727,-0.0005525982270511118,0.004438777446222186,0.001800890263404159,0.0017747229165171446,-3.4121702556070124e-05,-0.00017921530578501914,0.0,0.0,0.00032604707804655125,2.528702042531261e-05,8.98417622806918e-06,0.0002479283670864183,0.0,0.0,8.367775245810032e-05,0.017542996337219913,-0.001411613494191552,5.948008224568452e-05,0.08998445092626556,0.0,0.00042296887223940046,0.00033535923086443236,8.210756319913265e-05,0.000750302083390743,-0.00019276638872960686,0.0014313638323630673,0.0017778676158564529,-0.001271817776438221,-0.0009324013895866712,0.0002896146640779592,-0.00021998906057779023,2.700788117920787e-05,0.00011077014057192129,4.4449663836978105e-05,0.002621839694196551,-0.00032981801502852243,0.0011302559095038723,0.004356162438423691,-0.0011318588346368261,-2.0014184370649324e-05,0.026731902706152458,-0.00045816594458362737,0.0019894802848216884,-6.859835253241942e-05,-3.15264718266206e-05,0.005138692858985259,0.002188555622488404,0.0003260973815214413,0.00021573870093512864,-0.00473681305419028,-0.02080315400191955,0.07101847660250876,-0.004447284719101273,0.0030133595785990963,-0.0028961727407593053,0.00013878337704124392,-2.8541632080636707e-06,-0.0009701112157305531,-0.002067827400300124,8.270241271035803e-05,-0.0014324315577561731,0.00028760998209310105,7.212430029792005e-05,-6.41307796765869e-05,-0.00046333342606762114,-0.0020794666379276203,6.365498047514122e-05,-4.2116208997246834e-06,0.001854691852617027,0.0031238838121678786,0.0037479510184283515,0.001057071098787092,0.000654240599884818,0.0002751184016022001,-0.002259594537699549,0.0017187417194656437,-0.003720674229478138,-0.010717326656554496,-0.0019167350738500209,0.0034326419143986086,0.002626520068680796,-0.00308096364015787,-1.9141308930246468e-05,-0.009148071629770113,-0.004827440953943807,-0.0017771357501588252,-0.025734292525503574,-0.00022266590786243961,-0.0018191396220013578,2.2556481953842712e-05,-0.0004042621395049805,-0.0005395894178868341,-0.0030816328835315972,0.00025271808544577413,0.00022520607598033705,3.570657322479766e-05,-0.0006738723795392699,-0.0010070375860500198,0.07477801850069958,0.00036939500034817484,-0.012472809027786089,0.0028359791577103467,-0.00047662803510535264,-0.007331774150437112,9.594149721754498e-05,0.0007069580783521801,0.001592177337747857,-0.0001585358777701253,0.003045960096507477,0.0001570582595585631,0.001708771248287557,-0.001127858243708997,0.03606825557813626,0.006414288018803104,0.0,0.00018434099400242986,0.0002337542576392934,0.00028676428697917855,0.00031563284762423484,0.005295694381344771,0.005383124625536012,0.0001400874559043758
-0.20156120023127755,-0.0022819192826073658,-6.09077903095324e-05,-0.0010299416477725575,-0.0025257027398280507,0.007269408311222029,0.0,-0.001047457794529061,0.0030415976301161,0.0030091026360905206,-8.724666131066604e-05,0.00013894459028850582,-5.040450690269241e-06,0.00036487386923944273,-0.0004937855653960174,0.00033706238999792464,-0.0026435357701178534,-4.135056438442908e-06,0.00029054594572056844,-9.363142110103681e-05,0.0,-4.2184797307515835e-05,4.2133443613960525e-05,-0.00017265305051908063,-0.0016687798115088287,-3.0383004599837377e-05,-0.00010876162281630082,-0.0011954518487627564,-0.012012815722068672,0.0,0.0,-0.0004296020284313422,-0.005517702681565651,-0.0011942282840986848,-0.0011160474601118785,0.0016273860746180713,2.267670645312381e-06,-0.0012815689654357037,7.116624188358485e-05,0.0013055987731764912,-0.004388036965758304,-0.001043942788712411,0.0010310776482949332,-0.0036642038195993233,0.0004237893815825244,0.003945071169313221,-0.00114911920122562,-0.0005044609214200782,0.05989609134939493,0.02129724447148515,1.9459401441508116e-05,0.00048297285854020775,0.0010719960908143254,0.01577111441561062,-0.0010531157104929554,0.03117663513056492,0.0102896904916425,0.011511717829104911,-0.0013718407395940263,0.0,0.0005097425660894319,-0.003937608771125815,0.0,0.0,0.0061558146504126325,0.03217781687125814,0.0001307342613221413,0.004111505830555339,0.0011083606982458093,5.401860254715917e-05,5.274386602969213e-05,-0.001994185266710448,0.0025529940646145956,-0.0027843303194588897,6.668784323054849e-05,-0.00015911242727169122,0.0,0.0,0.000634814472605773,9.732172243625188e-06,0.0,0.0006100034819996857,0.0,0.0,8.40908807546711e-05,-0.052135602835588254,-0.00809765615606555,0.0005065259924939811,0.0722997424368947,0.0,0.017828231735798776,0.0001666510318849886,-0.00040680109121655523,0.001074745269862698,-0.0023126565808471804,-0.004630755118533652,0.0007384348831418295,0.001075602950370965,0.0001665390323531478,4.313323074128369e-05,0.0042464113841161775,-0.00022502638649852472,0.00017214208577114785,0.000603643014644898,0.04212745532598492,0.008121440493156532,7.67545902852304e-05,-0.037467761785125696,0.00010837279397064972,-0.00012381560327106038,-0.005358354101077564,-0.0003716674729658818,0.004965857018268487,0.0011516409726317312,8.025044885171242e-06,0.0026165296619048086,0.00021223633274873252,5.3064292247252235e-05,0.00028774515626795317,0.0036473838581269373,0.02222098452235771,-0.07033117006914714,0.012088414632757198,0.004211488050093104,0.003026614233217406,0.0005588172389653769,-0.00010031633472246839,0.0017571325708183637,-0.003107903278527421,0.0002774665644468937,0.002239201109097781,-0.0015286861205009745,-0.0005060519429817268,7.102307511572437e-06,-0.0008365611206086972,0.004613819702644028,0.04852482253418213,0.018219480994533292,3.807954059754467e-05,-0.0075409123573889755,0.009397456434709536,-0.0007235594506422949,-0.001981388823285703,-0.004972583425328512,0.0017129669849632672,-0.00048642138775277884,0.027270543121141237,0.0029133525353566697,-0.0004046713372884895,0.004230829214260792,0.0013378513243726459,6.976085046443158e-05,0.0004583597188630605,-0.014720208742165453,-0.0007693951241080458,0.0001400270754831556,0.01355712203351914,0.009911778280724634,-0.007268145985538217,0.0030639901918796146,-0.00010346992113041216,-0.00033201023891062727,-0.003433456895092956,0.018742359083963094,0.0020248201805127554,-0.00011273390213983403,-0.00014588654722110837,0.007892688126059396,-0.04161936039084146,0.0004265188024341283,0.008204175448894225,-0.006610018700598179,-0.0015584401954181965,0.03647483757464522,-0.00032061462209903726,-0.024326879984962423,-0.0006173442526095547,-0.00035970883695604893,-0.011947027386842288,0.0004922643209567088,0.0004375029702445064,-0.005693479583165021,-0.023714308961022623,-0.01173865377782449,1.6786044593352055e-06,0.00021736458290683183,0.0008569882833301594,-0.0002594487737989744,0.0002829328049720168,-0.015267255362517837,0.002073634617278058,-0.002049327659487897
0.030082168792474547,-0.0017205473122837167,-0.00027605047279485027,-0.001139776827742322,-0.0025292634367076916,0.0032583544195432645,0.0,-0.00012325395608250777,0.0033713595991033355,0.0008224684956357122,-5.860460080298762e-05,0.00022597364668179926,-2.4079886304984832e-05,0.00023505879115231015,-0.0004950538501137094,4.5045871096938247e-07,-0.00862062125755573,0.0,0.0014412934279731885,1.2948088636998517e-05,0.0,0.00014966847595127843,6.890554094491526e-05,-0.00028787621045338075,-0.0025966777054886865,-9.920797189155212e-06,0.009417599013152436,0.0001678927107287847,-0.009538577435956784,0.0,0.0,8.14418625205009e-05,-0.00607104319934974,0.004267964138015524,-0.0010643333686567356,0.0015735137477664884,-0.00023983467452700472,0.00935534513334716,0.0003284918661666323,0.0030507470529665733,0.005671837193774143,-0.003294803891142395,0.0011152481416800298,-0.025089659542187306,0.0012395294599036328,-0.0011222418326459766,0.0034192970998813146,-0.000941806397258974,-0.003160833127409357,0.0023762369706006032,1.7248189347333438e-05,-0.0007883864600649401,0.004872478198498707,-0.0037763014691407264,0.0005934850268981851,-0.005615629170749346,0.0013709998766964213,0.006374445985101643,4.4266972271138755e-05,0.0,8.500542334223187e-05,0.0033338462319526304,0.0,0.0,0.00492018505921117,-0.010157741155572459,0.00027769939434393604,0.0026478922690152755,-1.7832470002354305e-05,0.0001465571612603371,0.00015223483339444732,-0.0020159097929340385,-0.006477278526079483,-0.00218614569971744,0.0,-0.00013053621745459144,0.0,0.0,0.0001882145409508336,1.0240884905926333e-05,0.0,0.0006727796224314607,0.0,0.0,0.00021501010786659783,-0.01064263004450531,-0.0021099170981574308,-9.65690662276847e-05,-0.010694374085047332,0.0,0.007258008441729083,9.316300783043803e-05,2.735002119859816e-05,0.0008544872871526914,0.02732076987178273,-0.0007199086365095951,0.00030901162785101086,0.0005120015423765173,0.00027401405556755793,-7.172017063671042e-05,0.002234417798545962,0.001338233542510463,0.00017204658332239722,0.0001052758230882963,0.006420436113666498,0.0014713003529603858,3.3968661968262646e-05,0.004908526176987352,-0.0008749636671095507,-4.0066032424994824e-05,-0.007534175334537132,-0.00010911840367852856,-0.011097089294862503,0.0021918871210846944,4.289284813502273e-05,0.004368669742383104,-0.0010050315099433167,0.00034899560810581294,0.0004757658466392232,-0.008902558785984817,-0.03175569652717278,0.02233748797845922,-0.0012673297731613015,0.0019111187968244808,-0.0014829039441316876,0.0006826303254170399,-0.0027661947163214423,0.0003010562668349372,0.0017983138004440246,0.0004361491113092371,0.004077693274305808,-0.0016464992682705326,0.0007152272678774145,0.0004192014789914318,-0.0006283028378523444,0.0060225952294384235,0.009934114085615328,9.016925498630507e-05,4.154111715317335e-05,-0.0004892800275449476,0.003353652878570057,0.0005005337627150775,0.0004895857832517057,-0.0006895998684363759,0.0015820616666094149,-0.005880857852335014,-0.010169865167567302,0.001137889017499815,0.0023530824170148565,0.0040380661307936275,-0.005376163011630217,0.0013267934082964348,-3.3726524037054244e-05,-0.005691472747949403,0.0004097314209354529,0.0010039718088820072,0.019891037261043343,-0.0014821673542390807,-0.0022428386603694107,-0.0001852447145315269,3.843641245108617e-05,-0.000549359002258558,0.0050646631276098555,0.001654157731651681,0.000539856790210077,-0.00016306115792851073,-0.0007724861929267052,-0.00200102914085234,-0.0019169416793037115,0.00017080172177923048,0.007310330259884038,-0.004595008020120583,-0.00042369920250782527,0.007271352224580106,-0.0006366974510972434,0.00024643056081859356,-0.001363311119683665,-0.000301502996261636,-0.0010205725035826241,0.0005162051912883127,0.0010176310116358444,-0.01143695685023443,-0.05170222676360124,-0.01310809075984334,2.8986837753127144e-06,0.0008340671763351617,0.00023240835129396077,-0.0012054368829451344,0.0001395992698877683,-0.015975606562321654,0.0023981161938486572,-5.907586586853917e-05
-0.04025851030338608,-0.002070221307614986,-8.02241583856156e-05,-0.0012213923727690417,-0.002726956704015151,0.0038071769081761964,0.0,-0.0008376435614069898,0.002461714482635168,0.0011400189865418133,-1.6557070991346e-05,0.00014309139971136625,-6.610104153256077e-06,0.0001693659566107796,-0.0004769500992116368,0.00016220225476975194,-0.003310559236251808,-7.042927786559904e-06,0.0001687191594672013,-2.4774611505751977e-05,0.0,0.00012057492102693919,7.941052633161502e-05,-0.00022021362744228219,-0.0016242918001747367,-5.1012033430632413e-05,-0.004650570716933179,0.0015227536450059906,-0.002629838872490562,0.0,0.0,-0.00013625701811702392,-0.007033711654874678,-0.0008406901489339636,-0.0006628632494127905,0.0013475964741552226,4.194953364444355e-05,0.0025160286134449056,0.0001775244907346664,0.002139256257800545,0.0006007120905361256,-0.0015706582257550895,0.000568647300263532,0.0014437226718403019,0.0007773807898467594,0.003503194379977897,0.002376331127535477,-0.0005899412190706653,-0.0015963306073461026,-0.006392581087153083,8.028777967450106e-06,-0.0004426109826946071,0.003265537152033096,0.0014867737266705565,-0.00048274470922189173,-0.005620809822913622,0.004251677428352215,-0.013140747784392042,-0.001363980511063689,0.0,-0.00011134670232934807,0.0012529866682613384,0.0,0.0,0.0036683227114541347,-0.004490092841397791,0.0001570458853468311,-0.015228745995829138,-0.0012040421398412774,0.00012427859560409785,5.707503593472886e-05,-0.0025954207111151643,-0.0029127918421777655,0.0022374506727727904,-1.285846490847917e-05,-0.00019405129396259324,0.0,0.0,-0.0001798304777336825,1.421046968488801e-05,0.0,0.00045264596345166204,0.0,0.0,0.0001393679533989497,-0.011618821622372502,-0.00035442163733354765,3.8233306239424246e-05,-0.0022722659874308175,0.0,-0.0025627285837586996,-2.1527186774613183e-05,8.53351895459482e-05,0.0008811835704085902,-0.0028797712939146935,0.0003320570873483985,0.0012548884487786009,-0.00011647350107897288,-4.198487132973144e-06,-0.00016550905927752843,-0.0008278778350296617,-0.000557660903173232,0.00012088401394745501,0.0004317278553663795,-0.004156639057860934,-5.60777943727987e-05,-0.00024382987403650004,0.001897139981059954,0.00010746542978390476,-8.238173798681761e-05,-0.0036051084600560762,-0.0003724706874145647,0.001700314619733846,0.0004877631666295051,2.8681501179302552e-05,0.004133833706483065,0.004273693238832163,0.00012815860121958056,5.435871589331166e-05,2.334102979133067e-05,0.008087809574692153,-0.017713407225296896,0.003346195825882184,0.0018889664588322397,-0.0013375883103918101,6.657972985162804e-05,-0.0002139217197219913,0.0003359910578922057,0.0004394570351591206,0.0001636699737319253,-0.0016982218970378825,-0.001911843494510978,0.0007482344322278734,3.7639776710019465e-05,-0.00045280157694738046,0.0029805112085649816,0.003913973888688244,-0.003044005724973808,-1.0072157912166895e-05,0.0005567069089461504,0.005960147832505186,-0.0024755426954293047,0.0010829070101916252,3.7447251021487995e-05,0.0011212967773968382,0.0012052667309528668,-0.001835495149702254,0.0007157546661258002,0.004038108047506066,0.0018725369445387985,-0.0021783071114764093,0.0010184899673656765,-3.942575227520145e-05,-0.0029795380981383728,0.00015142351903607625,0.00018594902434135186,0.012689668137901046,-2.85226075082206e-05,0.0013906440135837473,-0.0006059266851750471,-0.0003052805215109261,0.0022823880804973802,0.00215995362356186,0.005122927123032608,0.0007045489850011257,-0.00022324132487376398,-7.09623233487461e-05,-0.0005623956769357175,-0.024525439816113544,-2.4699970266036678e-06,-0.0029924508640599757,-0.002058158388182908,0.0013714169316102285,0.021008818864202788,-0.0001674644469742931,0.0005380400342302236,-0.0007471602171832937,-0.00020722952938680673,-0.0009935428494525333,0.0001809347614294851,0.00030313345820428785,-0.005279084768645934,-0.014572045974600743,-0.018656566048412575,2.1179631814603667e-06,0.0009763731105193671,-8.29012235289451e-05,-0.0002992792194896984,-6.716301694861499e-05,0.002499091507197143,0.001340916383173184,-0.00038076500322382673
0.2842754774734628,-0.0021218319587892483,-0.00025183332421138574,-0.0006797085626905836,-0.0007255325650769067,-0.019551488310818536,0.0,0.005619456630477982,0.004963831194361361,-0.0041453551448823915,0.00025505335719175397,-0.0029174198789435747,3.202562493463242e-05,-0.021254428594613285,-0.000371782526613155,0.0007692195024225189,0.0016264994327385468,0.00016956340949842504,-0.0004853664474305893,-6.291744879108129e-05,0.00016805854249319306,-9.524529988277684e-05,0.00010268306723155896,-0.0008811569463201323,-0.0036862829507206,1.1399548104367893e-05,-0.016613178272685963,0.010138541340309115,0.007431804503880249,0.0,2.3601455006925952e-05,0.0004128652323486831,-0.002662519626238733,0.00321179096364747,0.0052251903938096925,-0.0022063156103597505,0.0017238866556685325,-0.010673699370383977,0.0006244238469797761,0.008512703827284647,-0.0073559845815604884,0.014996031636048813,-0.025641174660547744,-0.07572573204562676,-0.004309107427692746,-0.0011988448391282098,0.003985462273184776,-0.001330095086431656,-0.0014317082470369272,0.00649886663542362,0.0,0.00015479533124941738,0.004449274480868393,0.0071482703584096466,-0.0030582006183020706,0.006557206571583235,-0.0006220252301556502,0.004887295169958143,0.005589353194311415,0.0,-0.0020187508069578457,-0.0025982981320921317,0.0,0.0,-0.00263028548935709,-0.024190368306659406,0.0006129706948271921,0.0007008947105160155,-0.00019817330894762147,0.0006228739294947795,-0.0007793768309925897,0.005425860666634696,0.008477127563368676,-0.002956356744822719,-3.0376203180984707e-05,-0.00021597022640740078,0.0,0.0,0.00045587962037208526,3.8305863000340915e-05,8.27678815350199e-06,0.0005555722564545303,0.0,0.0,0.0002982612404994242,0.012677900716824746,-0.0038740127631945055,-0.001588911092130823,-0.020776705780511277,0.0,0.0008914263613865311,0.0003203713792218302,-0.00021975453117280448,0.00041117649109172086,-0.00047691682096859933,0.0017591888235712774,0.0024735574269712083,-0.002455467128607235,-0.0011630702632396512,0.0005479514412312635,-0.0007201878475190493,-0.000105115559264071,0.0001426376709735629,-0.00015646189104036445,0.0020663315517265753,-0.000780286093136688,0.0011886455007817686,0.012070735263336876,-0.007681128635746652,-3.422449209444888e-05,-0.007404589613701923,-0.0003562057549966903,0.0013400904998970458,-0.0005463143063113543,-1.6050381538423922e-05,0.005569704819673676,0.0029380399219506932,0.000278146881402749,-0.006583691871931898,-0.009962221582823047,-0.02989373276364937,0.04798784411908724,-0.027135847622145007,0.0024176228179347194,-0.01344554246733576,0.0005522091522235281,2.631749316558278e-05,-0.001222229929630464,-0.021513839415769995,0.0001451059421719942,-0.0016148296128693557,-0.0007306629656671434,-3.864121477040992e-05,-6.290125834162378e-05,-0.0011052338227078983,-0.0005745649536539469,-0.009519527702209986,-0.004361568036127504,0.002387189299995047,0.0008487659477170725,0.002204057773543205,0.0012304375235370148,-0.016642822441592705,-0.00018514885704332162,-0.003787116715119051,0.00351162492937807,-0.003330609692572246,-0.015309862475110509,-0.003921645005751943,0.0032065672444272857,0.0018386160526665928,-0.004923571218491798,-1.4480524137409151e-05,-0.013862341567768461,-0.007770148464646462,-0.005083037876693888,-0.04663481499111812,-0.0016214942557477763,-0.005432594092564882,-0.0013437740560350723,-0.0006183157462422217,-0.0006523088393723426,-0.002986039573252639,-0.0017719036174011563,-2.460861557325494e-05,6.063642125939956e-05,-0.0005488385063139613,-0.0016376448206008288,0.14625162217235443,0.0007568832836512144,-0.027502506976165325,0.000942849309173274,-0.0019262810643630344,-0.010921143415614388,7.680686884786824e-05,0.0006759859032142792,-0.0006348196976061583,-0.0002212143900098529,0.0010699882300402297,0.0002874882367610925,0.0021867667716062213,-0.005347428411578335,0.03378564882339993,0.004051304158135202,1.1469562191461061e-05,0.0002757769552103634,0.0002351765285176496,0.00021287734058707969,0.0005918885896277512,0.004910043807558141,-0.000769326707409798,0.0001561009020416421
-0.08386197314791329,-0.0021770033807676915,-7.547012830771025e-05,-0.0011842394235885229,-0.0038999425816208426,0.0038823483718588075,0.0,-0.0011800041592919853,0.004214962167229609,0.0015635105889704468,3.796115966940898e-05,0.00019058231548485657,-8.57319326933837e-06,0.0004074587212760379,-0.0004955855320315814,0.0001890948483356066,0.0072417957922297485,-1.1675124039938558e-06,0.0009574525050075926,-9.784025992504717e-06,0.0,0.00016647557968061015,7.05710941252637e-05,5.089568072651476e-06,-0.0033178703742590106,-6.595340920529858e-05,0.001943133859311438,0.0002468665702952177,0.012255656164665485,0.0,0.0,0.00033525385545155517,0.026239562791356627,0.0002283845146169055,-0.0009338316583831912,0.002341221988436081,4.539145277015279e-05,0.0048360676983373865,0.0006331145541928979,0.003383161523113405,0.004085192791884571,-0.0028800863466817007,0.0008531389433193992,0.013513471036909815,0.0008529907173613803,0.0014607894977368408,0.0033423639966658125,-0.0012739298944182398,-0.0014028679876082668,0.008390358964080304,2.079558152286298e-05,-0.006338484689210551,0.0033525544633552936,-0.0010844684166017068,0.0005026275234538151,-0.006280655618961257,0.017045485489691675,0.014888340986506517,-1.1836593179584722e-05,0.0,0.0001212272213371464,0.0005206432589685334,0.0,0.0,0.006596663293376599,-0.01580717736282133,0.0003816341043790753,0.0034679422610291405,-0.0016657345136236446,7.892041761954037e-05,0.00017010373722796962,-0.0015221495607804028,-0.0027554192084554953,-0.004298529132602925,0.0,-0.00020743470978001587,0.0,0.0,-0.0002863556973336698,2.0945182463210306e-05,0.0,0.000626602692585548,0.0,0.0,0.0001111443857587124,0.015058303531447444,-0.00016566366180232136,-0.0002759722518817387,-0.019750522717233977,0.0,-0.003763813286043226,0.00019458280240195532,9.74312701963729e-05,0.001311711280995476,-0.003693755863705786,-0.005898796969007651,-0.002659687466278129,-0.0003031099724884431,9.091785258766786e-05,-0.00015316403862981846,-0.0020421950276825257,-0.0010860304955120645,0.00024727086673012605,0.0004504277388321529,-0.001818656671208996,4.597490427747054e-05,0.0001273473286322282,0.01263479924012111,0.00016796701080816254,-0.00013343303233075672,-0.011943698099153998,-0.0003380555384361536,-0.0007169255131206038,0.0027302925718980385,3.5593444058974767e-06,0.0048038313495355305,0.0022267391070701715,0.0003466292533689,0.0007485714592947083,-0.005504039091012078,0.01580006108274319,0.045184539078059985,0.0033101749033756845,0.0014957793823318708,-0.00014518028734635132,0.00035527404447667255,-0.00016388511081355937,0.00035211022662653144,0.0014738304256968757,0.0003695234060024131,-0.003286035360186708,-0.002631761166235639,0.000326071081077724,-1.4197785879563685e-05,-0.0009768182616657515,-0.035650388698923396,0.00792161135559574,-0.007961436639717765,5.404471072740231e-06,-0.0073735895034762996,0.010279599036378217,0.0009198510185075386,0.002453813435679735,0.00028403734288850394,0.0010660414841138994,0.0038751483374662244,-0.0022490742939466116,0.0010873648799342595,0.010631823817373896,-0.011356240996093291,-0.006360298112770505,-0.0024441894921131057,-3.765328714305792e-05,-0.004432438014338909,-0.001561590263397855,0.0002055420752702551,0.01007873662838256,-0.0014718365841921302,-0.002158230025299621,-0.0011565409428864514,-0.000240627635442189,-0.0007615898554316599,0.002793200879676339,0.011126286938976524,0.00129832242988265,0.00033499612470327755,-6.745889209340128e-05,-0.002524007984763173,-0.010185495507253586,-0.00018974552026599148,0.009278273989795176,-0.007110232757810943,0.00012031507570680251,0.038342300133224566,0.0002575239777210796,0.0009625948781558384,0.0022573176415545976,-0.00032196187578168513,0.0004143867515640448,0.0010409723159985852,0.0007831469430225461,-0.0019801409007475274,0.005494320843499026,0.0028749641443938474,-1.0401491595449365e-05,0.0009674342938449665,0.00046471456406713113,0.0002403923832147733,0.00033291650380774985,0.0025031742994254197,0.002252626722453969,-0.0006427154552020404
-0.11474090929490917,-0.002152213213719475,-9.129704865742808e-05,-0.0012254027236058534,-0.001771163583283495,0.00359993331326955,0.0,-0.0005789432805870963,0.0016502174551060811,0.002801475139002343,-1.7781036340700958e-05,0.00010596957571026521,1.5041940259075875e-06,6.353524544308833e-05,-0.00039276891174849305,9.670184123295947e-05,-0.0019081798235433863,-7.652069563406309e-06,-0.0015129913710901404,-1.7095259698809166e-06,0.0,5.3052791825362636e-05,4.056473420390078e-05,-0.0001826083268801021,-0.0012547040265920482,-3.1974240897975276e-05,0.002218638523610538,0.0010085759604546976,-0.004339244398269083,0.0,0.0,-0.0002575873564214193,-0.00707749327412727,-0.0008617537480967699,-0.00039767071555089635,0.0009258844292407584,-9.569607568461714e-05,0.0052947472064492586,-0.00025418600028234624,0.001740525728768416,-0.0011831288339533013,-0.0011783976615417913,0.00034579028860848266,0.0011727945299211976,0.0008108128966908704,0.0005315791429037632,0.0009002006323249214,-0.0004115790053673182,-0.006812678309366518,-0.006896870514592884,8.63825395247438e-06,-6.907190525694561e-05,0.0016735744547470863,0.0011455765671950597,-0.0006326397437948825,0.002176931940509695,-0.00902910400727978,-0.013094523145031487,-0.0004284549692241112,0.0,6.818803098937761e-05,0.00028727262369051117,0.0,0.0,0.002038353940838445,0.005521275004757351,7.229544468942862e-05,-0.0005147810003777623,-0.0003690539761432493,4.3315390695858466e-05,0.00010586230022069009,-0.001898843162749801,-0.003111359879165889,-0.00022630652822398743,-1.1023171341811063e-05,-0.0001257457328660674,0.0,0.0,-0.0001567194377902529,7.229228920657489e-06,0.0,0.00024029822766771867,0.0,0.0,6.883230930017886e-05,0.0023239655635611542,-0.00030650895601728914,6.463811367678047e-05,-0.003014243834110055,0.0,-0.0001009955011274632,-3.515368594416084e-05,2.110664805415124e-05,0.00041994203454781207,-0.0017931622745362317,0.00022398799983274845,0.000721502346790042,5.602456614885648e-05,2.687233942535131e-06,-2.8851904813991847e-05,-0.0006386721050119212,-0.00024780687680296806,7.607268274510414e-05,0.00033097006111050103,-0.0011805199346884734,-0.00039757816799133763,5.174143161508652e-05,0.0019299341315775285,-4.5120948778098114e-05,-5.0267594041807015e-05,-0.0011226918471282398,-0.00026083192560887134,0.0025321303812774715,0.00030656183114689464,9.894046741024966e-06,0.002848439281111888,0.0023059079336780657,0.00013080461602126112,2.4557992967920492e-05,-0.00109288048191161,0.0017204773611222118,-0.019549503690188465,0.0004398940903265154,3.521544610414162e-05,-0.000578026838121773,-2.2748684283183386e-05,-0.0003839801012259697,0.00023578458242963957,0.0007728910918342379,7.326592323864661e-05,-0.00028373729600635544,-0.0013780181571765456,-0.0015482940512052937,-3.3387920600577496e-06,0.0011134043648980585,0.0032123321770732953,0.00672095601244726,-0.0016931261462231823,-5.2099847376738224e-06,0.0007930813316215795,-0.0005359594180031985,-0.0015842968747898692,0.001414813097433451,0.0005436058209887288,0.000805043734439325,0.0009068679021396643,-0.00016146632625013653,0.0007186462754260884,0.0003899850160658621,0.0026161217445960405,0.0015156837590974959,0.00046618295418120897,-4.9417536612739505e-05,-0.0028035624658293086,-0.00035820805857127353,0.00018330597687497366,0.00948487658387995,0.00013666300414145606,6.636811955348514e-06,-0.000437118409071775,1.3547789988268074e-05,-0.00044516368560307203,0.000505246766143452,0.0012412106345291948,0.00018394297315836426,2.9579231905730966e-05,-6.581693351660349e-05,-0.00028949221319544434,-0.030715911992070737,0.0011849169070175531,-0.0033467093197916808,-0.000501103180835118,0.0002365599047980292,-0.009068603700650064,0.00017658206460268518,0.0002888809281129496,0.00081670621079787,0.00018478971436245936,6.098808079128339e-05,6.245769247323572e-05,0.00014249990121572223,6.57518135221236e-05,0.0014191868496701682,-2.0669777493201956e-05,9.640396992533102e-07,0.0005136234063160587,0.0002811065197584095,4.353558217127474e-05,8.97247186165124e-06,0.0006738528742675763,0.000194013495707547,-9.09294609377965e-05
-0.15292790206453896,-0.003155357417628432,-5.680506632839153e-05,-0.0013135117608625388,-0.0030482367140598522,0.0031604281591553524,0.0,-0.0016372860124039734,0.0037459109947093282,0.0005039080880399991,0.00020242119861188737,0.0001996033512016534,0.0,0.0002782529912295849,-0.00047007431134158377,0.00024815642816863485,-0.004744911686292962,-2.604808446747655e-06,0.00016584068435185288,-9.26639199218051e-05,0.0,9.462434062225506e-05,7.685493474044738e-05,-0.0007477453875836834,-0.002325626827985568,-3.4950765946910304e-05,0.00011593687119855216,0.0007383292582230059,0.007556119624367272,0.0,0.0,-0.0004609701352194451,-0.0012188062811781203,-0.0007948472592920123,-0.0008056618462902798,0.0014778038074032603,6.25534082824702e-05,0.0008549126880818513,-0.00018840832961200876,0.001966990938819587,-0.002590987850389465,-0.0023054973120709733,0.0005805626784903617,0.013207533841604804,0.000364514569725529,0.004806641014895917,0.0031704026151090597,-0.00043620660009082,-0.0019124108258697598,0.004836811343617684,1.398537507850732e-05,-0.002161084783833189,0.002199158626418021,0.0025899974763688243,-0.0013878713936124737,0.014852609749914545,0.007500996219204521,0.005326593070406545,-0.000574257313409517,0.0,0.00037549036807000213,0.001194648691560161,0.0,0.0,0.005185442268922106,0.05277787623962198,0.00017236745398717764,-0.0022401340200691876,0.00012501027551104036,5.2145697336031275e-05,6.748190219513988e-05,-0.0012268465445442812,-0.005575985558915696,0.0018713079955345088,-1.862367905212004e-05,-0.00018934425352355296,0.0,0.0,-0.0002617612670993282,1.8149208708639078e-05,0.0,0.00028125795955664967,0.0,0.0,7.706136447055472e-05,-0.02552233823868125,-3.3354249024937965e-05,-0.0007164170431632354,0.07516906744979981,0.0,-0.0029055410000734944,0.00011291924509381741,3.461120315750866e-05,0.0011359611587440875,-0.004852421920492501,0.0013643510920150165,0.0015777878982235303,2.2275319873124068e-05,-8.252143290072855e-05,-1.1931525504521703e-05,-0.0015458745497786827,0.00012891457783907042,0.0001764433347930057,0.0004494519802088194,-0.041976458536993916,-0.004798482250534382,0.0001279959317819873,0.008413328942992206,0.0004943830624037547,-7.766534952914784e-05,0.023530504173073483,-0.0005476049839483301,-0.0016961836421490353,0.002531033419137517,2.9317135955996722e-05,0.0024570002236126848,0.00020821927015634184,7.915835281063358e-05,0.00013893093586513718,-0.011426946446231741,0.00824997267312029,0.047744105112626646,0.009941368089541564,0.0028183655947676867,0.0005681364014483523,0.0002950115153111293,0.00039420222565600757,0.0003403218958731384,0.000653436916122268,0.00021378723425059858,-0.004036079092566205,-0.0004305392450158365,-0.0014265095390188804,-5.601016998420966e-05,-0.0006932038723977896,0.008391478289059657,0.025672049292263997,0.00747220432724479,2.8294440414217593e-06,-0.0069403731046502985,-0.0034635557406210433,0.001613197991819761,0.0017343823171244708,0.0009717844023272293,0.000736938092119323,0.002561106934268453,-0.002012818606504363,-0.0011176769942535193,0.005814518235513302,-0.0010251340148959228,0.005779312934427168,-0.0014164681729337252,-5.870382361614128e-05,-0.002041021662870516,0.0018132853648182713,0.00014990171417817423,0.0004219095346765736,-0.0002838013472945542,-0.006897730279764128,-0.0004778206790473859,9.251181966531817e-05,-0.0006558054356066857,0.002166267426987953,0.0058456685066499495,0.0005624619197898075,7.218191766491291e-05,-6.055361108331007e-05,-0.0012251395184189762,-0.009407457152311123,6.073342536974426e-05,0.009469181067367731,0.0025251296589357862,0.00423050935700267,-0.05105246932941207,0.0002252110186500751,0.0006460369111142105,0.0024242295446130395,-0.0003072459594247137,-0.0010880253926359204,0.00043097422307925405,0.0009495097002479359,-0.003995286835382874,-0.028036499924008765,-0.028020784185326,0.0,0.0004558252709186109,0.0003105147288828736,0.0003992720129550012,6.235715062321606e-05,-0.006256189352108531,0.00147317277588939,0.003517848553437284
-0.05916562712680702,-0.002200878495023774,-7.151589834602605e-05,-0.001060610500287205,-0.0014329693975063016,0.002008110913105275,0.0,-0.0008292193562529042,0.0018160450452008967,0.0006907178796709487,-6.423507080850321e-05,0.00013835750344247226,1.9262118443202975e-06,5.3813080122292035e-05,-0.00036340336884574045,2.5392024759419148e-05,-0.00026679152757779276,-6.637499278827847e-07,-0.00023075138505369676,-6.37418064863773e-05,0.0,-4.332661962641842e-05,1.9681771959220136e-05,-0.00016173603661663358,-0.0008943982699413336,-1.1814226644252576e-05,-0.00282432312888817,0.00038624692193094443,-0.005111083782489011,0.0,0.0,-0.00016035140675870784,-0.0003832815258172239,0.005828967592379003,-0.00035000492411591,0.0007765320583532046,-5.002732650085581e-05,-0.0011527489740298126,-0.00014265013980873672,0.0008427150020624785,-0.00328297222701852,-0.0005467466321434312,0.00027362552969687615,0.0049651979222662046,0.00019564111096122738,0.001628865466599755,-0.00652654303794646,-0.00012047571759903872,-0.004231513476407093,-0.008166958655739248,7.593726310238131e-06,-0.0014723852351702156,0.0010383097544030039,-0.0007193657395271326,-0.00041374299296524414,0.0026593976371352326,0.003167944331917678,-0.011553071247827387,0.0001553483932275633,0.0,0.00018398193228319552,-0.012362939195611178,0.0,0.0,0.0013494196831583482,0.0588292576523953,3.454676969558112e-05,-0.003951763805440963,-0.0003369164240279853,1.175508829404343e-05,3.548090281964622e-05,-0.0004927484751759462,-0.0016802160929539213,-0.0018806050022571147,0.0,-5.028518161411566e-05,0.0,0.0,-0.00015923055631920463,8.094284089470958e-06,0.0,3.9733190406464976e-05,0.0,0.0,7.508933516219995e-06,-0.005684697171284741,-0.00031333630880750105,-0.0004352087652965439,0.026392251868962303,0.0,-0.0001641344447438415,6.190087436176143e-05,2.7124553688073824e-05,0.0002352238350960484,0.007148500638787737,-0.0001562115408857972,-0.0010648343513988976,0.00040581355567186577,5.9629837282258006e-05,-1.1648085919685782e-05,-3.105329157786046e-05,0.0017832731020119017,6.538800682243211e-05,0.0003626480986811326,-0.007927862295986245,-0.0015504283794302673,-9.587849285256111e-05,-0.007776111479239554,4.738659175672746e-05,-3.612848812330904e-05,0.009072780747723375,-0.0002897590674106169,0.0002971345466606117,0.0005383993247509052,1.3679915429684261e-05,-0.003999075274693089,-0.00010212319251239525,0.00011065944060936182,5.445344368007924e-05,-0.0007992530887560996,0.0015517492705633498,-0.08193687084532604,0.001744147233696748,0.0012435133375130953,-0.0011475825097474123,9.993358684648759e-05,-9.429415988825277e-05,0.00010238674179018621,0.0002368141261178851,0.00010593018752999313,0.002852872644518016,-0.0014675377349717758,3.242152504997311e-06,-2.9251342605687698e-05,-0.000206687281819612,-0.00014349984227127896,0.020714631378422665,-0.00126506993450881,-4.485473619073423e-06,-0.0027230878212319842,0.00509646487350474,-0.0025841278686425974,0.001308564809888661,6.175668477414754e-05,0.000938806969573767,-0.0020732822730943306,-0.0007614343795395832,0.0005763443755800318,0.0017787507043319497,0.0032261458420661097,2.6813750831113113e-06,0.0014340268809027211,-3.551453294973207e-05,-0.004226230312930255,-0.001667954178843118,7.602274691161651e-05,0.002353725615754799,-0.00016421392325239873,-0.002710547681620532,-0.0001994412045559721,-0.0001078562070639459,-7.002692447034287e-05,-0.0008631218917196402,0.0018259619489244133,0.0003445054376280262,-0.0001414376626067601,-5.995100315125619e-05,-0.00016333401348918541,-0.05838095635046209,-1.0141507035303037e-05,0.0019921479004898295,0.0006883585235829874,0.0007795729079589113,-0.009748963257744499,0.0004583699561105046,0.0001932696229382651,-0.0017545793880953408,0.0003436700964415607,0.00026815317929639417,0.0001165910502847114,0.00024779673821924506,-0.0004307676126094581,-0.015424130498972228,-0.013793141279232923,4.74828612078252e-08,0.00039771799227560187,-0.0012531642944882402,-0.0018098429745856991,-1.4556233656282064e-05,-0.005995198293250586,0.00044084488673279377,-0.0003503325514804288
0.1782421250641641,-0.0007906209766034221,-0.00011814314730360619,-0.0010061291220345389,0.0005934208534371713,-0.01340150155742198,0.0,-0.00041299592460862717,0.003794130591052273,-0.003980958517965357,0.0003488063839110333,0.0001659568472836765,9.391636554040354e-05,0.0005304303541369538,-0.00037869409081889814,0.0008497179530639182,0.004981645211103372,0.00022276764341970005,0.00441274019376769,0.00020920004932502525,-1.6720291214118804e-05,-0.0006859537687820357,-0.0030098388063295517,-0.0015951006387145477,0.02288195676266043,1.3329472567417729e-06,0.008927313326642015,0.006434334265274389,0.0021419988287859296,0.0,2.2716803743734956e-05,0.0011129705793826064,-0.004332373054487339,0.00035230584829065145,-0.0011001492937995892,0.0016079958685211518,-0.00027527566433845405,-0.01507181406606515,-0.0035000664673494586,0.0031047562173112764,-0.008461589652255618,0.0003147381671936941,0.0010757198637942533,0.01042005035270567,0.0002638555145859734,-0.0036627859793178733,0.0018578638675903348,-0.0011366598236405602,-0.001891395714779723,0.003209004490471994,-5.1528375498233485e-05,0.009106430326853649,-0.0358407250222291,0.004612994050618147,0.008429939001393364,-0.011337509096616245,0.0026800580673052633,0.021910313909767873,-0.0041325793509020175,0.0,-0.0010355538026913895,0.0016918387108316138,0.0,0.0,0.004910334990579318,-0.02017166424903961,0.0005268041903575632,-0.00021201589136936801,0.0003161415835489911,0.00045492017719582826,-0.0005668116619597961,0.0005351203976111515,-0.0020193614627788685,-0.0025320599649213864,-3.0295052792885698e-05,-0.0002304964753651915,0.0,0.0,0.0001869707714662492,3.33110187242042e-05,0.0,0.0004150054954333165,0.0,0.0,0.00031523927306848567,0.007689852546495775,0.00035412100732328493,0.0002322870611751322,-0.011761849870669538,0.0,-0.008309686131535632,9.578965366020031e-05,7.699244076430587e-05,0.0006723685675992071,-0.0009014894076524743,0.0029556991066715136,0.002003713624811893,-0.0011397846124985896,2.920393298553862e-05,0.00033261026037302474,-0.0007427139583257883,-0.0003036020899919364,0.00011456464393078616,0.00045507270402297197,-0.014119737971362505,-0.0015632628387693426,0.00048693292171625983,0.0044643909213043405,0.0007423732725626189,-4.179464350503536e-05,-0.006847497100763751,-0.0010803657795798124,-0.0035834089449548324,-8.177341474743874e-05,-0.000741475419603401,0.005284976700339655,-0.00012609774777937123,0.000247913232180862,0.0006940575179337444,0.002810174942080284,0.003977829543013601,0.05170197449860343,-0.06777385935071614,0.0018317312232539046,0.00018285020300476453,0.0008482019074663396,-4.41677068173303e-05,-0.0008238599948743811,0.0011344346539390296,0.00014322437593019193,-0.001826569160501609,-0.0008442775525133714,-0.0003090069214544642,-7.469646763821483e-05,-0.000938078457844203,0.004434183926282059,0.021087237318323626,-0.0035976259864650157,0.0002001530048824581,-0.012200436949474919,0.0008857540033419647,0.0012432190781288502,0.0010850730838953982,-8.137251850225088e-05,-0.002873714635429575,0.0006986955861021729,-0.002361425562788722,-0.013510757376051799,-0.009481910512926345,0.00505701230556774,-0.0018334347733257894,-0.001175529936511326,-2.2170655182796657e-05,-0.00447168858484997,-0.0034097030893473924,-0.0008228730700303504,-0.0332954992356409,-0.0012997640102162691,-0.0051326378517052565,-0.0016876821350661935,-0.0009333215029907493,-0.0005911974159948394,-0.011446019856838257,0.010404547325255782,0.0007405617893242793,8.863431856271885e-05,-6.759488356616864e-06,-0.0011515626760766498,-0.015483950311444825,0.000644648600721117,-0.013184674603023791,-0.002086909987394437,-0.0018417260326386122,-0.02360435481579504,-3.565100989438195e-05,0.0004940896257570851,0.0033166798417440814,-0.0002534300360536313,0.00016036154379357194,9.694472710698972e-05,0.005467669965522017,0.0008054080969558159,0.014328419862090866,0.0036284493863769007,9.987427175738255e-06,0.0007444489217591396,0.0003387904234516761,0.00011168459826280317,0.0004697042430385502,0.0032902778372117846,0.0005948681217433741,-0.0031347429599310694
0.07726374705205617,-0.0016697776032367335,-0.00012291805845472968,-0.0010430812285007153,-0.0030580916876478655,0.004915703125118886,0.0,-0.001413213949799987,0.0038841205485021235,0.0008354994193935225,4.649765439760434e-05,0.00026632780004180295,-3.8414780683208316e-06,0.0005077527936599032,-0.0003626913366412766,-9.323766331646035e-05,0.046703689661466284,1.4255647667706647e-06,0.004712815986872087,1.6642651746650556e-05,0.0,0.00018147676359574308,8.774554739503037e-05,-6.561357287432804e-05,-0.00287941503328554,-7.275648514197171e-05,0.01051403308910288,-0.0033178102928947484,-0.007773615407664814,0.0,0.0,-0.0011951702938909924,-0.015581145362347105,0.002058238438108191,-0.0012059110705613032,0.002429510922712024,-0.0005430615751680565,0.005624703199071468,6.67930826216117e-07,0.002993858594264724,0.00450934780383266,-0.004071755466779002,0.0009962694784870672,0.0170205424021401,0.0014864370896518523,-0.00715198115232987,-0.00016813632429160563,-0.001269090252346173,0.000751220093291935,0.0028752014092959244,1.2701731318112174e-05,0.009860148473810957,0.005343032865476121,0.0007646189623667034,-0.0005435207582820586,-0.019016873273003977,0.0048209712431542895,0.020188433695785143,-0.0014706881203196923,0.0,9.291032263885039e-05,-0.004717213821468658,0.0,0.0,0.007995822052116384,-0.017887601439010106,0.0005070961276272255,0.0005414375649519119,-0.0012894327104488567,0.00028308926132615347,6.241981246360876e-05,-0.0021417864228040827,-0.005095727558567906,-0.0035344732863404876,5.709266260907081e-06,-0.0002314580028556627,0.0,0.0,-0.0004245325705969094,1.4112261937604856e-05,0.0,0.0009680138601128905,0.0,0.0,0.0003067285459826625,0.014219996715886297,2.303414763528076e-05,0.00034101733852886633,-0.015132533690495529,0.0,-0.009542323946138794,5.639389849812106e-05,7.689727783133192e-05,0.0016416461922643109,-0.002467497962971714,-0.0018162304907174654,-0.007939843858826016,-0.0002943894613245097,-1.0375151831323855e-05,-0.0001871936065236092,-0.0006953425222688174,-0.0003207228302987426,0.000296108439553467,0.0006373089209428881,0.04982797170789729,0.0044024808478415915,0.0001729688411070263,0.009452090683270683,0.000762424195363545,-7.358749163634258e-05,-0.006963610134563976,-0.0006466728134064377,-0.004144535114314086,0.004277425941121029,3.94172236175477e-05,0.004611259603438069,-0.002191458325498282,0.00063805636488996,0.0005874212424698645,0.01866391175910935,-0.055151055274618964,0.05149043181297017,-0.011294448885223664,0.004757560537951582,0.0010934053818837974,0.0008547495250459028,-0.0008120081180266942,0.00040556784057420964,0.002071437060139732,0.0003537352630772899,0.005327060778063978,-0.00906368122349858,-0.00021443785531283178,8.80304547021613e-05,-0.0007839363768667862,0.0035178739742472887,0.00300406068592442,-0.006013569751401636,8.764357725899922e-06,0.0007186584794389048,0.0021020478326211458,0.004846424030874628,0.001464129181611061,-0.0011122976847390096,0.0018835247641540147,-0.004129441158405736,-0.003452479600041765,0.0026394293006000856,0.010055927258634707,-0.0028298716042426285,-0.009476183900819614,-0.00035179276997428607,-1.7133299652538592e-05,-0.0076051498532629614,0.004898355698944845,0.0003672153484298407,0.03198534221798779,-0.0026374248791465925,0.002937241759672164,-0.0015508704151053299,-0.000824176280432204,-0.00037366359276832747,0.001567522361029785,-0.009946396613210508,0.0004241537495419848,-0.0009181956290369567,-0.00010000455575561617,-0.0025602626763750803,-0.006615529846193361,-4.985320814289643e-05,0.010794616751923936,-0.0277658320266362,-0.001682181059387891,0.014542218663684962,-0.00020949310460840754,0.0005079701030319124,0.00015849902535679657,-0.00039837779152041274,0.00038751570578489776,0.0005802318642137917,0.0008103450407544572,-0.007756492004751642,0.015828476095963075,0.007586660411032077,1.5981908604725689e-06,0.0006793000304229363,0.0004390772494120818,5.014257773982657e-05,0.0009336357894250538,0.006403039159741643,0.002473643507818993,-6.210857242486088e-05
-0.06427544881407643,-0.002037655804160474,-7.696405602028137e-05,-0.0011161890183626955,-0.0014978769160575952,0.002431668712382707,0.0,-0.00043948611703840674,0.0012817211831619413,0.0005900605837141146,-7.117697411636469e-06,0.00010881988537054483,-5.345525196837282e-06,0.0002699670476546205,-0.00034082101949585756,8.23618355814155e-05,0.001485851700056562,-9.726899028650492e-07,-0.001379854619441076,-1.5414420362104163e-05,0.0,7.632256675867525e-05,5.3299376433806183e-05,0.00033412094095533403,-0.0013829643962786652,-2.418305649713966e-05,-0.0024239545438862827,-0.0008060883132517054,0.001883048825241849,0.0,0.0,0.0007090039654060415,0.001468528525048667,-0.0036327688773187183,-0.0004215337919446333,0.0007092984483782497,-1.0951013694871247e-05,0.0031209162273369007,2.999257274567982e-05,0.0006318212152738748,-0.0009216835642693856,-0.0004959430794273153,0.0003958306711129681,-0.012553253002615455,0.0004607970000653983,-0.00029033700441355724,0.0006060496042147969,-0.00040720214348944473,-0.00807718084524102,-0.003539893560467574,4.890909586982163e-06,0.0010548734748336516,0.0022401226652811732,-0.001438756779466451,0.0005397493142472831,-0.001119400494218877,0.006366951815449931,-0.019425635863076808,-0.0005124499179858815,0.0,-3.541773947273913e-05,-0.00033878896323960323,0.0,0.0,0.0019370217468842024,-0.004301710396100368,1.452107590586786e-06,-0.002263337426310417,0.00032145194220868206,2.537567336659931e-05,-1.8470417953675024e-05,-0.000720760372273727,-0.0026171089186564963,-0.0008510974949008862,-4.633391436242209e-07,-1.5524822938560896e-05,0.0,0.0,0.00023589231298008797,8.378902085832243e-06,0.0,0.00015689886547956469,0.0,0.0,5.5245911246999384e-05,0.0029229478099371655,-0.0003049635632888997,-0.00027023762984838167,-0.0026587772125264103,0.0,-0.001520574687769074,5.892431263357402e-06,6.393269044018176e-05,0.00021240581966351085,-0.0017621194835200854,0.0008468345091778687,-0.0026955042559557493,-0.00014462220158032322,0.0002637982305447545,1.0082585573862728e-05,-0.0003749466918508862,-0.0007176023884268223,6.186848032402122e-05,0.00028059481685807706,-0.0009744980709353549,0.0007290197403585467,-0.00011300242053803688,-0.01374586123413293,0.00035447665322154126,-1.4308246071951977e-05,-0.0023797472978989856,-0.0002055269303020733,-0.003748706576975937,0.001324834419481143,1.2988325686158733e-05,-0.010970129022204787,-0.001017377593825166,0.00011908910439420259,7.364354683389591e-05,0.0017463004691182869,-0.011454600699417217,0.006759657853344248,-0.0011079743782696457,0.0011739752792254805,-0.00014111044775338543,0.00021882020529418914,-7.525516995698778e-05,0.0001138342965351262,0.0007186429705193701,9.73665341819445e-05,0.000576556877728089,-0.0018483320125878488,0.0010301918786252227,8.600553796185373e-05,-0.00016617565738935225,0.0010878224629611614,0.006801726028526788,-8.198240010194263e-06,-4.867738399393238e-06,-0.0007849362375005431,-0.006363725201920677,0.0004538755857541392,0.0006808143240526462,-0.00021376689117885494,0.00013122260969086438,-0.0012002197410436656,-0.0013479521922418875,0.00027909418819527536,0.012049227695605368,0.0015870870869694007,-0.004980698176642767,-0.00044734219977840095,-1.3489438920403023e-05,-0.0015579645639963876,0.0003770323501062227,0.0001066829253312221,0.003089041400045004,-0.0009666034051576847,-0.00042511969933186554,-0.0002349664490177642,-0.00013312970698571542,4.587475389602324e-05,0.0017649787164959203,-0.000385627977481105,-7.969385596133119e-05,-0.0022687973723164064,-1.850858150742057e-05,-0.000959378344917694,-0.010675097195187166,-0.00036383736375157286,0.00269395174183391,-0.0038403296512028516,0.0009139936510096933,0.004731291921426358,0.0005884396878135716,0.00023142500508610032,0.0006013032062998947,-0.00015480393759925015,-0.00033585026517127687,0.0002809162833553418,0.00028795892000185616,-0.02534526730903494,-0.012832007286080416,0.002075282663152708,3.3931632302322506e-07,0.0003695334657147316,0.0001112246259500519,-0.00011025244096682286,8.735426188771192e-05,-0.004038305535746448,-0.0002760339223550881,-0.00022376966575181204
0.005973569968313707,-0.0019619962973283856,-6.397464015325105e-05,-0.0013237916978709801,0.00080124355175832,-0.009860250523659825,0.0,0.0002926992301559164,-0.005676258125939163,0.0001378484193921472,-0.00015122758724746881,0.0001637534471157745,4.9776502019099756e-08,0.0002752833700094494,-0.00048261417780623927,2.4095616932706932e-05,-0.006493025619143615,-3.183261249854367e-07,-0.035665006267726104,8.611365763791938e-06,0.0,0.00012372699992067377,-0.00015459435952717567,-0.004339414041577421,-0.0016604747808329815,1.5899721318730492e-06,0.002716006228150899,-0.021150674295686622,0.0004947917857877005,0.0,0.0,-0.00020094040492336964,-0.006719660549029095,0.0004053070169512579,-0.0004067747185960622,0.0018011904999704201,-0.0002135188812995172,0.0026796170569841366,0.00018980153210768652,0.002472512082006211,0.0017262714634641652,0.005776328086904513,0.0006627492638801391,0.006556747133789882,0.000681393668335788,-0.0016804882882102401,0.0020985494411208915,-0.001116662200265641,-0.0030075466174443078,-0.0019315744527942545,9.653915551045514e-06,-0.0003722386336369375,-0.01921400437358477,0.002010282219898909,0.004103908840121185,-0.00800066912858317,0.008051124041822729,0.008625440947757168,-0.0012758708193693852,0.0,0.00012780467223147906,-0.0033939506609912884,0.0,0.0,0.0034912990667649853,-0.011056765182938227,0.00022123489545775182,0.000264135107793778,-0.0004058601461636384,0.00017159551896298337,5.068589157596849e-05,-0.0002501176818060785,-0.003847820267132952,0.0004052452812994854,-1.337338770357515e-05,-0.00017035294311258453,0.0,0.0,-0.00015430830798583153,1.1874516794224107e-05,0.0,0.00017664897790203773,0.0,0.0,0.00010385444250242164,0.005381505630571085,-5.953484884347073e-05,-0.0009689257580726273,-0.009702650822331677,0.0,-0.003191324234676355,7.80544523640181e-06,-1.981016866647922e-06,-0.0005894964610568644,-0.001332539635657926,0.0009289596588463563,0.0012232373601593393,-0.0002510572537964831,-0.00015660922360184498,0.00015183016668337418,-0.0004911169581880594,-0.0003719253006552962,0.00017446154004494092,0.0010372586290699668,0.00800911861093834,0.0006640225136003833,-4.0241348446458424e-05,0.005405305884280112,0.00048162059445222414,-2.451648279179573e-05,-0.0045619421325734585,-0.0001559540202955659,0.0010240224092332348,0.001384374829819683,-1.3964829016649078e-05,0.0018750139291417338,-0.002143737844137295,0.00020223838506086415,0.0002618423605577683,0.0007669675811625322,-0.018238753512416196,0.02472514329136864,-0.016834881070640496,0.0007504686100428948,0.0010875489043174903,0.0004341356146226322,0.0004577502371379185,0.00021692416652006167,0.00022263438173099483,0.0001853802959302242,-0.0005411060464968655,0.0001275356739633992,0.00047254238282919576,-8.511856192335803e-05,-0.00044307077175229943,-0.00025220460586309923,0.007130990615559806,-0.0027175066224442695,-1.0163120147616283e-05,0.0027859672666051567,0.0018236617447800294,0.0009997592606516218,0.0009031779161741068,-0.00102953842979714,0.0008747634125817011,-0.0003044124044291734,-0.0009974293271850477,0.001966982014273893,-0.005458056671623839,0.0011551431587668263,0.001225264027986951,-0.00019685619476530615,-6.3131843002936614e-06,0.010637984331085492,0.0011823640181625444,-0.0009226281140522658,-0.018237087200500154,-0.0014818396400964754,-0.006842021363917226,-0.0019371857931742389,0.0005912190272138519,-0.0003506966895454595,-0.0031261631187703026,-0.0035542398036271265,-0.00025320616523182704,2.5002052827675108e-05,0.0,-0.0010891369266490113,-0.018376016041472275,0.00017091464577260486,0.0036899071605720245,-0.0009264574188692287,-0.0005048951885106058,-0.02128069425835824,-0.00022199117475548417,0.00021818688741708184,0.0010835274138095447,-0.00018868241344729587,0.0002942527960204444,0.0002010530398430851,-0.005942675969432772,0.0010495691750664492,0.003019170823080456,0.0030369142639922755,7.358117240819391e-07,-0.00485127838937011,0.00016541947407570204,1.7006341952197233e-05,0.00021287261754288086,0.0006015065578082901,-6.728212415285183e-05,1.5930912093506606e-05
0.0009810840730137519,-0.0014315731925881679,-4.8861761564632366e-05,-0.0010777521559044729,0.0002621188047871261,-0.005839342705172033,0.0,0.00013056541725700463,0.0013525246173213023,-0.001213722315695475,8.615596979806251e-05,0.00011807079988202044,0.0,0.00013313875084725905,-0.0001415549394086842,-0.0072388142034593385,-0.0007386089767584983,3.855579675070499e-05,0.0015001813147208273,7.824698764783322e-06,-0.00010587948233265078,-0.0002811432206708415,-0.0009567882226340897,-0.00036333770040969973,-0.0010709804521117053,4.902250049927317e-07,-0.0010632873229336464,-0.001489696881682735,-0.00044991122138341333,0.0,1.175714506556694e-05,-0.0008103188690768051,-0.003080764875611103,-0.00015388544752804976,-0.0003684557382403373,0.0006963911603035106,-0.00012383897247462907,-0.004500217590825763,-0.006017177897026796,0.0012664534694110821,-0.00232610854811133,0.0001598946251875652,0.0004190043528304189,0.004146771291635181,-8.250490457229021e-05,-2.961881848288703e-05,-0.0006380788242369119,-0.00023533455449370035,-0.0015324605020149587,0.0006062753365200909,0.0001580248439667337,0.0027289964219163825,-0.0024468189808499706,0.0003960666213037218,0.0014087061719869525,-0.004100547238129539,-0.00016777019038617045,0.0019877150806598175,-0.0017181711140281438,0.0,1.556861582637072e-05,0.0002858040942147799,0.0,0.0,0.001447171261868823,-0.006468823800566632,5.53751599596017e-05,0.0011767843088799311,9.632586029507647e-05,8.353048561256017e-05,2.2914846117313157e-05,-0.0028195077158122838,-0.0014454402203389765,-0.0013529284975961598,-5.622163229144175e-06,-6.599418740285908e-05,0.0,0.0,0.0002279903706241764,3.95349763725188e-05,0.0,9.238709482248474e-05,0.0,0.0,5.774369972668331e-05,0.003599103070628382,0.00014733446881853312,-8.226248176908827e-06,-0.0047193220783501785,0.0,0.0012641910774072679,1.5341847487213874e-05,3.9858926131791384e-05,0.0003530313443393139,-0.0013277129194473236,0.0009482881794942628,0.0006496689930371879,-0.0002817412058906963,-6.322838946301282e-05,0.0005114338168684694,-0.00030855533472304227,-0.0003496512421578827,3.937427921260994e-05,0.0006222070436504714,-0.019448118970849554,-0.002348929226509186,0.0002642918055332111,-0.00013451607950061477,0.0006472874789857695,-2.2563176464589496e-05,-0.0024786381781240364,-0.0003188978324764409,8.81045959679794e-05,0.0006160733159940385,5.285436966302615e-06,0.0011565896756663367,0.0015750703586631708,5.596523058423649e-05,0.00023784694795928746,-0.0028689581882322427,-0.016991055828988494,0.013817149173435824,-0.006416106497400078,0.0004086137650515728,0.0004019765270912774,0.00032143575023550053,-2.5404208513397828e-05,-0.00035806610136595365,0.0004938818223563967,7.620914046832949e-05,0.0013566549957408217,-0.00015483033643594747,-0.0003403562764980162,2.8499972490276917e-07,-0.0005542518101037313,0.0003752404831327938,0.0038998000244882345,-0.0027428077751072717,3.600078044002067e-05,-0.0063866475671551385,0.00022827487801247101,0.0003643035514304577,0.0005895101777023303,-0.00011972949403414411,-0.002962498058798117,-5.530875064016235e-05,-0.00032461178565569397,-0.0035961920336428518,-0.005499848539134886,0.0013800137259439944,0.00040545771737989,-0.0003859275672517742,-1.3626947555894176e-05,-0.011444082701813327,-0.0006847647075398158,-0.0005069403524788351,-0.03804772958250695,-0.0007906205359979849,-0.00709217812404046,-0.001040912379127798,0.000190943883039799,-0.00019418499279920295,0.0009589399104806891,-0.001387054593642036,-0.0007321142266966392,3.498034064643363e-05,-8.128503498523249e-06,-0.0004930901212281344,-0.013646211609664569,-0.0005062842217088892,-0.021414246503041787,0.0003066686574293808,-0.0004853203831143443,-0.014369981096626096,-7.179618629451832e-05,0.00013123919261513164,0.000451763776934501,-0.00012459001043898529,5.33779662146371e-05,5.334669275571004e-05,-9.77984377880187e-05,0.0005846422855941153,0.001688723453373067,0.0018194087531898482,1.545487337608704e-06,0.00033939265918041505,9.93667158448521e-05,2.019440824847814e-05,-0.001752368201601901,0.0012416075106872508,-0.0007316516076496288,2.8019534162249593e-05
0.14348136545348159,-0.0019403455771074025,-0.00016587722618930365,-0.0008221226220589143,0.001190226538910133,-0.015595547472148743,0.0,0.00032913373544343836,0.003217454803101194,-0.002454157474250143,0.00022740867691120777,0.00018900997495595589,0.0,0.000322234425723207,-0.0005220893658055111,0.0007296601747713548,0.004998027513080904,-9.191750602867524e-06,-0.03524693767187055,0.00018896284295850458,0.0,9.101221657006489e-05,8.998127756727815e-05,-0.00043533487894682266,-0.0017360718350580941,5.784872103571788e-06,-0.010016624260610894,0.004556196062300829,0.0012464756578810696,0.0,2.1292278526448506e-05,-0.001031740035397648,-0.0014927669448317263,0.0003086573746824003,-0.0010002674379289193,0.001737596841547488,-0.0004998304756894558,-0.01143837864150258,-0.002646626662341857,0.004050441422874072,-0.002567279163355951,-0.0031322586688962784,0.0007132070374248663,0.00987939458086094,0.0011809739475499433,-0.0009749808801262905,0.0009561074753741443,-0.001582692337751632,-0.0023713064025661728,0.0056777412804013706,2.1027693293703615e-05,0.007224915982514131,-0.0024286892926421192,0.003198482969359048,-0.0018068108594527913,-0.017360300847683707,0.001033584514611843,0.010133485637165348,0.005871127294105441,0.0,-0.0007467471819555056,0.0060140489407855624,0.0,0.0,-0.000938017927307961,-0.018358147333846494,0.0003441797606871986,0.002279846993293077,-0.0005865404490758009,0.00039874065172709793,7.045029254152566e-05,0.006640034377616827,-0.001174509797966617,0.000363951724843696,-1.9450657455403692e-05,-0.00017150589338701974,0.0,0.0,0.0010872198487903602,3.9809173568605734e-05,0.0,0.0007075660416063946,0.0,0.0,0.00017898945831640672,0.008206213482894409,0.0001628096419323005,0.00018519161771633958,-0.014681057846397021,0.0,-0.005735822623506917,8.619385387213671e-05,8.013221418527387e-05,0.0005925544949175083,-0.0009675757663407633,0.0019858396252617613,0.001967215874675175,-0.0034129315762209873,-0.00011200410243248148,0.0002538349857085628,-0.0016523754053978002,-0.00031908613737627426,0.00022660305935944368,0.0014709963892908578,-0.007397154314514046,-0.004244958717791825,0.0010674702264229872,0.006945412789866433,0.0023276638435663984,-2.628696181669855e-05,-0.007353709335798649,-0.0004985021783126287,-0.012464135504091258,0.0012671676319770053,1.888731061087536e-05,0.0038710512544898063,-0.011136511399605944,0.00027356216796437324,0.00036515244557159014,-0.002410831077658451,-0.003075689566782616,0.0341874503155401,-0.04407044592567094,0.001703304096600826,-0.004032662312871422,0.0009453812549465659,2.1097732671913494e-05,-0.0008652264600806905,0.0012013047680775788,0.00014152382273465493,-0.000931148510071418,0.004503051227073377,-0.0002659350664288098,0.0006438562233583717,-0.0006471008246680454,0.006117062264740683,-0.0022924275056331166,-0.0029909750458992574,4.4354635667499306e-05,-0.011887737876460603,0.002783363472453113,0.001058208402631787,0.0006695259015389765,8.852542244078728e-05,-0.0021660860063161345,0.010565637307484787,-0.0035273311246714085,-0.0025683146981522933,0.010520476610736676,-0.001783749606041829,-0.0010398764157728744,-0.005514301820652002,-4.373289291393914e-05,0.003681214682521533,-0.00240922383355379,-0.00043876499845814566,-0.029489790938145046,-0.001056401320814238,0.006399628326299733,-0.0012324680827881782,-0.00014812255337696132,-0.00030743319408916355,-0.0012949247423419937,0.0034196133620832884,0.000453677248662206,-0.0004980281123622187,-9.250550073126987e-05,-0.0014224678542393524,-0.023031509383311947,0.0004897926309739248,-0.06973794318437464,-0.0017989483916011056,0.0006416089252513715,0.00444533530018788,-3.807963042399118e-05,0.0002467328094629487,0.0010665979664718093,-0.00021447922894054974,0.0006956027984991121,0.000349236688230747,0.0030540765678476523,0.024141377353700727,0.016780304063724764,0.0033386942026647857,1.456318581060938e-06,0.001127349100429862,0.0002672663288391716,0.00011169685222680071,-0.00020016991834584733,0.0038829428187914534,0.00028526060485491736,0.00014784600799589822
0.11367735361274939,-0.0014158829388061676,-0.0001223281979338316,-0.0007553598086641515,-0.003863051624852593,0.004465115779899927,0.0,-0.001121072812476195,0.004530151075905443,0.00036224364987847926,7.355788405445029e-05,0.0002835661753476134,-1.9107298121656347e-06,0.0006478814777062028,-0.0003063896513551283,0.00016326733839884351,0.0131185777431422,-2.3751965491169935e-07,0.004561868556164178,4.472430999276878e-05,0.0,0.00018069883493566365,0.00014838901482779263,-9.02144577171262e-05,-0.0025569302123475616,-8.751550008609983e-05,0.012825586446040056,0.009184808089607085,0.006051528283498132,0.0,0.0,-0.0011569103942477756,0.05497569923160854,0.0018038499006795394,-0.0011899866702306207,0.0025730639491471567,-0.0005727610572690241,0.007853441455547476,0.00046438669516959144,0.004304565261835244,0.01207063517499114,-0.0031333289772201983,0.0010307087694667843,0.020925922567189684,0.00209606296522369,0.00533200376257149,0.009474925624402265,-0.0013838398041290615,0.002627142518037765,0.007730630366652665,1.3241230302865653e-05,0.018021499306979428,0.0064211632220611435,0.004773584031101104,0.0009306507315828982,-0.020525791643559707,0.01252138727974741,0.02377645470596996,-0.0014533987830166112,0.0,-1.938497742102451e-05,0.0020818285534137627,0.0,0.0,0.009770165017381028,-0.021173063799161264,0.0008582527676166175,0.0007113822381987629,-0.0013031390803404505,0.0004578546264194663,0.00016787588967907745,-0.002111174105586225,-0.005602158145085412,-0.002792704690980972,0.0,-0.00030101963364441886,0.0,0.0,-0.0005311506984099065,2.4651628107648292e-05,0.0,0.0015592739681555385,0.0,0.0,0.0004966697051662711,0.011158396531662037,-0.00048589423605159326,-0.0004277736855216863,-0.01621721981658227,0.0,-0.01133417659445501,8.767869664833656e-05,7.995490027332915e-05,0.0023046636197490557,-0.002878082236030188,-0.006147485496767007,-0.0029515465247331655,-0.0004594726343676231,-7.99292770174863e-05,-0.00018264696245800385,0.00046542682826371056,-0.000463294375209338,0.00017642217441835747,0.0007240381548897323,0.022916453273928362,0.0009161456364545019,8.728072348863653e-05,0.006924304708982961,-0.00021861869426151583,-0.00017807828158454377,0.00010285815688991393,-0.0007203355405306248,0.0009052469770641663,0.0022005013687987486,2.8720792150370794e-05,0.008457515061463975,0.004722278956740625,0.0006979977824384545,0.0005542078178210942,0.0011239425534370067,0.013632046002846215,0.06527231290300273,0.00956513556750751,-0.000507439090892806,-0.0005526360960241053,0.0006064751146854798,0.0031840317806995162,0.00046160608599941124,0.0017298687230514276,0.00026003978987621933,-0.0033126414971189227,-0.002915737405183253,0.0005727305767545784,0.0003169629589657565,0.008083361827866552,0.01148422180643197,-0.001668001308182738,-0.005760493849700248,1.4258293103144025e-05,0.0037755249357844965,-0.0021126024300786284,0.0041406134519642234,0.0011069169683240966,-0.00010682277261107068,0.0011877626397051137,0.0007715766101812566,-0.003953618458858288,0.0013019305993812816,0.01730660452077943,-0.0046667632858348644,0.0005718063273260035,-0.0015465506584879263,-0.00021446662954545712,-0.007807269844322419,0.0005747650517834178,0.00040086746164028476,0.03356387523942758,-0.002298805427644808,0.005124071344012056,-0.0012104526589038548,-0.001418558316362538,-0.0011692723260264607,0.0031581012269383106,0.0007851836964856885,0.0006260107790202078,-0.0003585818113363069,-0.00012494254538918855,-0.0031734627170646214,-0.003451218182280441,0.0004991632005617526,-0.0006336021321545932,-0.02876276744776548,-0.0008279313064928191,0.0200205572730492,0.0010442719556604115,0.0006759601628529735,0.0003176847079206303,0.00013318580518932404,-0.0004709711577891669,0.000358962634332024,0.0007143763988748355,-0.0026115532397334,0.013359891948809927,0.006300042669685021,7.040479256619102e-06,0.0014808411495334367,0.000367007835502378,0.00018673640217482476,0.0008279885998689187,0.008082091486723451,0.004211069423348282,-7.521494431386184e-05
-0.17325557754402074,-0.0020726046832717083,-6.461382210762103e-05,-0.0011348038390296186,-0.0033802289547115627,0.0042080986291803965,0.0,-0.0011281868518751362,0.0038694364737279718,0.001051189380621879,1.3787802720316633e-05,0.0002373753458201459,2.957714534401381e-06,0.00046512929234792717,-0.00044654048443687456,0.00023991084129950185,0.007459161731450693,-4.3338743794062634e-07,-0.0014062085932117143,1.4935599404979853e-05,0.0,0.00017821380814363722,3.9591324933436875e-05,5.6094862202884144e-05,-0.0032078671353814626,-6.483439797413392e-05,0.008150702520872771,0.0006037585665269202,0.010016006506663365,0.0,0.0,-0.0005013018571299389,0.029993459059575824,4.765510681581778e-05,-0.0009483786441036729,0.0022063718019561056,3.965719594183681e-05,0.001995614464403211,0.0002416946836690405,0.002924039205277648,0.014082350462672234,-0.0039448705078674665,0.0009632155818554382,0.015486652297096185,0.001352609524003527,0.007616728294658678,0.003386526746012889,-0.0012372462554441472,-0.004684709040708062,0.00662695972949247,2.1276308655674916e-05,-0.004656068092843521,0.003291388592879289,0.0013002914601417273,-0.0003669227626314797,-0.00722423721844026,0.010701337245821941,0.01062036047898789,-0.0005384381802275025,0.0,0.00012357335933712885,0.0033291600029646752,0.0,0.0,0.00622673377756525,-0.018619222591805627,0.00039451601097271837,0.00474786634617514,-0.000796434875321654,0.00011254916136535915,0.00017394668598737066,-0.001468311117083249,-0.0022490917634386785,-0.0023673412852244394,0.00024962775740599766,-0.00020342698222875847,0.0,0.0,-0.0002945462678398996,2.1486610146653596e-05,0.0,0.0007544658728496812,0.0,0.0,0.00011657132993962488,0.01062479885933633,0.00021810768917555199,8.240663279575195e-05,-0.024429025025832933,0.0,-0.0025240674547735505,0.00011929610810372983,6.909971421826706e-05,0.0015460614397800295,-0.003625982011028898,0.0005317167558536683,0.0007183113964273646,-0.00022097672275214232,-3.9741016439425285e-05,-0.00012689533007751726,-0.0020451631290857057,-0.0001024215704466475,0.0001566615342991176,0.00036090654030945075,0.003917738269813774,-0.0006669202920553665,-0.00022802953912805232,0.013012821607909732,0.0007330857739671596,-0.00012317724130009628,-0.006997514386875442,-0.0009515868886956787,-0.0028628283841991686,0.002715472989459024,2.4739816785373757e-05,0.004052187560561057,0.0008755469321052579,0.00020502448429843864,0.00021680265585911725,0.00749765935421081,0.014977347179099416,0.049511211129916036,0.007861692529966017,0.0033511023563015537,5.750364377973219e-05,0.0005692552970787704,0.00016205554182838623,0.00036470064277722915,0.0019767314609942764,0.00021215726128408232,-0.00026710111864937993,0.00017514553260307105,0.00027054666825510076,-9.26681411653802e-06,-0.0012013715548723043,0.0036654466197793855,0.019983340845239096,-0.005427780240207775,6.001287615551676e-06,-0.004944327498275656,0.003756282623123953,0.00256706035022179,0.002156490546606165,0.00011052225719270073,0.0008506446637709372,0.001584089387960794,-0.0022593611702354886,0.0013816682607868242,0.008708663876146714,0.004534503696254913,0.0027021969663670953,-0.0009491703158816428,-8.762092824410015e-05,-0.006261473132631163,-0.0025052311406263544,0.00013732620728527305,0.018102946218375715,-0.001172979113050712,0.0002053648688410976,-0.0003106237599844422,-0.0005518954390827213,-0.0005943918811012396,0.0010128286953415251,0.011285640055637735,0.0010938598930569125,0.00032058151981002343,-8.748908330637916e-05,-0.0021432264774667036,-0.012583171441094014,0.00010006333955740722,0.01398955883655931,-0.00744381453747018,0.0009516842448751996,0.03110686297411069,0.0002389032344433106,0.0008171703799394489,0.002183149402693588,2.241575961483024e-05,0.0004825471456380541,0.0010868314706801642,0.000868987279876393,-0.007094635424289241,0.003410002650947519,-0.0018927571857230133,3.7643464754728026e-06,0.0011352185729117002,0.0004603162011189502,0.00013588082052210881,0.000346949289155353,0.0024207144240720206,0.0021970474636312286,-0.0002162189737760946
-0.011148763503075762,-0.0024191330820867835,-7.344239797382313e-05,-0.0013109154980988098,0.0009531400864058087,0.002901597141645913,0.0,-0.001603634517512272,0.003718370084710238,-0.0031554175832980667,0.00015306716346218699,0.0001568168857519435,0.0,0.0002758825812490849,-0.0004335924450617509,0.0006782814813899812,0.00477985591053174,-8.612938396163382e-06,0.00145698756432405,1.8078898266939993e-06,-2.4867955950441455e-06,-9.579807933770529e-06,8.774560528426286e-05,-0.00013834121475195715,-0.002391473602890281,3.969501872030364e-06,-0.003385826339162496,0.0025806248766486735,-0.0018111014553454233,0.0,0.0,-0.00022030850735891457,-0.008691138924098778,-0.0005272988165186786,-0.0008524068530795577,0.0013204961331956817,-0.00021518264908902235,-0.03188073778281582,0.00668256428090994,0.00015372068132659392,-0.00491552691672907,-0.003605619727985382,0.0008607157363998693,0.012716563609952089,0.0007112882795983215,0.0027207741196670935,0.0009995721500682376,-0.0011979942666826755,-0.002625788719085347,0.002381459468420021,2.6977233786974252e-05,-0.0054529543869552,0.000984554183068586,0.0024220009946728984,-0.0008168578233921647,-0.00905124014081476,0.006637170939632264,0.007740196891168124,-0.00185334186175686,0.0,-1.651951994871873e-05,0.0004583955353222284,0.0,0.0,0.004345793821156562,-0.014687868536076563,0.00014475756921470412,0.001098104598670431,-0.0010812554870008792,0.00010628086959606266,6.134641192509212e-05,-0.0012116406941909627,-0.004130112831348886,0.0004939429397399595,-1.7737574501137644e-05,-0.00014070123880860757,0.0,0.0,-0.0008897425598496009,1.1940823772917016e-05,0.0,0.00029560859955270235,0.0,0.0,0.00010728623036127106,0.010227650410077893,0.0001547577193673135,-0.0001608741733304563,-0.016572323393485557,0.0,-0.00471826447957113,9.44373475997002e-05,5.720529709276216e-05,0.000982097380099486,-0.003902338736990274,0.0027011146404306696,0.0014053093776464464,-0.0002892784985720532,3.626929888961939e-05,-0.0008703001638629651,-0.001183994735506064,-0.00041487416270782863,0.00018779649533083614,0.00047636216429065723,-0.050599032731017235,-0.01669824515456566,-0.00016655343478620577,0.0039380199981244425,0.0006542353093292928,-8.421687347920552e-05,-0.00635857553080307,-0.0006568563798585701,-0.005934186159509234,4.533647698937224e-05,-4.69734112161278e-05,0.0032557775763496738,0.00038908063992812637,0.00023970204594566538,0.0009446522012778427,-0.0001449172279239492,0.0065506739008313495,0.028914291437417226,0.0015531858549635105,0.002109137669599608,0.0005670046931126419,0.0006231029365277245,8.824773647601435e-05,0.00036994205500447,0.0010160071754242708,0.00019684213592442118,0.0045739021429855135,0.0016660868902672848,-0.00021621205261371956,0.00015102349864654628,-0.001010515937295048,0.0009933667832880202,0.0010752219491625232,-0.004050610225454293,-7.973517195852055e-06,-0.002324673973982662,0.004215186845613374,0.00048615403907516225,0.00114685562469756,-0.0006314911225433856,0.0011019791258709685,0.00013205160207880874,-0.0016601141652076686,-0.0024017593623637816,-0.004018995207548392,0.003948082479742604,0.0025747172418018843,-0.0013083852864916904,-1.795314223688384e-05,-0.011585542529095416,-0.0001169228045446633,0.0005670472156196786,0.01925471395221384,-0.0026536353896706405,0.004805376220407727,-0.0024218542759850505,0.0005963579372548824,-0.0004752538032432912,-9.689257015550276e-05,0.00351764040320767,0.000715059413938889,-0.00023198455006696156,-8.457235547027483e-05,-0.0013214812659786803,-0.020934706691319614,0.00045852716529830973,0.009196300873266349,0.0031740713018605766,0.0014695506456181109,-0.007404067225105509,-0.0005311654087126721,0.00025107425751113194,0.0012590777610704646,-0.0002699682940324809,0.0001306412412546585,0.0005193148344123041,-5.7558203760819266e-05,-0.0024800866727415372,0.0018348235927316322,0.004764064461940904,2.3928735616676383e-06,0.0007531174449506847,0.00017054854741887875,0.0006935536376132248,-0.0001400374758042084,0.003911083092029894,-0.00036513273504527156,0.0009109455948713783
0.1657556382581144,-0.001662121874744767,-0.0002081813457915332,-0.0007838031304380022,0.001660729788310044,-0.01714652601480439,0.0,0.0002452802060658377,0.0029097881775353067,-0.003075250807876998,0.0003337648474207564,0.0002806440030017589,0.0001842762523977375,0.0003534850101593135,-0.0004222040810353741,0.0029257312765590482,0.004930929880958058,1.4131548919836322e-05,0.002736923676969497,0.00018165531726549187,0.0,7.716677253777267e-05,0.0003765360544056265,-0.0021709702135348126,0.04320169983672602,8.118416964780499e-06,-0.019411078860064723,0.007068538436951499,0.0023058492251003494,0.0,0.00013154570288358597,0.0004501855937963467,-0.002652412707581546,0.0005852399091679127,-0.0009372826748566344,0.0020662265169470763,-0.0011295561015825554,-0.014527145348479997,-0.005085565449278742,0.020566765393325515,-0.004839937128638302,0.006399834646337452,0.0008304995985614958,0.01138272125182508,0.001291553550731017,-0.0033189388994958337,0.0029831255700750437,-0.0014048672166302597,-0.0013021499082359277,0.0033733947680003036,-7.609110920169566e-05,0.00786743962272979,-0.0355653895986309,0.004224792882958626,-0.0011629632954475587,-0.017791827997167546,0.0045424281031391876,0.012645550366278721,0.006930387690435712,0.0,-0.0005539785113623009,0.0037722876747230266,0.0,0.0,-0.020705729681710593,-0.020591643526161607,0.0004835231492538083,0.0010689561310808602,-0.00024669407580697625,0.000436134164945836,-0.0009361806527182484,0.008125413631352652,-0.0010990191639839374,-0.0023686791430155784,-2.7393726752506614e-05,-0.00016216784315531318,0.0,0.0,-0.0004612155502191334,5.634099667063645e-05,0.0,0.000531210939963439,0.0,0.0,0.00013851143197215088,0.006302520398533641,0.00036706914226914187,0.0004207050196434735,-0.015598816104273652,0.0,-0.007234736504969225,8.228702848320826e-05,4.57686986481816e-05,0.011432241479595899,-0.00110132949645525,0.0019036575308512718,0.0019071465391239631,-0.002533266713353452,-0.00011072572075584866,0.00030103585782291975,-0.0013759192100274583,-0.0003420098161400445,2.9727180637218032e-05,0.00019361871205142878,-0.004830216941807435,-0.002321104616562306,0.0007659295171358982,0.011170605718151596,0.0018238898480878415,-3.878391316493509e-05,-0.005973043915741518,-0.00029268161051325387,0.0027940783323289796,-0.000486018244318528,-0.0008261354528161246,0.003957653561000101,0.00556090325531213,0.0003149846926710049,0.0002201664046249811,-0.005654843934885123,-0.020453132944051395,0.03991879201540307,-0.0409938435788993,0.0010330902532224293,-0.0025224904164591454,0.0004113786548158245,-4.7465170437593733e-07,-0.0022069924298303103,0.0009753522268053189,0.00013488530048378063,-0.002854405723351146,-0.0012804057703151338,0.00019758676601526088,-6.436104132843632e-05,-0.0007874598791478326,0.004886030206809493,-0.0006788286275427399,-0.001929274522825132,0.00010001437074951012,0.003821637543695367,0.004243369178079345,0.001663592458420675,0.0005965843835041107,-0.00026201740459588904,-0.003942715763237448,0.004858894261908173,-0.0028451693696954885,-0.006331281793121558,-0.00012586545170638398,-0.023135156847978275,0.0008909125650679921,-0.0017406145124558145,-3.235228056052636e-05,-0.012981913101072995,-0.004649322927453123,-0.001518537388144153,-0.0360624940003836,-0.0017192304127604046,-0.004253086153838912,-0.000960113116646176,-0.0005305236503104632,-0.0006562344496527798,-0.00035178574575392315,6.0389661117083456e-05,0.00024678441437244326,0.00033747103484558805,-9.307063539967085e-05,-0.0016381423386225803,-0.019938158973963636,-0.0015349707504993717,-0.03553575826649821,-2.219526752027362e-05,-0.0020614910206219385,-0.009035842087002335,-6.426086899967891e-05,0.0002698315932221879,0.002521061011543017,-0.00012446423081753907,0.0003932012341296733,-8.31415371797559e-05,0.005670304341963175,0.0007114900733895564,0.012070766157426376,0.0035865668452881565,8.940611677345154e-06,0.0011042748449443837,0.00016447296817543818,1.666807625966902e-05,0.0008772956864439421,0.004518544056200741,0.0006791744561673474,0.00015975415287449235
0.021843942232828924,-0.002224433398916225,-6.491193874602818e-05,-0.0012590145758007779,-0.002575597334360689,0.0027105185454557664,0.0,-0.0013685215127229298,0.0027910458778274906,0.0002601948724032572,1.3569018082371819e-05,0.0001595487892125285,5.9352910278734e-07,0.00024662115083009715,-0.000471597259606825,9.898248211582705e-05,-0.004848703314324845,-8.574001115245663e-08,0.00024348574053247466,-7.048134420581973e-07,0.0,-0.0002658348696126982,6.599461415752669e-05,-1.8127815919707477e-05,-0.002583717177429315,-4.267234562940172e-05,-0.0006767556017040052,0.0003017668862774864,0.003362281098610799,0.0,0.0,0.0003423353730638785,0.008499813740899618,0.0006435870345982282,-0.0006233012205535722,0.0014776603855113537,-0.00020965643751782428,0.01381257377457201,0.00025501208653378284,0.0023778660938853146,-0.0015488568823522225,-0.0031369872052999874,0.0006596466607608828,0.012123207322015297,0.0003757499627194579,-0.0011870316316035044,0.0040116199821226065,-0.0006155718578538187,-0.0017874860048651003,0.003842838521981507,3.019548389701194e-05,-0.00976987113275567,0.001192689134307116,-0.0006208330131417261,-0.0010273089736280098,-0.008067436532005163,0.004208437231714168,0.01260113324623646,-0.0007789403398284706,0.0,-0.00030789430505450554,-0.01553313212573044,0.0,0.0,0.003328014788017079,-0.008765000200680604,0.00016402192035280553,-0.0034304931324520447,0.0003167394995998676,5.7949033425153274e-05,5.7021108921072345e-05,-0.002463460277688055,-0.005108589621129683,-0.0012418394537707322,0.0,-0.0001230603014906387,0.0,0.0,-0.00015203750943757973,2.7877099782453653e-05,0.0,0.0002321797200259578,0.0,0.0,9.077273064286405e-05,-0.018411308215131948,-0.000131178055958402,-0.0004361559577605438,-0.007204584432611235,0.0,-0.009066456412166376,1.1369391652959239e-05,3.582971335944619e-05,0.000566986525282722,-0.0038745801751970638,-1.6063300226560825e-05,-0.003068881282907408,-0.00022925059233459366,5.927233121829759e-06,-0.00011879492789106355,-0.000743073397881718,-0.0007205633731329847,7.925011558140613e-05,0.000936219870079953,-0.015914588214610524,-0.0005394815231024997,0.00012772252732644624,0.005575298156881094,-1.1357499044207403e-05,-8.299995605109983e-05,-0.00410290743717523,-0.00030747051200145307,0.0004635931616701533,0.0016553659859730302,6.550312055085605e-05,0.0026564129513459295,-0.00048754792209044004,0.0001383111939440006,0.0007683505919849457,0.004188819743703338,0.007035103433271093,0.02415605259111754,0.002928114170159088,0.000846605351104774,0.00015845676985474732,0.0005185420526379363,-0.0008967195611921307,0.00023855198590092303,0.0011152752015941708,0.00017455821233621952,0.0016108510351700417,0.0006030163464727811,-0.00090418939286062,-6.801272785320434e-05,-0.0005724216106699462,0.002354872615533865,0.003536612356673999,-0.0009665530704178859,-4.009945142895743e-06,-0.006566983092238841,0.000271425204056692,0.0015767891627364243,0.00122266703432158,4.466498399596919e-05,0.0008057920925160695,0.000363562013031043,-0.0009635514081191026,0.0010738935043392674,-0.006834263812901472,-0.011301601657780961,-0.0020980469013722595,-0.0014381591755584895,-3.4669752854348324e-05,-0.006786314719853503,-0.004251812118726168,0.0011683322168855226,0.009123188496417104,-0.001462913454075138,-0.0042738833560663795,-0.001181663196871899,-0.0003162251053226409,-0.00030246290113366696,0.0022208894696630296,-0.004223025188428612,-0.00021098832889527588,3.121294458041426e-05,-1.1712429705017695e-05,-0.0014586810090532058,-0.008737017061181686,0.0007814791621191867,0.006196429357678509,0.000737321407165356,7.61668289550799e-05,-0.045899688620271946,-5.6168618789772956e-05,0.0002846623355072274,0.0014900336372365875,3.023398146152474e-05,-0.0008444463735704139,0.00036175280943116593,0.0006605621684736639,0.000755869036467504,-0.02197308258928441,-0.012451324161377184,9.475992811843954e-07,0.0005630027790439064,0.00011749388408341187,-0.0009073335872070485,-5.5070068144098315e-05,-0.00980297303557769,0.0002164020400019504,7.821360835435439e-05
-0.05748942144731827,-0.002018757194427889,-0.00016717490235851158,-0.0011633238227327857,0.0025997276518210932,-0.00906041054571091,0.0,-0.00029002628644452335,0.003355453701053593,-0.0023971708875257973,0.00011800987680460254,0.00017548639812332983,0.11034087784107995,0.00038528168938260825,0.047866167259823254,-0.01879221096794583,0.0020566423042360955,0.00165576590632101,-0.031724123877838836,-7.692037857200998e-05,2.9384745520563806e-05,-9.89740271647199e-05,6.571144694159264e-05,-0.0020035197831734155,0.007756336615398878,4.2712300976212725e-06,-0.0041827196448569175,0.0048149376534530886,-0.002084264568887849,0.0,-0.06060826822839163,-0.0014155220240873179,-0.006757325173126141,-0.00031392213867496155,0.0028047905391977474,-0.004947257957776178,-0.0003249333320966161,-0.010197781844659755,0.011312985615858471,0.0015731620153842068,-0.014006584300287101,0.0012817760498334979,-0.0017094055737204112,0.009232684920377609,-0.0023217076122552145,-0.0013091992318577167,0.002624641319530282,-0.000985877944646391,-0.0024736132570223114,0.001960362613169552,-0.00012536894695378199,0.01341944692001383,0.0008486958659431857,0.0019959870456482203,0.006277439801319126,-0.006872557033657339,0.0011683454525553284,0.010671092348767236,0.0024399240854660158,0.0,0.0003839991532273452,-0.002803772742893102,0.0,0.0,-0.034146899838489626,-0.012267928596542679,8.277092621325843e-05,0.0004297865651612746,0.00017128247699199774,0.00012767321474608641,0.01304258882295119,0.008790361337378101,0.001975092661196812,-0.0009685087907393886,-1.3839795349063877e-05,-0.00017520024075110655,0.0,-0.0008122486203392869,-0.000917785104574623,1.8603349458113903e-05,0.0,0.0002799686509843016,0.0,0.0019574327088123563,0.00013924900356805526,0.0061885009413194915,0.00042548124385574296,7.30808551095097e-05,-0.00793802012546576,0.0,0.00139788606462826,0.00011466730971951493,4.0217215447684654e-05,0.017669261415423836,-0.001277811453641707,0.0008394132346674603,0.0007559520100991385,-0.0002499626180054885,0.00045951477243104063,0.00018189788899316476,-0.0004016335314125015,-0.0004347189760289366,0.00011678035615530611,0.0005620777767672069,-0.0065633739509063736,0.00023597161796614898,-0.00010604336643149626,0.004916246275072041,0.0016256343997903336,1.282514715919318e-05,-0.003988739511215456,-0.0006784313199611601,0.0009684142289635046,0.00037874196037101,-0.001571012236342672,0.003080985064014304,-0.002439862812258405,0.00015832826726508174,0.0009666826454800889,-0.0009961391319314118,-0.0036863046937681554,0.02673143685734682,-0.01183750183602497,0.0010051085393449157,0.0023278966962833486,0.0007052440867719276,-0.00014397105800360667,-0.002721497295305859,0.0006333517088168417,9.419025926079488e-05,0.0020439693025369075,0.00045779858900267116,-0.00026506208000135053,-2.455373710170924e-05,-0.0005490249923556746,0.0026829543859779774,-0.0015438753757616552,-0.002166692530689801,6.1023504557793714e-05,0.0001319933376857577,0.01227591108224378,0.0007259799965070341,0.00119505050981512,0.00023974601956809459,-0.010104654185293362,0.0011101961590693375,-0.0012917284444947572,-0.0103839065722036,-0.019128054551013848,-0.010790017734468516,-0.00015697058480485505,-0.00020342021182780177,-2.9511854898509022e-05,0.007427866262351685,-0.0016012528138492292,-0.0003297709717408976,-0.020698854199268563,-0.0012019958891774168,-0.0017643831410365234,-0.0014327173509351657,8.174838278468096e-05,-0.0003901818222918551,0.002771638132726293,-0.0044986679255586606,0.0011361166928863405,0.0001418111578063225,-6.754612469050264e-05,-0.0008062750344831391,-0.0220344403037117,0.0003434300122767401,-0.01626809749114749,0.0002023168054422828,-0.005165448896895086,-0.036538532325704136,1.2824858206809537e-05,0.0005300990084179573,0.0013828390910390113,-0.00019463309408591592,9.497789799991688e-05,0.0001207332297094945,0.0005804722864334235,0.0008224944532316909,0.0036763097352327102,0.0026909545245179427,1.8214607546980195e-06,0.000617480798502959,0.00021712158348680406,-0.00011273397382552842,1.935114740810743e-05,0.0017721752683046113,-0.0037941361876795508,-0.001133873624189112
-0.10007466006142218,-0.001956508489365457,-8.82760227770682e-05,-0.0011457722554509824,-0.0023624266797874906,0.0047352996333788686,0.0,-0.0011339654625997823,0.001989240731349925,0.0011114892670199207,-2.357750475813645e-05,0.00016297148157263917,-8.514746546448741e-06,0.0003697801380883033,-0.0005018765300060452,0.0001232679141793645,-0.0034081211054877063,-4.822296492051969e-06,0.00021831071957140205,8.695098216575175e-07,0.0,0.00013785287759608965,6.136078099241715e-05,-6.195192073624811e-06,-0.0013660675574323428,-5.5433670178380824e-05,0.003033109023697851,-0.008161456020594825,-0.003036496628433463,0.0,0.0,-0.0005087010265981282,0.009767692624670591,-0.003933946214004173,-0.0007686473767747074,0.0013789483381990702,2.0516170206987544e-05,0.008094964449735847,0.0001684942887569351,0.0015360653584705597,0.008006721995412424,-0.002526845018944539,0.0006565174570009447,-0.001977632823161633,0.0018089511360471421,0.0035901840438548717,0.000283903371194891,-0.0005051443830753498,-0.003682966187095694,-0.008685266875554183,1.5669925385083816e-05,0.0010452375764339467,0.002146864258261714,0.003480535352692884,-0.0019300483854224177,-0.0034966148684733643,-0.004847368806568293,-0.01825958425976494,-0.0009357432827667978,0.0,-0.00010426420644100734,-0.006150672295978985,0.0,0.0,0.00393630323599438,-0.006634899195603133,0.00010432893796823811,-0.0009868211641066624,-0.0011090384574989674,4.177567648718148e-05,4.253449118038772e-05,-0.0023105081638730932,-0.003065976304012876,-0.004466117011324818,0.00014934027986673786,-0.00014074093392834114,0.0,0.0,-0.00016619003811419987,1.5388475531902635e-05,0.0,0.00029280494288687965,0.0,0.0,4.85684495295011e-05,-0.012634091013106223,-0.0003254788658036927,0.0001590316117510372,-0.003236368424440777,0.0,-0.0012478419687613996,-2.3079829493274263e-05,8.570553992731313e-05,0.0006306944869994091,-0.002338927270881262,-0.0007577202145040715,-0.0023478216155447817,9.064225499458289e-06,-2.347491050197901e-05,-8.311057302707864e-05,-0.0008443723340013632,-0.00024912846841797925,0.00012033480627630443,0.0005738055271948908,0.026662529371372236,0.007649909168374968,9.290701116732985e-05,-0.01983806958703448,0.0002640455057102696,-8.514981514591817e-05,-0.004428857346136994,-0.00025984632446647083,-0.005296852258534069,0.001510465377476583,2.746435140168876e-05,-0.006350216760771361,0.0005432780390894452,0.00016069440900625274,0.00013368465670452893,0.007379002477236345,0.011389204910691302,-0.0075506762262336664,0.005133145721039345,0.002468166458685704,0.0005121093440590055,6.392501405437482e-05,-0.0002829940408744088,0.00031254206167052894,0.0009802444548204293,0.00026883908537773526,-0.00193474023663611,2.6700575346483013e-05,0.0014448270425526921,0.00014301943182822688,-0.0005129761784581522,0.005316657725180383,0.030280372188285925,-0.002752440752199942,-6.052354068402435e-06,-0.003554139800451286,0.004969174087829264,0.00122831762360729,0.001437486705474861,0.00034780470251269386,0.00046913493596284446,-0.0008705828925797101,-0.0017681145172822512,0.0013575288469803775,0.004906163463202901,0.007402476248247319,0.0012186690636967297,-0.0006060948014926477,-3.6018173848956586e-05,-0.010777699096459252,-0.0016372617259331052,9.477331001588615e-05,0.00589968041138215,0.00041346276932111806,-0.004911780836259044,-1.5893151291416608e-05,0.0002919173415027253,-0.00024783478992947985,0.0029426870898087705,0.007957372932843914,0.0012892260698338753,-0.00017193869814635098,-7.180778631070861e-05,-0.0008654213996487244,-0.002019790580648772,0.000522182965913868,0.007884656963815772,-0.002096339172450005,0.0014319602510477478,0.02192911244445882,0.000644777561527473,0.0004336826321142955,0.0021304146930794113,-0.00017662719030383733,-7.403391473087468e-05,0.00033283450998843425,0.0006016808882551661,-0.00712175655577384,-0.012856655199474345,-0.004155585675394755,-3.788337702734099e-05,0.0003535550564748165,0.00023882845798045725,0.00018670696937957734,0.00017254041284989443,-0.005926375400752523,0.0008194290479934847,-0.00017187762834471726
